dataset,forget_class,n_forget,n_full,repeat,ssd_forget_s,ssd_full_s,ssd_modify_s,ssd_cold_s,ssd_amortised_s,unact_config,unact_s,speedup_vs_cold,speedup_vs_amortised,eval_device,git_commit
cifar10,3,5000,50000,0,6.173,26.631,0.046,32.850,6.219,p90.0_g0.03_k5,5.657,5.81,1.10,NVIDIA L4,136ed1b
cifar10,3,5000,50000,1,2.513,27.566,0.014,30.093,2.527,p90.0_g0.03_k5,3.442,8.74,0.73,NVIDIA L4,136ed1b
cifar10,3,5000,50000,2,2.904,28.020,0.014,30.937,2.918,p90.0_g0.03_k5,3.508,8.82,0.83,NVIDIA L4,136ed1b
cifar100,3,500,50000,0,4.579,23.112,0.058,27.749,4.637,p99.0_g0.03_k5,2.719,10.20,1.71,NVIDIA L4,136ed1b
cifar100,3,500,50000,1,0.207,22.315,0.015,22.537,0.222,p99.0_g0.03_k5,0.518,43.54,0.43,NVIDIA L4,136ed1b
cifar100,3,500,50000,2,0.193,22.944,0.015,23.153,0.209,p99.0_g0.03_k5,0.507,45.71,0.41,NVIDIA L4,136ed1b
cifar20,3,2500,50000,0,5.300,26.443,0.045,31.788,5.345,p95.0_g0.1_k5,3.671,8.66,1.46,NVIDIA L4,136ed1b
cifar20,3,2500,50000,1,1.422,28.018,0.014,29.453,1.435,p95.0_g0.1_k5,2.031,14.50,0.71,NVIDIA L4,136ed1b
cifar20,3,2500,50000,2,1.177,27.700,0.014,28.891,1.190,p95.0_g0.1_k5,1.926,15.00,0.62,NVIDIA L4,136ed1b
