dataset,arch,forget_class,alpha,lambda,batch_size,seed,base_retain,base_forget,post_retain,post_forget,gold_retain,gold_forget,gap_retain,gap_forget,score,params_damped_pct,importance_time_s,modify_time_s,method_time_s,eval_device,git_commit
cifar100,resnet18,2,10.0,0.1,256,42,77.4545,67.0000,68.1717,0.0000,77.7879,0.0000,-9.6162,+0.0000,9.6162,3.2463,26.819,0.013,26.831,NVIDIA L4,6e3d1db
cifar100,resnet18,2,10.0,0.1,512,42,77.4545,67.0000,52.9091,0.0000,77.7879,0.0000,-24.8788,+0.0000,24.8788,4.4835,30.354,0.013,30.367,NVIDIA L4,6e3d1db
cifar100,resnet18,2,10.0,0.1,64,42,77.4545,67.0000,75.3030,0.0000,77.7879,0.0000,-2.4848,+0.0000,2.4848,1.7512,22.463,0.016,22.479,NVIDIA L4,6e3d1db
cifar100,resnet18,2,10.0,0.5,256,42,77.4545,67.0000,68.4646,0.0000,77.7879,0.0000,-9.3232,+0.0000,9.3232,3.2463,26.819,0.012,26.831,NVIDIA L4,6e3d1db
cifar100,resnet18,2,10.0,0.5,512,42,77.4545,67.0000,54.4242,0.0000,77.7879,0.0000,-23.3636,+0.0000,23.3636,4.4835,30.354,0.013,30.367,NVIDIA L4,6e3d1db
cifar100,resnet18,2,10.0,0.5,64,42,77.4545,67.0000,75.3333,0.0000,77.7879,0.0000,-2.4545,+0.0000,2.4545,1.7512,22.463,0.016,22.479,NVIDIA L4,6e3d1db
cifar100,resnet18,2,10.0,1.0,256,42,77.4545,67.0000,68.9596,0.0000,77.7879,0.0000,-8.8283,+0.0000,8.8283,3.2463,26.819,0.013,26.831,NVIDIA L4,6e3d1db
cifar100,resnet18,2,10.0,1.0,512,42,77.4545,67.0000,56.0404,0.0000,77.7879,0.0000,-21.7475,+0.0000,21.7475,4.4835,30.354,0.013,30.367,NVIDIA L4,6e3d1db
cifar100,resnet18,2,10.0,1.0,64,42,77.4545,67.0000,75.4040,0.0000,77.7879,0.0000,-2.3838,+0.0000,2.3838,1.7512,22.463,0.012,22.475,NVIDIA L4,6e3d1db
cifar100,resnet18,2,12.0,0.1,256,42,77.4545,67.0000,72.8081,0.0000,77.7879,0.0000,-4.9798,+0.0000,4.9798,2.1638,26.819,0.012,26.831,NVIDIA L4,6e3d1db
cifar100,resnet18,2,12.0,0.1,512,42,77.4545,67.0000,64.4343,0.0000,77.7879,0.0000,-13.3535,+0.0000,13.3535,3.0545,30.354,0.013,30.367,NVIDIA L4,6e3d1db
cifar100,resnet18,2,12.0,0.1,64,42,77.4545,67.0000,76.4343,0.0000,77.7879,0.0000,-1.3535,+0.0000,1.3535,1.2075,22.463,0.016,22.479,NVIDIA L4,6e3d1db
cifar100,resnet18,2,12.0,0.5,256,42,77.4545,67.0000,72.9394,0.0000,77.7879,0.0000,-4.8485,+0.0000,4.8485,2.1638,26.819,0.012,26.831,NVIDIA L4,6e3d1db
cifar100,resnet18,2,12.0,0.5,512,42,77.4545,67.0000,64.8990,0.0000,77.7879,0.0000,-12.8889,+0.0000,12.8889,3.0545,30.354,0.013,30.367,NVIDIA L4,6e3d1db
cifar100,resnet18,2,12.0,0.5,64,42,77.4545,67.0000,76.4343,0.0000,77.7879,0.0000,-1.3535,+0.0000,1.3535,1.2075,22.463,0.016,22.479,NVIDIA L4,6e3d1db
cifar100,resnet18,2,12.0,1.0,256,42,77.4545,67.0000,73.0808,0.0000,77.7879,0.0000,-4.7071,+0.0000,4.7071,2.1638,26.819,0.012,26.831,NVIDIA L4,6e3d1db
cifar100,resnet18,2,12.0,1.0,512,42,77.4545,67.0000,65.5455,0.0000,77.7879,0.0000,-12.2424,+0.0000,12.2424,3.0545,30.354,0.013,30.367,NVIDIA L4,6e3d1db
cifar100,resnet18,2,12.0,1.0,64,42,77.4545,67.0000,76.4848,0.0000,77.7879,0.0000,-1.3030,+0.0000,1.3030,1.2075,22.463,0.012,22.475,NVIDIA L4,6e3d1db
cifar100,resnet18,2,15.0,0.1,256,42,77.4545,67.0000,75.3434,0.0000,77.7879,0.0000,-2.4444,+0.0000,2.4444,1.2801,26.819,0.012,26.831,NVIDIA L4,6e3d1db
cifar100,resnet18,2,15.0,0.1,512,42,77.4545,67.0000,73.4646,0.0000,77.7879,0.0000,-4.3232,+0.0000,4.3232,1.8176,30.354,0.016,30.370,NVIDIA L4,6e3d1db
cifar100,resnet18,2,15.0,0.1,64,42,77.4545,67.0000,77.2323,0.0000,77.7879,0.0000,-0.5556,+0.0000,0.5556,0.7493,22.463,0.012,22.475,NVIDIA L4,6e3d1db
cifar100,resnet18,2,15.0,0.5,256,42,77.4545,67.0000,75.3737,0.0000,77.7879,0.0000,-2.4141,+0.0000,2.4141,1.2801,26.819,0.012,26.831,NVIDIA L4,6e3d1db
cifar100,resnet18,2,15.0,0.5,512,42,77.4545,67.0000,73.4444,0.0000,77.7879,0.0000,-4.3434,+0.0000,4.3434,1.8176,30.354,0.012,30.366,NVIDIA L4,6e3d1db
cifar100,resnet18,2,15.0,0.5,64,42,77.4545,67.0000,77.2424,0.0000,77.7879,0.0000,-0.5455,+0.0000,0.5455,0.7493,22.463,0.012,22.475,NVIDIA L4,6e3d1db
cifar100,resnet18,2,15.0,1.0,256,42,77.4545,67.0000,75.4141,0.0000,77.7879,0.0000,-2.3737,+0.0000,2.3737,1.2801,26.819,0.012,26.831,NVIDIA L4,6e3d1db
cifar100,resnet18,2,15.0,1.0,512,42,77.4545,67.0000,73.6162,0.0000,77.7879,0.0000,-4.1717,+0.0000,4.1717,1.8176,30.354,0.013,30.366,NVIDIA L4,6e3d1db
cifar100,resnet18,2,15.0,1.0,64,42,77.4545,67.0000,77.2525,0.0000,77.7879,0.0000,-0.5354,+0.0000,0.5354,0.7493,22.463,0.012,22.475,NVIDIA L4,6e3d1db
cifar100,resnet18,2,2.0,0.1,256,42,77.4545,67.0000,1.0101,0.0000,77.7879,0.0000,-76.7778,+0.0000,76.7778,35.6866,26.819,0.018,26.836,NVIDIA L4,6e3d1db
cifar100,resnet18,2,2.0,0.1,512,42,77.4545,67.0000,1.0101,0.0000,77.7879,0.0000,-76.7778,+0.0000,76.7778,37.8962,30.354,0.015,30.369,NVIDIA L4,6e3d1db
cifar100,resnet18,2,2.0,0.1,64,42,77.4545,67.0000,1.0202,0.0000,77.7879,0.0000,-76.7677,+0.0000,76.7677,28.2748,22.463,0.057,22.520,NVIDIA L4,6e3d1db
cifar100,resnet18,2,2.0,0.5,256,42,77.4545,67.0000,0.9192,0.0000,77.7879,0.0000,-76.8687,+0.0000,76.8687,35.6866,26.819,0.017,26.836,NVIDIA L4,6e3d1db
cifar100,resnet18,2,2.0,0.5,512,42,77.4545,67.0000,1.0101,0.0000,77.7879,0.0000,-76.7778,+0.0000,76.7778,37.8962,30.354,0.014,30.368,NVIDIA L4,6e3d1db
cifar100,resnet18,2,2.0,0.5,64,42,77.4545,67.0000,1.5354,0.0000,77.7879,0.0000,-76.2525,+0.0000,76.2525,28.2748,22.463,0.013,22.476,NVIDIA L4,6e3d1db
cifar100,resnet18,2,2.0,1.0,256,42,77.4545,67.0000,1.0303,0.0000,77.7879,0.0000,-76.7576,+0.0000,76.7576,35.6866,26.819,0.018,26.836,NVIDIA L4,6e3d1db
cifar100,resnet18,2,2.0,1.0,512,42,77.4545,67.0000,1.0101,0.0000,77.7879,0.0000,-76.7778,+0.0000,76.7778,37.8962,30.354,0.014,30.368,NVIDIA L4,6e3d1db
cifar100,resnet18,2,2.0,1.0,64,42,77.4545,67.0000,1.3838,0.0000,77.7879,0.0000,-76.4040,+0.0000,76.4040,28.2748,22.463,0.013,22.476,NVIDIA L4,6e3d1db
cifar100,resnet18,2,20.0,0.1,256,42,77.4545,67.0000,77.0404,0.0000,77.7879,0.0000,-0.7475,+0.0000,0.7475,0.6098,26.819,0.012,26.830,NVIDIA L4,6e3d1db
cifar100,resnet18,2,20.0,0.1,512,42,77.4545,67.0000,75.8081,0.0000,77.7879,0.0000,-1.9798,+0.0000,1.9798,0.8639,30.354,0.012,30.366,NVIDIA L4,6e3d1db
cifar100,resnet18,2,20.0,0.1,64,42,77.4545,67.0000,77.0606,0.0000,77.7879,0.0000,-0.7273,+0.0000,0.7273,0.3682,22.463,0.011,22.474,NVIDIA L4,6e3d1db
cifar100,resnet18,2,20.0,0.5,256,42,77.4545,67.0000,77.0505,0.0000,77.7879,0.0000,-0.7374,+0.0000,0.7374,0.6098,26.819,0.012,26.830,NVIDIA L4,6e3d1db
cifar100,resnet18,2,20.0,0.5,512,42,77.4545,67.0000,75.8586,0.0000,77.7879,0.0000,-1.9293,+0.0000,1.9293,0.8639,30.354,0.016,30.370,NVIDIA L4,6e3d1db
cifar100,resnet18,2,20.0,0.5,64,42,77.4545,67.0000,77.0505,0.0000,77.7879,0.0000,-0.7374,+0.0000,0.7374,0.3682,22.463,0.011,22.474,NVIDIA L4,6e3d1db
cifar100,resnet18,2,20.0,1.0,256,42,77.4545,67.0000,77.1010,0.0000,77.7879,0.0000,-0.6869,+0.0000,0.6869,0.6098,26.819,0.012,26.831,NVIDIA L4,6e3d1db
cifar100,resnet18,2,20.0,1.0,512,42,77.4545,67.0000,75.8687,0.0000,77.7879,0.0000,-1.9192,+0.0000,1.9192,0.8639,30.354,0.012,30.366,NVIDIA L4,6e3d1db
cifar100,resnet18,2,20.0,1.0,64,42,77.4545,67.0000,77.0707,0.0000,77.7879,0.0000,-0.7172,+0.0000,0.7172,0.3682,22.463,0.012,22.475,NVIDIA L4,6e3d1db
cifar100,resnet18,2,30.0,0.1,256,42,77.4545,67.0000,77.4343,0.0000,77.7879,0.0000,-0.3535,+0.0000,0.3535,0.1547,26.819,0.011,26.830,NVIDIA L4,6e3d1db
cifar100,resnet18,2,30.0,0.1,512,42,77.4545,67.0000,77.2929,0.0000,77.7879,0.0000,-0.4949,+0.0000,0.4949,0.2382,30.354,0.012,30.365,NVIDIA L4,6e3d1db
cifar100,resnet18,2,30.0,0.1,64,42,77.4545,67.0000,77.3939,0.0000,77.7879,0.0000,-0.3939,+0.0000,0.3939,0.0963,22.463,0.011,22.474,NVIDIA L4,6e3d1db
cifar100,resnet18,2,30.0,0.5,256,42,77.4545,67.0000,77.4343,0.0000,77.7879,0.0000,-0.3535,+0.0000,0.3535,0.1547,26.819,0.011,26.830,NVIDIA L4,6e3d1db
cifar100,resnet18,2,30.0,0.5,512,42,77.4545,67.0000,77.3030,0.0000,77.7879,0.0000,-0.4848,+0.0000,0.4848,0.2382,30.354,0.012,30.365,NVIDIA L4,6e3d1db
cifar100,resnet18,2,30.0,0.5,64,42,77.4545,67.0000,77.3939,0.0000,77.7879,0.0000,-0.3939,+0.0000,0.3939,0.0963,22.463,0.011,22.474,NVIDIA L4,6e3d1db
cifar100,resnet18,2,30.0,1.0,256,42,77.4545,67.0000,77.4141,0.0000,77.7879,0.0000,-0.3737,+0.0000,0.3737,0.1547,26.819,0.011,26.830,NVIDIA L4,6e3d1db
cifar100,resnet18,2,30.0,1.0,512,42,77.4545,67.0000,77.2929,0.0000,77.7879,0.0000,-0.4949,+0.0000,0.4949,0.2382,30.354,0.015,30.369,NVIDIA L4,6e3d1db
cifar100,resnet18,2,30.0,1.0,64,42,77.4545,67.0000,77.4040,0.0000,77.7879,0.0000,-0.3838,+0.0000,0.3838,0.0963,22.463,0.011,22.474,NVIDIA L4,6e3d1db
cifar100,resnet18,2,4.0,0.1,256,42,77.4545,67.0000,1.7071,0.0000,77.7879,0.0000,-76.0808,+0.0000,76.0808,16.5139,26.819,0.013,26.831,NVIDIA L4,6e3d1db
cifar100,resnet18,2,4.0,0.1,512,42,77.4545,67.0000,1.0101,0.0000,77.7879,0.0000,-76.7778,+0.0000,76.7778,19.1396,30.354,0.013,30.367,NVIDIA L4,6e3d1db
cifar100,resnet18,2,4.0,0.1,64,42,77.4545,67.0000,18.3232,0.0000,77.7879,0.0000,-59.4646,+0.0000,59.4646,10.2314,22.463,0.013,22.476,NVIDIA L4,6e3d1db
cifar100,resnet18,2,4.0,0.5,256,42,77.4545,67.0000,1.5859,0.0000,77.7879,0.0000,-76.2020,+0.0000,76.2020,16.5139,26.819,0.013,26.832,NVIDIA L4,6e3d1db
cifar100,resnet18,2,4.0,0.5,512,42,77.4545,67.0000,1.0101,0.0000,77.7879,0.0000,-76.7778,+0.0000,76.7778,19.1396,30.354,0.013,30.367,NVIDIA L4,6e3d1db
cifar100,resnet18,2,4.0,0.5,64,42,77.4545,67.0000,23.0808,0.0000,77.7879,0.0000,-54.7071,+0.0000,54.7071,10.2314,22.463,0.013,22.476,NVIDIA L4,6e3d1db
cifar100,resnet18,2,4.0,1.0,256,42,77.4545,67.0000,1.6768,0.0000,77.7879,0.0000,-76.1111,+0.0000,76.1111,16.5139,26.819,0.013,26.832,NVIDIA L4,6e3d1db
cifar100,resnet18,2,4.0,1.0,512,42,77.4545,67.0000,1.0303,0.0000,77.7879,0.0000,-76.7576,+0.0000,76.7576,19.1396,30.354,0.013,30.367,NVIDIA L4,6e3d1db
cifar100,resnet18,2,4.0,1.0,64,42,77.4545,67.0000,29.2727,0.0000,77.7879,0.0000,-48.5152,+0.0000,48.5152,10.2314,22.463,0.013,22.476,NVIDIA L4,6e3d1db
cifar100,resnet18,2,50.0,0.1,256,42,77.4545,67.0000,77.5657,10.0000,77.7879,0.0000,-0.2222,+10.0000,10.2222,0.0045,26.819,0.011,26.830,NVIDIA L4,6e3d1db
cifar100,resnet18,2,50.0,0.1,512,42,77.4545,67.0000,77.5556,1.0000,77.7879,0.0000,-0.2323,+1.0000,1.2323,0.0094,30.354,0.011,30.365,NVIDIA L4,6e3d1db
cifar100,resnet18,2,50.0,0.1,64,42,77.4545,67.0000,77.5657,0.0000,77.7879,0.0000,-0.2222,+0.0000,0.2222,0.0067,22.463,0.011,22.474,NVIDIA L4,6e3d1db
cifar100,resnet18,2,50.0,0.5,256,42,77.4545,67.0000,77.5657,10.0000,77.7879,0.0000,-0.2222,+10.0000,10.2222,0.0045,26.819,0.011,26.830,NVIDIA L4,6e3d1db
cifar100,resnet18,2,50.0,0.5,512,42,77.4545,67.0000,77.5556,4.0000,77.7879,0.0000,-0.2323,+4.0000,4.2323,0.0094,30.354,0.011,30.365,NVIDIA L4,6e3d1db
cifar100,resnet18,2,50.0,0.5,64,42,77.4545,67.0000,77.5657,0.0000,77.7879,0.0000,-0.2222,+0.0000,0.2222,0.0067,22.463,0.011,22.474,NVIDIA L4,6e3d1db
cifar100,resnet18,2,50.0,1.0,256,42,77.4545,67.0000,77.5657,12.0000,77.7879,0.0000,-0.2222,+12.0000,12.2222,0.0045,26.819,0.011,26.829,NVIDIA L4,6e3d1db
cifar100,resnet18,2,50.0,1.0,512,42,77.4545,67.0000,77.5556,4.0000,77.7879,0.0000,-0.2323,+4.0000,4.2323,0.0094,30.354,0.011,30.365,NVIDIA L4,6e3d1db
cifar100,resnet18,2,50.0,1.0,64,42,77.4545,67.0000,77.5657,0.0000,77.7879,0.0000,-0.2222,+0.0000,0.2222,0.0067,22.463,0.011,22.474,NVIDIA L4,6e3d1db
cifar100,resnet18,2,6.0,0.1,256,42,77.4545,67.0000,13.2323,0.0000,77.7879,0.0000,-64.5556,+0.0000,64.5556,8.7573,26.819,0.013,26.832,NVIDIA L4,6e3d1db
cifar100,resnet18,2,6.0,0.1,512,42,77.4545,67.0000,2.0000,0.0000,77.7879,0.0000,-75.7879,+0.0000,75.7879,11.0019,30.354,0.013,30.367,NVIDIA L4,6e3d1db
cifar100,resnet18,2,6.0,0.1,64,42,77.4545,67.0000,64.6162,0.0000,77.7879,0.0000,-13.1717,+0.0000,13.1717,4.7923,22.463,0.012,22.475,NVIDIA L4,6e3d1db
cifar100,resnet18,2,6.0,0.5,256,42,77.4545,67.0000,16.3434,0.0000,77.7879,0.0000,-61.4444,+0.0000,61.4444,8.7573,26.819,0.013,26.831,NVIDIA L4,6e3d1db
cifar100,resnet18,2,6.0,0.5,512,42,77.4545,67.0000,2.3232,0.0000,77.7879,0.0000,-75.4646,+0.0000,75.4646,11.0019,30.354,0.013,30.367,NVIDIA L4,6e3d1db
cifar100,resnet18,2,6.0,0.5,64,42,77.4545,67.0000,65.5657,0.0000,77.7879,0.0000,-12.2222,+0.0000,12.2222,4.7923,22.463,0.016,22.479,NVIDIA L4,6e3d1db
cifar100,resnet18,2,6.0,1.0,256,42,77.4545,67.0000,20.4040,0.0000,77.7879,0.0000,-57.3838,+0.0000,57.3838,8.7573,26.819,0.013,26.832,NVIDIA L4,6e3d1db
cifar100,resnet18,2,6.0,1.0,512,42,77.4545,67.0000,3.1414,0.0000,77.7879,0.0000,-74.6465,+0.0000,74.6465,11.0019,30.354,0.013,30.367,NVIDIA L4,6e3d1db
cifar100,resnet18,2,6.0,1.0,64,42,77.4545,67.0000,66.7475,0.0000,77.7879,0.0000,-11.0404,+0.0000,11.0404,4.7923,22.463,0.013,22.476,NVIDIA L4,6e3d1db
cifar100,resnet18,2,8.0,0.1,256,42,77.4545,67.0000,53.1717,0.0000,77.7879,0.0000,-24.6162,+0.0000,24.6162,5.1321,26.819,0.013,26.831,NVIDIA L4,6e3d1db
cifar100,resnet18,2,8.0,0.1,512,42,77.4545,67.0000,27.2828,0.0000,77.7879,0.0000,-50.5051,+0.0000,50.5051,6.8481,30.354,0.013,30.367,NVIDIA L4,6e3d1db
cifar100,resnet18,2,8.0,0.1,64,42,77.4545,67.0000,73.3636,0.0000,77.7879,0.0000,-4.4242,+0.0000,4.4242,2.7338,22.463,0.012,22.475,NVIDIA L4,6e3d1db
cifar100,resnet18,2,8.0,0.5,256,42,77.4545,67.0000,54.8687,0.0000,77.7879,0.0000,-22.9192,+0.0000,22.9192,5.1321,26.819,0.013,26.831,NVIDIA L4,6e3d1db
cifar100,resnet18,2,8.0,0.5,512,42,77.4545,67.0000,30.1414,0.0000,77.7879,0.0000,-47.6465,+0.0000,47.6465,6.8481,30.354,0.013,30.367,NVIDIA L4,6e3d1db
cifar100,resnet18,2,8.0,0.5,64,42,77.4545,67.0000,73.5859,0.0000,77.7879,0.0000,-4.2020,+0.0000,4.2020,2.7338,22.463,0.016,22.479,NVIDIA L4,6e3d1db
cifar100,resnet18,2,8.0,1.0,256,42,77.4545,67.0000,56.7374,0.0000,77.7879,0.0000,-21.0505,+0.0000,21.0505,5.1321,26.819,0.013,26.831,NVIDIA L4,6e3d1db
cifar100,resnet18,2,8.0,1.0,512,42,77.4545,67.0000,33.9091,0.0000,77.7879,0.0000,-43.8788,+0.0000,43.8788,6.8481,30.354,0.013,30.367,NVIDIA L4,6e3d1db
cifar100,resnet18,2,8.0,1.0,64,42,77.4545,67.0000,73.9394,0.0000,77.7879,0.0000,-3.8485,+0.0000,3.8485,2.7338,22.463,0.016,22.479,NVIDIA L4,6e3d1db
cifar100,resnet18,40,10.0,0.1,256,42,77.3737,75.0000,73.2828,0.0000,77.3737,0.0000,-4.0909,+0.0000,4.0909,1.9732,28.313,0.012,28.325,NVIDIA L4,6e3d1db
cifar100,resnet18,40,10.0,0.1,512,42,77.3737,75.0000,66.2020,0.0000,77.3737,0.0000,-11.1717,+0.0000,11.1717,2.6477,28.538,0.012,28.551,NVIDIA L4,6e3d1db
cifar100,resnet18,40,10.0,0.1,64,42,77.3737,75.0000,76.6566,0.0000,77.3737,0.0000,-0.7172,+0.0000,0.7172,1.1654,25.609,0.012,25.621,NVIDIA L4,6e3d1db
cifar100,resnet18,40,10.0,0.5,256,42,77.3737,75.0000,73.3636,0.0000,77.3737,0.0000,-4.0101,+0.0000,4.0101,1.9732,28.313,0.016,28.329,NVIDIA L4,6e3d1db
cifar100,resnet18,40,10.0,0.5,512,42,77.3737,75.0000,66.5354,0.0000,77.3737,0.0000,-10.8384,+0.0000,10.8384,2.6477,28.538,0.013,28.551,NVIDIA L4,6e3d1db
cifar100,resnet18,40,10.0,0.5,64,42,77.3737,75.0000,76.7273,0.0000,77.3737,0.0000,-0.6465,+0.0000,0.6465,1.1654,25.609,0.012,25.621,NVIDIA L4,6e3d1db
cifar100,resnet18,40,10.0,1.0,256,42,77.3737,75.0000,73.4848,0.0000,77.3737,0.0000,-3.8889,+0.0000,3.8889,1.9732,28.313,0.012,28.325,NVIDIA L4,6e3d1db
cifar100,resnet18,40,10.0,1.0,512,42,77.3737,75.0000,67.0707,0.0000,77.3737,0.0000,-10.3030,+0.0000,10.3030,2.6477,28.538,0.016,28.554,NVIDIA L4,6e3d1db
cifar100,resnet18,40,10.0,1.0,64,42,77.3737,75.0000,76.7677,0.0000,77.3737,0.0000,-0.6061,+0.0000,0.6061,1.1654,25.609,0.012,25.621,NVIDIA L4,6e3d1db
cifar100,resnet18,40,12.0,0.1,256,42,77.3737,75.0000,75.1414,0.0000,77.3737,0.0000,-2.2323,+0.0000,2.2323,1.3281,28.313,0.012,28.325,NVIDIA L4,6e3d1db
cifar100,resnet18,40,12.0,0.1,512,42,77.3737,75.0000,73.3232,0.0000,77.3737,0.0000,-4.0505,+0.0000,4.0505,1.7927,28.538,0.016,28.554,NVIDIA L4,6e3d1db
cifar100,resnet18,40,12.0,0.1,64,42,77.3737,75.0000,76.9596,0.0000,77.3737,0.0000,-0.4141,+0.0000,0.4141,0.8054,25.609,0.011,25.620,NVIDIA L4,6e3d1db
cifar100,resnet18,40,12.0,0.5,256,42,77.3737,75.0000,75.2222,0.0000,77.3737,0.0000,-2.1515,+0.0000,2.1515,1.3281,28.313,0.012,28.325,NVIDIA L4,6e3d1db
cifar100,resnet18,40,12.0,0.5,512,42,77.3737,75.0000,73.4444,0.0000,77.3737,0.0000,-3.9293,+0.0000,3.9293,1.7927,28.538,0.016,28.554,NVIDIA L4,6e3d1db
cifar100,resnet18,40,12.0,0.5,64,42,77.3737,75.0000,77.0505,0.0000,77.3737,0.0000,-0.3232,+0.0000,0.3232,0.8054,25.609,0.012,25.621,NVIDIA L4,6e3d1db
cifar100,resnet18,40,12.0,1.0,256,42,77.3737,75.0000,75.3838,0.0000,77.3737,0.0000,-1.9899,+0.0000,1.9899,1.3281,28.313,0.012,28.325,NVIDIA L4,6e3d1db
cifar100,resnet18,40,12.0,1.0,512,42,77.3737,75.0000,73.6465,0.0000,77.3737,0.0000,-3.7273,+0.0000,3.7273,1.7927,28.538,0.016,28.554,NVIDIA L4,6e3d1db
cifar100,resnet18,40,12.0,1.0,64,42,77.3737,75.0000,77.0404,0.0000,77.3737,0.0000,-0.3333,+0.0000,0.3333,0.8054,25.609,0.012,25.621,NVIDIA L4,6e3d1db
cifar100,resnet18,40,15.0,0.1,256,42,77.3737,75.0000,77.1010,0.0000,77.3737,0.0000,-0.2727,+0.0000,0.2727,0.7912,28.313,0.012,28.325,NVIDIA L4,6e3d1db
cifar100,resnet18,40,15.0,0.1,512,42,77.3737,75.0000,75.4848,0.0000,77.3737,0.0000,-1.8889,+0.0000,1.8889,1.0626,28.538,0.012,28.550,NVIDIA L4,6e3d1db
cifar100,resnet18,40,15.0,0.1,64,42,77.3737,75.0000,77.4141,0.0000,77.3737,0.0000,+0.0404,+0.0000,0.0404,0.4878,25.609,0.011,25.621,NVIDIA L4,6e3d1db
cifar100,resnet18,40,15.0,0.5,256,42,77.3737,75.0000,77.0707,0.0000,77.3737,0.0000,-0.3030,+0.0000,0.3030,0.7912,28.313,0.012,28.324,NVIDIA L4,6e3d1db
cifar100,resnet18,40,15.0,0.5,512,42,77.3737,75.0000,75.4949,0.0000,77.3737,0.0000,-1.8788,+0.0000,1.8788,1.0626,28.538,0.012,28.550,NVIDIA L4,6e3d1db
cifar100,resnet18,40,15.0,0.5,64,42,77.3737,75.0000,77.4242,0.0000,77.3737,0.0000,+0.0505,+0.0000,0.0505,0.4878,25.609,0.011,25.621,NVIDIA L4,6e3d1db
cifar100,resnet18,40,15.0,1.0,256,42,77.3737,75.0000,77.0909,0.0000,77.3737,0.0000,-0.2828,+0.0000,0.2828,0.7912,28.313,0.012,28.325,NVIDIA L4,6e3d1db
cifar100,resnet18,40,15.0,1.0,512,42,77.3737,75.0000,75.5354,0.0000,77.3737,0.0000,-1.8384,+0.0000,1.8384,1.0626,28.538,0.012,28.551,NVIDIA L4,6e3d1db
cifar100,resnet18,40,15.0,1.0,64,42,77.3737,75.0000,77.3939,0.0000,77.3737,0.0000,+0.0202,+0.0000,0.0202,0.4878,25.609,0.015,25.624,NVIDIA L4,6e3d1db
cifar100,resnet18,40,2.0,0.1,256,42,77.3737,75.0000,1.0202,0.0000,77.3737,0.0000,-76.3535,+0.0000,76.3535,26.3265,28.313,0.014,28.327,NVIDIA L4,6e3d1db
cifar100,resnet18,40,2.0,0.1,512,42,77.3737,75.0000,1.2222,0.0000,77.3737,0.0000,-76.1515,+0.0000,76.1515,28.8492,28.538,0.015,28.553,NVIDIA L4,6e3d1db
cifar100,resnet18,40,2.0,0.1,64,42,77.3737,75.0000,2.0808,0.0000,77.3737,0.0000,-75.2929,+0.0000,75.2929,18.7698,25.609,0.017,25.626,NVIDIA L4,6e3d1db
cifar100,resnet18,40,2.0,0.5,256,42,77.3737,75.0000,1.0101,0.0000,77.3737,0.0000,-76.3636,+0.0000,76.3636,26.3265,28.313,0.013,28.326,NVIDIA L4,6e3d1db
cifar100,resnet18,40,2.0,0.5,512,42,77.3737,75.0000,1.0707,0.0000,77.3737,0.0000,-76.3030,+0.0000,76.3030,28.8492,28.538,0.014,28.552,NVIDIA L4,6e3d1db
cifar100,resnet18,40,2.0,0.5,64,42,77.3737,75.0000,2.6263,0.0000,77.3737,0.0000,-74.7475,+0.0000,74.7475,18.7698,25.609,0.017,25.626,NVIDIA L4,6e3d1db
cifar100,resnet18,40,2.0,1.0,256,42,77.3737,75.0000,1.0101,0.0000,77.3737,0.0000,-76.3636,+0.0000,76.3636,26.3265,28.313,0.017,28.330,NVIDIA L4,6e3d1db
cifar100,resnet18,40,2.0,1.0,512,42,77.3737,75.0000,1.0101,0.0000,77.3737,0.0000,-76.3636,+0.0000,76.3636,28.8492,28.538,0.014,28.552,NVIDIA L4,6e3d1db
cifar100,resnet18,40,2.0,1.0,64,42,77.3737,75.0000,4.0000,0.0000,77.3737,0.0000,-73.3737,+0.0000,73.3737,18.7698,25.609,0.017,25.626,NVIDIA L4,6e3d1db
cifar100,resnet18,40,20.0,0.1,256,42,77.3737,75.0000,77.2121,0.0000,77.3737,0.0000,-0.1616,+0.0000,0.1616,0.3644,28.313,0.012,28.324,NVIDIA L4,6e3d1db
cifar100,resnet18,40,20.0,0.1,512,42,77.3737,75.0000,77.1515,0.0000,77.3737,0.0000,-0.2222,+0.0000,0.2222,0.4939,28.538,0.012,28.550,NVIDIA L4,6e3d1db
cifar100,resnet18,40,20.0,0.1,64,42,77.3737,75.0000,77.3838,0.0000,77.3737,0.0000,+0.0101,+0.0000,0.0101,0.2230,25.609,0.011,25.620,NVIDIA L4,6e3d1db
cifar100,resnet18,40,20.0,0.5,256,42,77.3737,75.0000,77.2121,0.0000,77.3737,0.0000,-0.1616,+0.0000,0.1616,0.3644,28.313,0.012,28.324,NVIDIA L4,6e3d1db
cifar100,resnet18,40,20.0,0.5,512,42,77.3737,75.0000,77.1616,0.0000,77.3737,0.0000,-0.2121,+0.0000,0.2121,0.4939,28.538,0.012,28.550,NVIDIA L4,6e3d1db
cifar100,resnet18,40,20.0,0.5,64,42,77.3737,75.0000,77.3838,0.0000,77.3737,0.0000,+0.0101,+0.0000,0.0101,0.2230,25.609,0.011,25.620,NVIDIA L4,6e3d1db
cifar100,resnet18,40,20.0,1.0,256,42,77.3737,75.0000,77.2121,0.0000,77.3737,0.0000,-0.1616,+0.0000,0.1616,0.3644,28.313,0.012,28.324,NVIDIA L4,6e3d1db
cifar100,resnet18,40,20.0,1.0,512,42,77.3737,75.0000,77.1414,0.0000,77.3737,0.0000,-0.2323,+0.0000,0.2323,0.4939,28.538,0.012,28.550,NVIDIA L4,6e3d1db
cifar100,resnet18,40,20.0,1.0,64,42,77.3737,75.0000,77.4141,0.0000,77.3737,0.0000,+0.0404,+0.0000,0.0404,0.2230,25.609,0.011,25.620,NVIDIA L4,6e3d1db
cifar100,resnet18,40,30.0,0.1,256,42,77.3737,75.0000,77.4343,0.0000,77.3737,0.0000,+0.0606,+0.0000,0.0606,0.0888,28.313,0.011,28.324,NVIDIA L4,6e3d1db
cifar100,resnet18,40,30.0,0.1,512,42,77.3737,75.0000,77.5051,0.0000,77.3737,0.0000,+0.1313,+0.0000,0.1313,0.1273,28.538,0.011,28.550,NVIDIA L4,6e3d1db
cifar100,resnet18,40,30.0,0.1,64,42,77.3737,75.0000,77.4545,0.0000,77.3737,0.0000,+0.0808,+0.0000,0.0808,0.0560,25.609,0.015,25.624,NVIDIA L4,6e3d1db
cifar100,resnet18,40,30.0,0.5,256,42,77.3737,75.0000,77.4343,0.0000,77.3737,0.0000,+0.0606,+0.0000,0.0606,0.0888,28.313,0.011,28.324,NVIDIA L4,6e3d1db
cifar100,resnet18,40,30.0,0.5,512,42,77.3737,75.0000,77.4949,0.0000,77.3737,0.0000,+0.1212,+0.0000,0.1212,0.1273,28.538,0.011,28.549,NVIDIA L4,6e3d1db
cifar100,resnet18,40,30.0,0.5,64,42,77.3737,75.0000,77.4545,0.0000,77.3737,0.0000,+0.0808,+0.0000,0.0808,0.0560,25.609,0.011,25.620,NVIDIA L4,6e3d1db
cifar100,resnet18,40,30.0,1.0,256,42,77.3737,75.0000,77.4343,0.0000,77.3737,0.0000,+0.0606,+0.0000,0.0606,0.0888,28.313,0.011,28.324,NVIDIA L4,6e3d1db
cifar100,resnet18,40,30.0,1.0,512,42,77.3737,75.0000,77.4949,0.0000,77.3737,0.0000,+0.1212,+0.0000,0.1212,0.1273,28.538,0.012,28.550,NVIDIA L4,6e3d1db
cifar100,resnet18,40,30.0,1.0,64,42,77.3737,75.0000,77.4545,0.0000,77.3737,0.0000,+0.0808,+0.0000,0.0808,0.0560,25.609,0.011,25.620,NVIDIA L4,6e3d1db
cifar100,resnet18,40,4.0,0.1,256,42,77.3737,75.0000,7.5657,0.0000,77.3737,0.0000,-69.8081,+0.0000,69.8081,10.6669,28.313,0.013,28.326,NVIDIA L4,6e3d1db
cifar100,resnet18,40,4.0,0.1,512,42,77.3737,75.0000,1.6364,0.0000,77.3737,0.0000,-75.7374,+0.0000,75.7374,13.0279,28.538,0.013,28.551,NVIDIA L4,6e3d1db
cifar100,resnet18,40,4.0,0.1,64,42,77.3737,75.0000,53.9596,0.0000,77.3737,0.0000,-23.4141,+0.0000,23.4141,6.1608,25.609,0.016,25.626,NVIDIA L4,6e3d1db
cifar100,resnet18,40,4.0,0.5,256,42,77.3737,75.0000,9.7980,0.0000,77.3737,0.0000,-67.5758,+0.0000,67.5758,10.6669,28.313,0.013,28.326,NVIDIA L4,6e3d1db
cifar100,resnet18,40,4.0,0.5,512,42,77.3737,75.0000,2.2424,0.0000,77.3737,0.0000,-75.1313,+0.0000,75.1313,13.0279,28.538,0.017,28.555,NVIDIA L4,6e3d1db
cifar100,resnet18,40,4.0,0.5,64,42,77.3737,75.0000,55.8990,0.0000,77.3737,0.0000,-21.4747,+0.0000,21.4747,6.1608,25.609,0.016,25.625,NVIDIA L4,6e3d1db
cifar100,resnet18,40,4.0,1.0,256,42,77.3737,75.0000,14.2828,0.0000,77.3737,0.0000,-63.0909,+0.0000,63.0909,10.6669,28.313,0.013,28.325,NVIDIA L4,6e3d1db
cifar100,resnet18,40,4.0,1.0,512,42,77.3737,75.0000,3.2525,0.0000,77.3737,0.0000,-74.1212,+0.0000,74.1212,13.0279,28.538,0.014,28.552,NVIDIA L4,6e3d1db
cifar100,resnet18,40,4.0,1.0,64,42,77.3737,75.0000,58.1818,0.0000,77.3737,0.0000,-19.1919,+0.0000,19.1919,6.1608,25.609,0.016,25.626,NVIDIA L4,6e3d1db
cifar100,resnet18,40,50.0,0.1,256,42,77.3737,75.0000,77.4747,72.0000,77.3737,0.0000,+0.1010,+72.0000,72.1010,0.0020,28.313,0.011,28.324,NVIDIA L4,6e3d1db
cifar100,resnet18,40,50.0,0.1,512,42,77.3737,75.0000,77.4949,71.0000,77.3737,0.0000,+0.1212,+71.0000,71.1212,0.0037,28.538,0.011,28.550,NVIDIA L4,6e3d1db
cifar100,resnet18,40,50.0,0.1,64,42,77.3737,75.0000,77.4949,56.0000,77.3737,0.0000,+0.1212,+56.0000,56.1212,0.0023,25.609,0.011,25.620,NVIDIA L4,6e3d1db
cifar100,resnet18,40,50.0,0.5,256,42,77.3737,75.0000,77.4747,72.0000,77.3737,0.0000,+0.1010,+72.0000,72.1010,0.0020,28.313,0.011,28.324,NVIDIA L4,6e3d1db
cifar100,resnet18,40,50.0,0.5,512,42,77.3737,75.0000,77.4949,71.0000,77.3737,0.0000,+0.1212,+71.0000,71.1212,0.0037,28.538,0.011,28.549,NVIDIA L4,6e3d1db
cifar100,resnet18,40,50.0,0.5,64,42,77.3737,75.0000,77.4949,56.0000,77.3737,0.0000,+0.1212,+56.0000,56.1212,0.0023,25.609,0.011,25.620,NVIDIA L4,6e3d1db
cifar100,resnet18,40,50.0,1.0,256,42,77.3737,75.0000,77.4747,72.0000,77.3737,0.0000,+0.1010,+72.0000,72.1010,0.0020,28.313,0.011,28.324,NVIDIA L4,6e3d1db
cifar100,resnet18,40,50.0,1.0,512,42,77.3737,75.0000,77.4848,71.0000,77.3737,0.0000,+0.1111,+71.0000,71.1111,0.0037,28.538,0.011,28.549,NVIDIA L4,6e3d1db
cifar100,resnet18,40,50.0,1.0,64,42,77.3737,75.0000,77.4949,56.0000,77.3737,0.0000,+0.1212,+56.0000,56.1212,0.0023,25.609,0.011,25.620,NVIDIA L4,6e3d1db
cifar100,resnet18,40,6.0,0.1,256,42,77.3737,75.0000,50.6162,0.0000,77.3737,0.0000,-26.7576,+0.0000,26.7576,5.3337,28.313,0.013,28.325,NVIDIA L4,6e3d1db
cifar100,resnet18,40,6.0,0.1,512,42,77.3737,75.0000,25.2222,0.0000,77.3737,0.0000,-52.1515,+0.0000,52.1515,6.9537,28.538,0.013,28.551,NVIDIA L4,6e3d1db
cifar100,resnet18,40,6.0,0.1,64,42,77.3737,75.0000,72.2828,0.0000,77.3737,0.0000,-5.0909,+0.0000,5.0909,3.0135,25.609,0.012,25.621,NVIDIA L4,6e3d1db
cifar100,resnet18,40,6.0,0.5,256,42,77.3737,75.0000,52.4343,0.0000,77.3737,0.0000,-24.9394,+0.0000,24.9394,5.3337,28.313,0.013,28.325,NVIDIA L4,6e3d1db
cifar100,resnet18,40,6.0,0.5,512,42,77.3737,75.0000,28.0404,0.0000,77.3737,0.0000,-49.3333,+0.0000,49.3333,6.9537,28.538,0.013,28.551,NVIDIA L4,6e3d1db
cifar100,resnet18,40,6.0,0.5,64,42,77.3737,75.0000,72.3232,0.0000,77.3737,0.0000,-5.0505,+0.0000,5.0505,3.0135,25.609,0.012,25.621,NVIDIA L4,6e3d1db
cifar100,resnet18,40,6.0,1.0,256,42,77.3737,75.0000,54.3838,0.0000,77.3737,0.0000,-22.9899,+0.0000,22.9899,5.3337,28.313,0.013,28.325,NVIDIA L4,6e3d1db
cifar100,resnet18,40,6.0,1.0,512,42,77.3737,75.0000,32.0303,0.0000,77.3737,0.0000,-45.3434,+0.0000,45.3434,6.9537,28.538,0.013,28.551,NVIDIA L4,6e3d1db
cifar100,resnet18,40,6.0,1.0,64,42,77.3737,75.0000,72.5556,0.0000,77.3737,0.0000,-4.8182,+0.0000,4.8182,3.0135,25.609,0.012,25.621,NVIDIA L4,6e3d1db
cifar100,resnet18,40,8.0,0.1,256,42,77.3737,75.0000,66.1717,0.0000,77.3737,0.0000,-11.2020,+0.0000,11.2020,3.0989,28.313,0.012,28.325,NVIDIA L4,6e3d1db
cifar100,resnet18,40,8.0,0.1,512,42,77.3737,75.0000,53.0000,0.0000,77.3737,0.0000,-24.3737,+0.0000,24.3737,4.1269,28.538,0.013,28.551,NVIDIA L4,6e3d1db
cifar100,resnet18,40,8.0,0.1,64,42,77.3737,75.0000,75.4848,0.0000,77.3737,0.0000,-1.8889,+0.0000,1.8889,1.7796,25.609,0.015,25.625,NVIDIA L4,6e3d1db
cifar100,resnet18,40,8.0,0.5,256,42,77.3737,75.0000,66.5859,0.0000,77.3737,0.0000,-10.7879,+0.0000,10.7879,3.0989,28.313,0.012,28.325,NVIDIA L4,6e3d1db
cifar100,resnet18,40,8.0,0.5,512,42,77.3737,75.0000,54.4141,0.0000,77.3737,0.0000,-22.9596,+0.0000,22.9596,4.1269,28.538,0.013,28.551,NVIDIA L4,6e3d1db
cifar100,resnet18,40,8.0,0.5,64,42,77.3737,75.0000,75.6162,0.0000,77.3737,0.0000,-1.7576,+0.0000,1.7576,1.7796,25.609,0.012,25.621,NVIDIA L4,6e3d1db
cifar100,resnet18,40,8.0,1.0,256,42,77.3737,75.0000,67.2121,0.0000,77.3737,0.0000,-10.1616,+0.0000,10.1616,3.0989,28.313,0.013,28.325,NVIDIA L4,6e3d1db
cifar100,resnet18,40,8.0,1.0,512,42,77.3737,75.0000,56.1111,0.0000,77.3737,0.0000,-21.2626,+0.0000,21.2626,4.1269,28.538,0.013,28.551,NVIDIA L4,6e3d1db
cifar100,resnet18,40,8.0,1.0,64,42,77.3737,75.0000,75.8182,0.0000,77.3737,0.0000,-1.5556,+0.0000,1.5556,1.7796,25.609,0.012,25.621,NVIDIA L4,6e3d1db
cifar20,resnet18,5,10.0,0.1,256,42,85.2737,86.6000,85.1474,0.0000,86.1789,0.0000,-1.0316,+0.0000,1.0316,1.1617,26.615,0.012,26.627,NVIDIA L4,67e4a93
cifar20,resnet18,5,10.0,0.1,512,42,85.2737,86.6000,84.5579,0.0000,86.1789,0.0000,-1.6211,+0.0000,1.6211,1.5536,28.468,0.012,28.480,NVIDIA L4,67e4a93
cifar20,resnet18,5,10.0,0.1,64,42,85.2737,86.6000,85.7789,0.0000,86.1789,0.0000,-0.4000,+0.0000,0.4000,0.7350,22.450,0.012,22.461,NVIDIA L4,67e4a93
cifar20,resnet18,5,10.0,0.5,256,42,85.2737,86.6000,85.1474,0.0000,86.1789,0.0000,-1.0316,+0.0000,1.0316,1.1617,26.615,0.012,26.627,NVIDIA L4,67e4a93
cifar20,resnet18,5,10.0,0.5,512,42,85.2737,86.6000,84.5789,0.0000,86.1789,0.0000,-1.6000,+0.0000,1.6000,1.5536,28.468,0.012,28.480,NVIDIA L4,67e4a93
cifar20,resnet18,5,10.0,0.5,64,42,85.2737,86.6000,85.7684,0.0000,86.1789,0.0000,-0.4105,+0.0000,0.4105,0.7350,22.450,0.012,22.461,NVIDIA L4,67e4a93
cifar20,resnet18,5,10.0,1.0,256,42,85.2737,86.6000,85.2105,0.0000,86.1789,0.0000,-0.9684,+0.0000,0.9684,1.1617,26.615,0.012,26.627,NVIDIA L4,67e4a93
cifar20,resnet18,5,10.0,1.0,512,42,85.2737,86.6000,84.6105,0.0000,86.1789,0.0000,-1.5684,+0.0000,1.5684,1.5536,28.468,0.012,28.480,NVIDIA L4,67e4a93
cifar20,resnet18,5,10.0,1.0,64,42,85.2737,86.6000,85.7789,0.0000,86.1789,0.0000,-0.4000,+0.0000,0.4000,0.7350,22.450,0.012,22.461,NVIDIA L4,67e4a93
cifar20,resnet18,5,12.0,0.1,256,42,85.2737,86.6000,85.8316,0.0000,86.1789,0.0000,-0.3474,+0.0000,0.3474,0.5492,26.615,0.012,26.627,NVIDIA L4,67e4a93
cifar20,resnet18,5,12.0,0.1,512,42,85.2737,86.6000,85.3579,0.0000,86.1789,0.0000,-0.8211,+0.0000,0.8211,0.7209,28.468,0.012,28.480,NVIDIA L4,67e4a93
cifar20,resnet18,5,12.0,0.1,64,42,85.2737,86.6000,85.7684,0.0000,86.1789,0.0000,-0.4105,+0.0000,0.4105,0.3678,22.450,0.012,22.461,NVIDIA L4,67e4a93
cifar20,resnet18,5,12.0,0.5,256,42,85.2737,86.6000,85.8316,0.0000,86.1789,0.0000,-0.3474,+0.0000,0.3474,0.5492,26.615,0.012,26.627,NVIDIA L4,67e4a93
cifar20,resnet18,5,12.0,0.5,512,42,85.2737,86.6000,85.3895,0.0000,86.1789,0.0000,-0.7895,+0.0000,0.7895,0.7209,28.468,0.015,28.483,NVIDIA L4,67e4a93
cifar20,resnet18,5,12.0,0.5,64,42,85.2737,86.6000,85.7684,0.0000,86.1789,0.0000,-0.4105,+0.0000,0.4105,0.3678,22.450,0.011,22.461,NVIDIA L4,67e4a93
cifar20,resnet18,5,12.0,1.0,256,42,85.2737,86.6000,85.7895,0.0000,86.1789,0.0000,-0.3895,+0.0000,0.3895,0.5492,26.615,0.011,26.627,NVIDIA L4,67e4a93
cifar20,resnet18,5,12.0,1.0,512,42,85.2737,86.6000,85.4211,0.0000,86.1789,0.0000,-0.7579,+0.0000,0.7579,0.7209,28.468,0.015,28.483,NVIDIA L4,67e4a93
cifar20,resnet18,5,12.0,1.0,64,42,85.2737,86.6000,85.7579,0.0000,86.1789,0.0000,-0.4211,+0.0000,0.4211,0.3678,22.450,0.011,22.461,NVIDIA L4,67e4a93
cifar20,resnet18,5,15.0,0.1,256,42,85.2737,86.6000,85.7579,1.0000,86.1789,0.0000,-0.4211,+1.0000,1.4211,0.1227,26.615,0.011,26.627,NVIDIA L4,67e4a93
cifar20,resnet18,5,15.0,0.1,512,42,85.2737,86.6000,85.7474,0.2000,86.1789,0.0000,-0.4316,+0.2000,0.6316,0.1641,28.468,0.014,28.482,NVIDIA L4,67e4a93
cifar20,resnet18,5,15.0,0.1,64,42,85.2737,86.6000,85.7579,0.0000,86.1789,0.0000,-0.4211,+0.0000,0.4211,0.0896,22.450,0.011,22.461,NVIDIA L4,67e4a93
cifar20,resnet18,5,15.0,0.5,256,42,85.2737,86.6000,85.7579,1.8000,86.1789,0.0000,-0.4211,+1.8000,2.2211,0.1227,26.615,0.011,26.626,NVIDIA L4,67e4a93
cifar20,resnet18,5,15.0,0.5,512,42,85.2737,86.6000,85.7474,1.4000,86.1789,0.0000,-0.4316,+1.4000,1.8316,0.1641,28.468,0.015,28.483,NVIDIA L4,67e4a93
cifar20,resnet18,5,15.0,0.5,64,42,85.2737,86.6000,85.7474,0.8000,86.1789,0.0000,-0.4316,+0.8000,1.2316,0.0896,22.450,0.011,22.461,NVIDIA L4,67e4a93
cifar20,resnet18,5,15.0,1.0,256,42,85.2737,86.6000,85.7579,3.4000,86.1789,0.0000,-0.4211,+3.4000,3.8211,0.1227,26.615,0.014,26.630,NVIDIA L4,67e4a93
cifar20,resnet18,5,15.0,1.0,512,42,85.2737,86.6000,85.7368,2.4000,86.1789,0.0000,-0.4421,+2.4000,2.8421,0.1641,28.468,0.015,28.483,NVIDIA L4,67e4a93
cifar20,resnet18,5,15.0,1.0,64,42,85.2737,86.6000,85.7474,2.0000,86.1789,0.0000,-0.4316,+2.0000,2.4316,0.0896,22.450,0.011,22.461,NVIDIA L4,67e4a93
cifar20,resnet18,5,2.0,0.1,256,42,85.2737,86.6000,5.2632,0.0000,86.1789,0.0000,-80.9158,+0.0000,80.9158,28.4715,26.615,0.014,26.629,NVIDIA L4,67e4a93
cifar20,resnet18,5,2.0,0.1,512,42,85.2737,86.6000,5.2632,0.0000,86.1789,0.0000,-80.9158,+0.0000,80.9158,31.0332,28.468,0.014,28.482,NVIDIA L4,67e4a93
cifar20,resnet18,5,2.0,0.1,64,42,85.2737,86.6000,5.4421,0.0000,86.1789,0.0000,-80.7368,+0.0000,80.7368,20.9742,22.450,0.050,22.500,NVIDIA L4,67e4a93
cifar20,resnet18,5,2.0,0.5,256,42,85.2737,86.6000,5.2632,0.0000,86.1789,0.0000,-80.9158,+0.0000,80.9158,28.4715,26.615,0.017,26.633,NVIDIA L4,67e4a93
cifar20,resnet18,5,2.0,0.5,512,42,85.2737,86.6000,5.2737,0.0000,86.1789,0.0000,-80.9053,+0.0000,80.9053,31.0332,28.468,0.014,28.482,NVIDIA L4,67e4a93
cifar20,resnet18,5,2.0,0.5,64,42,85.2737,86.6000,8.0211,0.0000,86.1789,0.0000,-78.1579,+0.0000,78.1579,20.9742,22.450,0.017,22.467,NVIDIA L4,67e4a93
cifar20,resnet18,5,2.0,1.0,256,42,85.2737,86.6000,5.4000,0.0000,86.1789,0.0000,-80.7789,+0.0000,80.7789,28.4715,26.615,0.014,26.629,NVIDIA L4,67e4a93
cifar20,resnet18,5,2.0,1.0,512,42,85.2737,86.6000,5.3053,0.0000,86.1789,0.0000,-80.8737,+0.0000,80.8737,31.0332,28.468,0.015,28.483,NVIDIA L4,67e4a93
cifar20,resnet18,5,2.0,1.0,64,42,85.2737,86.6000,11.8211,0.0000,86.1789,0.0000,-74.3579,+0.0000,74.3579,20.9742,22.450,0.017,22.467,NVIDIA L4,67e4a93
cifar20,resnet18,5,20.0,0.1,256,42,85.2737,86.6000,85.2737,86.6000,86.1789,0.0000,-0.9053,+86.6000,87.5053,0.0000,26.615,0.011,26.626,NVIDIA L4,67e4a93
cifar20,resnet18,5,20.0,0.1,512,42,85.2737,86.6000,85.2737,86.6000,86.1789,0.0000,-0.9053,+86.6000,87.5053,0.0000,28.468,0.011,28.479,NVIDIA L4,67e4a93
cifar20,resnet18,5,20.0,0.1,64,42,85.2737,86.6000,85.2737,86.6000,86.1789,0.0000,-0.9053,+86.6000,87.5053,0.0000,22.450,0.011,22.460,NVIDIA L4,67e4a93
cifar20,resnet18,5,20.0,0.5,256,42,85.2737,86.6000,85.2737,86.6000,86.1789,0.0000,-0.9053,+86.6000,87.5053,0.0000,26.615,0.011,26.626,NVIDIA L4,67e4a93
cifar20,resnet18,5,20.0,0.5,512,42,85.2737,86.6000,85.2737,86.6000,86.1789,0.0000,-0.9053,+86.6000,87.5053,0.0000,28.468,0.011,28.479,NVIDIA L4,67e4a93
cifar20,resnet18,5,20.0,0.5,64,42,85.2737,86.6000,85.2737,86.6000,86.1789,0.0000,-0.9053,+86.6000,87.5053,0.0000,22.450,0.011,22.461,NVIDIA L4,67e4a93
cifar20,resnet18,5,20.0,1.0,256,42,85.2737,86.6000,85.2737,86.6000,86.1789,0.0000,-0.9053,+86.6000,87.5053,0.0000,26.615,0.011,26.626,NVIDIA L4,67e4a93
cifar20,resnet18,5,20.0,1.0,512,42,85.2737,86.6000,85.2737,86.6000,86.1789,0.0000,-0.9053,+86.6000,87.5053,0.0000,28.468,0.011,28.479,NVIDIA L4,67e4a93
cifar20,resnet18,5,20.0,1.0,64,42,85.2737,86.6000,85.2737,86.6000,86.1789,0.0000,-0.9053,+86.6000,87.5053,0.0000,22.450,0.014,22.464,NVIDIA L4,67e4a93
cifar20,resnet18,5,30.0,0.1,256,42,85.2737,86.6000,85.2737,86.6000,86.1789,0.0000,-0.9053,+86.6000,87.5053,0.0000,26.615,0.011,26.626,NVIDIA L4,67e4a93
cifar20,resnet18,5,30.0,0.1,512,42,85.2737,86.6000,85.2737,86.6000,86.1789,0.0000,-0.9053,+86.6000,87.5053,0.0000,28.468,0.011,28.479,NVIDIA L4,67e4a93
cifar20,resnet18,5,30.0,0.1,64,42,85.2737,86.6000,85.2737,86.6000,86.1789,0.0000,-0.9053,+86.6000,87.5053,0.0000,22.450,0.011,22.461,NVIDIA L4,67e4a93
cifar20,resnet18,5,30.0,0.5,256,42,85.2737,86.6000,85.2737,86.6000,86.1789,0.0000,-0.9053,+86.6000,87.5053,0.0000,26.615,0.011,26.626,NVIDIA L4,67e4a93
cifar20,resnet18,5,30.0,0.5,512,42,85.2737,86.6000,85.2737,86.6000,86.1789,0.0000,-0.9053,+86.6000,87.5053,0.0000,28.468,0.011,28.479,NVIDIA L4,67e4a93
cifar20,resnet18,5,30.0,0.5,64,42,85.2737,86.6000,85.2737,86.6000,86.1789,0.0000,-0.9053,+86.6000,87.5053,0.0000,22.450,0.011,22.461,NVIDIA L4,67e4a93
cifar20,resnet18,5,30.0,1.0,256,42,85.2737,86.6000,85.2737,86.6000,86.1789,0.0000,-0.9053,+86.6000,87.5053,0.0000,26.615,0.011,26.626,NVIDIA L4,67e4a93
cifar20,resnet18,5,30.0,1.0,512,42,85.2737,86.6000,85.2737,86.6000,86.1789,0.0000,-0.9053,+86.6000,87.5053,0.0000,28.468,0.011,28.479,NVIDIA L4,67e4a93
cifar20,resnet18,5,30.0,1.0,64,42,85.2737,86.6000,85.2737,86.6000,86.1789,0.0000,-0.9053,+86.6000,87.5053,0.0000,22.450,0.014,22.464,NVIDIA L4,67e4a93
cifar20,resnet18,5,4.0,0.1,256,42,85.2737,86.6000,12.4526,0.0000,86.1789,0.0000,-73.7263,+0.0000,73.7263,11.1106,26.615,0.013,26.628,NVIDIA L4,67e4a93
cifar20,resnet18,5,4.0,0.1,512,42,85.2737,86.6000,9.9579,0.0000,86.1789,0.0000,-76.2211,+0.0000,76.2211,13.5261,28.468,0.013,28.481,NVIDIA L4,67e4a93
cifar20,resnet18,5,4.0,0.1,64,42,85.2737,86.6000,63.1368,0.0000,86.1789,0.0000,-23.0421,+0.0000,23.0421,6.6296,22.450,0.016,22.466,NVIDIA L4,67e4a93
cifar20,resnet18,5,4.0,0.5,256,42,85.2737,86.6000,15.3368,0.0000,86.1789,0.0000,-70.8421,+0.0000,70.8421,11.1106,26.615,0.013,26.628,NVIDIA L4,67e4a93
cifar20,resnet18,5,4.0,0.5,512,42,85.2737,86.6000,12.4421,0.0000,86.1789,0.0000,-73.7368,+0.0000,73.7368,13.5261,28.468,0.013,28.481,NVIDIA L4,67e4a93
cifar20,resnet18,5,4.0,0.5,64,42,85.2737,86.6000,65.8421,0.0000,86.1789,0.0000,-20.3368,+0.0000,20.3368,6.6296,22.450,0.013,22.462,NVIDIA L4,67e4a93
cifar20,resnet18,5,4.0,1.0,256,42,85.2737,86.6000,20.8526,0.0000,86.1789,0.0000,-65.3263,+0.0000,65.3263,11.1106,26.615,0.013,26.629,NVIDIA L4,67e4a93
cifar20,resnet18,5,4.0,1.0,512,42,85.2737,86.6000,15.9684,0.0000,86.1789,0.0000,-70.2105,+0.0000,70.2105,13.5261,28.468,0.013,28.481,NVIDIA L4,67e4a93
cifar20,resnet18,5,4.0,1.0,64,42,85.2737,86.6000,68.9895,0.0000,86.1789,0.0000,-17.1895,+0.0000,17.1895,6.6296,22.450,0.012,22.462,NVIDIA L4,67e4a93
cifar20,resnet18,5,50.0,0.1,256,42,85.2737,86.6000,85.2737,86.6000,86.1789,0.0000,-0.9053,+86.6000,87.5053,0.0000,26.615,0.011,26.626,NVIDIA L4,67e4a93
cifar20,resnet18,5,50.0,0.1,512,42,85.2737,86.6000,85.2737,86.6000,86.1789,0.0000,-0.9053,+86.6000,87.5053,0.0000,28.468,0.011,28.479,NVIDIA L4,67e4a93
cifar20,resnet18,5,50.0,0.1,64,42,85.2737,86.6000,85.2737,86.6000,86.1789,0.0000,-0.9053,+86.6000,87.5053,0.0000,22.450,0.012,22.461,NVIDIA L4,67e4a93
cifar20,resnet18,5,50.0,0.5,256,42,85.2737,86.6000,85.2737,86.6000,86.1789,0.0000,-0.9053,+86.6000,87.5053,0.0000,26.615,0.011,26.626,NVIDIA L4,67e4a93
cifar20,resnet18,5,50.0,0.5,512,42,85.2737,86.6000,85.2737,86.6000,86.1789,0.0000,-0.9053,+86.6000,87.5053,0.0000,28.468,0.014,28.482,NVIDIA L4,67e4a93
cifar20,resnet18,5,50.0,0.5,64,42,85.2737,86.6000,85.2737,86.6000,86.1789,0.0000,-0.9053,+86.6000,87.5053,0.0000,22.450,0.011,22.461,NVIDIA L4,67e4a93
cifar20,resnet18,5,50.0,1.0,256,42,85.2737,86.6000,85.2737,86.6000,86.1789,0.0000,-0.9053,+86.6000,87.5053,0.0000,26.615,0.011,26.626,NVIDIA L4,67e4a93
cifar20,resnet18,5,50.0,1.0,512,42,85.2737,86.6000,85.2737,86.6000,86.1789,0.0000,-0.9053,+86.6000,87.5053,0.0000,28.468,0.014,28.482,NVIDIA L4,67e4a93
cifar20,resnet18,5,50.0,1.0,64,42,85.2737,86.6000,85.2737,86.6000,86.1789,0.0000,-0.9053,+86.6000,87.5053,0.0000,22.450,0.011,22.460,NVIDIA L4,67e4a93
cifar20,resnet18,5,6.0,0.1,256,42,85.2737,86.6000,70.9684,0.0000,86.1789,0.0000,-15.2105,+0.0000,15.2105,4.9483,26.615,0.012,26.628,NVIDIA L4,67e4a93
cifar20,resnet18,5,6.0,0.1,512,42,85.2737,86.6000,48.5368,0.0000,86.1789,0.0000,-37.6421,+0.0000,37.6421,6.4351,28.468,0.013,28.481,NVIDIA L4,67e4a93
cifar20,resnet18,5,6.0,0.1,64,42,85.2737,86.6000,83.5895,0.0000,86.1789,0.0000,-2.5895,+0.0000,2.5895,2.8727,22.450,0.016,22.466,NVIDIA L4,67e4a93
cifar20,resnet18,5,6.0,0.5,256,42,85.2737,86.6000,72.0526,0.0000,86.1789,0.0000,-14.1263,+0.0000,14.1263,4.9483,26.615,0.013,26.629,NVIDIA L4,67e4a93
cifar20,resnet18,5,6.0,0.5,512,42,85.2737,86.6000,51.3789,0.0000,86.1789,0.0000,-34.8000,+0.0000,34.8000,6.4351,28.468,0.013,28.481,NVIDIA L4,67e4a93
cifar20,resnet18,5,6.0,0.5,64,42,85.2737,86.6000,83.7158,0.0000,86.1789,0.0000,-2.4632,+0.0000,2.4632,2.8727,22.450,0.012,22.462,NVIDIA L4,67e4a93
cifar20,resnet18,5,6.0,1.0,256,42,85.2737,86.6000,73.7474,0.0000,86.1789,0.0000,-12.4316,+0.0000,12.4316,4.9483,26.615,0.013,26.628,NVIDIA L4,67e4a93
cifar20,resnet18,5,6.0,1.0,512,42,85.2737,86.6000,55.0526,0.0000,86.1789,0.0000,-31.1263,+0.0000,31.1263,6.4351,28.468,0.013,28.481,NVIDIA L4,67e4a93
cifar20,resnet18,5,6.0,1.0,64,42,85.2737,86.6000,83.6737,0.0000,86.1789,0.0000,-2.5053,+0.0000,2.5053,2.8727,22.450,0.012,22.462,NVIDIA L4,67e4a93
cifar20,resnet18,5,8.0,0.1,256,42,85.2737,86.6000,83.0632,0.0000,86.1789,0.0000,-3.1158,+0.0000,3.1158,2.3797,26.615,0.012,26.628,NVIDIA L4,67e4a93
cifar20,resnet18,5,8.0,0.1,512,42,85.2737,86.6000,80.0947,0.0000,86.1789,0.0000,-6.0842,+0.0000,6.0842,3.1716,28.468,0.012,28.480,NVIDIA L4,67e4a93
cifar20,resnet18,5,8.0,0.1,64,42,85.2737,86.6000,85.6737,0.0000,86.1789,0.0000,-0.5053,+0.0000,0.5053,1.4146,22.450,0.012,22.462,NVIDIA L4,67e4a93
cifar20,resnet18,5,8.0,0.5,256,42,85.2737,86.6000,83.1158,0.0000,86.1789,0.0000,-3.0632,+0.0000,3.0632,2.3797,26.615,0.012,26.628,NVIDIA L4,67e4a93
cifar20,resnet18,5,8.0,0.5,512,42,85.2737,86.6000,80.5474,0.0000,86.1789,0.0000,-5.6316,+0.0000,5.6316,3.1716,28.468,0.013,28.481,NVIDIA L4,67e4a93
cifar20,resnet18,5,8.0,0.5,64,42,85.2737,86.6000,85.7053,0.0000,86.1789,0.0000,-0.4737,+0.0000,0.4737,1.4146,22.450,0.012,22.462,NVIDIA L4,67e4a93
cifar20,resnet18,5,8.0,1.0,256,42,85.2737,86.6000,83.2211,0.0000,86.1789,0.0000,-2.9579,+0.0000,2.9579,2.3797,26.615,0.012,26.628,NVIDIA L4,67e4a93
cifar20,resnet18,5,8.0,1.0,512,42,85.2737,86.6000,80.9474,0.0000,86.1789,0.0000,-5.2316,+0.0000,5.2316,3.1716,28.468,0.013,28.481,NVIDIA L4,67e4a93
cifar20,resnet18,5,8.0,1.0,64,42,85.2737,86.6000,85.7158,0.0000,86.1789,0.0000,-0.4632,+0.0000,0.4632,1.4146,22.450,0.012,22.462,NVIDIA L4,67e4a93
