dataset,arch,forget_class,alpha,lambda,batch_size,seed,base_overall,base_retain,base_forget,post_overall,post_retain,post_forget,gold_retain,gold_forget,gap_retain,params_damped_pct,importance_time_s,modify_time_s,method_time_s,eval_device,git_commit
cifar100,resnet18,2,10.0,0.1,256,42,77.3500,77.4545,67.0000,4.6300,4.6768,0.0000,77.7879,0.0000,-73.1111,9.4383,30.950,0.014,30.964,NVIDIA L4,6e3d1db
cifar100,resnet18,2,10.0,0.1,512,42,77.3500,77.4545,67.0000,1.8800,1.8990,0.0000,77.7879,0.0000,-75.8889,14.8825,31.314,0.013,31.327,NVIDIA L4,6e3d1db
cifar100,resnet18,2,10.0,0.1,64,42,77.3500,77.4545,67.0000,71.5200,72.2424,0.0000,77.7879,0.0000,-5.5455,3.6012,25.168,0.013,25.180,NVIDIA L4,6e3d1db
cifar100,resnet18,2,10.0,0.5,256,42,77.3500,77.4545,67.0000,5.1800,5.2323,0.0000,77.7879,0.0000,-72.5556,9.4383,30.950,0.014,30.963,NVIDIA L4,6e3d1db
cifar100,resnet18,2,10.0,0.5,512,42,77.3500,77.4545,67.0000,1.9500,1.9697,0.0000,77.7879,0.0000,-75.8182,14.8825,31.314,0.013,31.327,NVIDIA L4,6e3d1db
cifar100,resnet18,2,10.0,0.5,64,42,77.3500,77.4545,67.0000,71.7600,72.4848,0.0000,77.7879,0.0000,-5.3030,3.6012,25.168,0.013,25.180,NVIDIA L4,6e3d1db
cifar100,resnet18,2,10.0,1.0,256,42,77.3500,77.4545,67.0000,6.0400,6.1010,0.0000,77.7879,0.0000,-71.6869,9.4383,30.950,0.013,30.963,NVIDIA L4,6e3d1db
cifar100,resnet18,2,10.0,1.0,512,42,77.3500,77.4545,67.0000,1.9900,2.0101,0.0000,77.7879,0.0000,-75.7778,14.8825,31.314,0.014,31.327,NVIDIA L4,6e3d1db
cifar100,resnet18,2,10.0,1.0,64,42,77.3500,77.4545,67.0000,72.0400,72.7677,0.0000,77.7879,0.0000,-5.0202,3.6012,25.168,0.013,25.180,NVIDIA L4,6e3d1db
cifar100,resnet18,2,12.0,0.1,256,42,77.3500,77.4545,67.0000,14.0800,14.2222,0.0000,77.7879,0.0000,-63.5657,7.6510,30.950,0.013,30.963,NVIDIA L4,6e3d1db
cifar100,resnet18,2,12.0,0.1,512,42,77.3500,77.4545,67.0000,1.4800,1.4949,0.0000,77.7879,0.0000,-76.2929,12.5074,31.314,0.013,31.327,NVIDIA L4,6e3d1db
cifar100,resnet18,2,12.0,0.1,64,42,77.3500,77.4545,67.0000,72.4700,73.2020,0.0000,77.7879,0.0000,-4.5859,2.8842,25.168,0.013,25.180,NVIDIA L4,6e3d1db
cifar100,resnet18,2,12.0,0.5,256,42,77.3500,77.4545,67.0000,15.7000,15.8586,0.0000,77.7879,0.0000,-61.9293,7.6510,30.950,0.013,30.963,NVIDIA L4,6e3d1db
cifar100,resnet18,2,12.0,0.5,512,42,77.3500,77.4545,67.0000,1.5300,1.5455,0.0000,77.7879,0.0000,-76.2424,12.5074,31.314,0.014,31.327,NVIDIA L4,6e3d1db
cifar100,resnet18,2,12.0,0.5,64,42,77.3500,77.4545,67.0000,72.5100,73.2424,0.0000,77.7879,0.0000,-4.5455,2.8842,25.168,0.013,25.180,NVIDIA L4,6e3d1db
cifar100,resnet18,2,12.0,1.0,256,42,77.3500,77.4545,67.0000,17.8600,18.0404,0.0000,77.7879,0.0000,-59.7475,7.6510,30.950,0.014,30.964,NVIDIA L4,6e3d1db
cifar100,resnet18,2,12.0,1.0,512,42,77.3500,77.4545,67.0000,1.6100,1.6263,0.0000,77.7879,0.0000,-76.1616,12.5074,31.314,0.013,31.327,NVIDIA L4,6e3d1db
cifar100,resnet18,2,12.0,1.0,64,42,77.3500,77.4545,67.0000,72.7100,73.4444,0.0000,77.7879,0.0000,-4.3434,2.8842,25.168,0.013,25.180,NVIDIA L4,6e3d1db
cifar100,resnet18,2,15.0,0.1,256,42,77.3500,77.4545,67.0000,51.0300,51.5455,0.0000,77.7879,0.0000,-26.2424,5.7883,30.950,0.014,30.964,NVIDIA L4,6e3d1db
cifar100,resnet18,2,15.0,0.1,512,42,77.3500,77.4545,67.0000,3.4700,3.5051,0.0000,77.7879,0.0000,-74.2828,9.8406,31.314,0.013,31.327,NVIDIA L4,6e3d1db
cifar100,resnet18,2,15.0,0.1,64,42,77.3500,77.4545,67.0000,73.9100,74.6566,0.0000,77.7879,0.0000,-3.1313,2.1612,25.168,0.012,25.180,NVIDIA L4,6e3d1db
cifar100,resnet18,2,15.0,0.5,256,42,77.3500,77.4545,67.0000,51.6000,52.1212,0.0000,77.7879,0.0000,-25.6667,5.7883,30.950,0.013,30.963,NVIDIA L4,6e3d1db
cifar100,resnet18,2,15.0,0.5,512,42,77.3500,77.4545,67.0000,3.8100,3.8485,0.0000,77.7879,0.0000,-73.9394,9.8406,31.314,0.013,31.327,NVIDIA L4,6e3d1db
cifar100,resnet18,2,15.0,0.5,64,42,77.3500,77.4545,67.0000,73.9700,74.7172,0.0000,77.7879,0.0000,-3.0707,2.1612,25.168,0.012,25.180,NVIDIA L4,6e3d1db
cifar100,resnet18,2,15.0,1.0,256,42,77.3500,77.4545,67.0000,52.3000,52.8283,0.0000,77.7879,0.0000,-24.9596,5.7883,30.950,0.013,30.963,NVIDIA L4,6e3d1db
cifar100,resnet18,2,15.0,1.0,512,42,77.3500,77.4545,67.0000,4.3400,4.3838,0.0000,77.7879,0.0000,-73.4040,9.8406,31.314,0.013,31.327,NVIDIA L4,6e3d1db
cifar100,resnet18,2,15.0,1.0,64,42,77.3500,77.4545,67.0000,74.0000,74.7475,0.0000,77.7879,0.0000,-3.0404,2.1612,25.168,0.013,25.180,NVIDIA L4,6e3d1db
cifar100,resnet18,2,2.0,0.1,256,42,77.3500,77.4545,67.0000,1.0300,1.0404,0.0000,77.7879,0.0000,-76.7475,32.4360,30.950,0.015,30.965,NVIDIA L4,6e3d1db
cifar100,resnet18,2,2.0,0.1,512,42,77.3500,77.4545,67.0000,1.0000,1.0101,0.0000,77.7879,0.0000,-76.7778,39.3577,31.314,0.015,31.329,NVIDIA L4,6e3d1db
cifar100,resnet18,2,2.0,0.1,64,42,77.3500,77.4545,67.0000,1.1000,1.1111,0.0000,77.7879,0.0000,-76.6768,19.1837,25.168,0.051,25.219,NVIDIA L4,6e3d1db
cifar100,resnet18,2,2.0,0.5,256,42,77.3500,77.4545,67.0000,1.0300,1.0404,0.0000,77.7879,0.0000,-76.7475,32.4360,30.950,0.014,30.964,NVIDIA L4,6e3d1db
cifar100,resnet18,2,2.0,0.5,512,42,77.3500,77.4545,67.0000,1.0000,1.0101,0.0000,77.7879,0.0000,-76.7778,39.3577,31.314,0.014,31.328,NVIDIA L4,6e3d1db
cifar100,resnet18,2,2.0,0.5,64,42,77.3500,77.4545,67.0000,1.2700,1.2828,0.0000,77.7879,0.0000,-76.5051,19.1837,25.168,0.013,25.181,NVIDIA L4,6e3d1db
cifar100,resnet18,2,2.0,1.0,256,42,77.3500,77.4545,67.0000,1.1900,1.2020,0.0000,77.7879,0.0000,-76.5859,32.4360,30.950,0.014,30.964,NVIDIA L4,6e3d1db
cifar100,resnet18,2,2.0,1.0,512,42,77.3500,77.4545,67.0000,1.2700,1.2828,0.0000,77.7879,0.0000,-76.5051,39.3577,31.314,0.015,31.329,NVIDIA L4,6e3d1db
cifar100,resnet18,2,2.0,1.0,64,42,77.3500,77.4545,67.0000,1.6700,1.6869,0.0000,77.7879,0.0000,-76.1010,19.1837,25.168,0.017,25.185,NVIDIA L4,6e3d1db
cifar100,resnet18,2,20.0,0.1,256,42,77.3500,77.4545,67.0000,69.1200,69.8182,0.0000,77.7879,0.0000,-7.9697,3.8918,30.950,0.013,30.963,NVIDIA L4,6e3d1db
cifar100,resnet18,2,20.0,0.1,512,42,77.3500,77.4545,67.0000,25.7100,25.9697,0.0000,77.7879,0.0000,-51.8182,6.8732,31.314,0.013,31.327,NVIDIA L4,6e3d1db
cifar100,resnet18,2,20.0,0.1,64,42,77.3500,77.4545,67.0000,75.4700,76.2323,0.0000,77.7879,0.0000,-1.5556,1.4359,25.168,0.012,25.180,NVIDIA L4,6e3d1db
cifar100,resnet18,2,20.0,0.5,256,42,77.3500,77.4545,67.0000,69.2400,69.9394,0.0000,77.7879,0.0000,-7.8485,3.8918,30.950,0.013,30.963,NVIDIA L4,6e3d1db
cifar100,resnet18,2,20.0,0.5,512,42,77.3500,77.4545,67.0000,27.1300,27.4040,0.0000,77.7879,0.0000,-50.3838,6.8732,31.314,0.013,31.327,NVIDIA L4,6e3d1db
cifar100,resnet18,2,20.0,0.5,64,42,77.3500,77.4545,67.0000,75.5100,76.2727,0.0000,77.7879,0.0000,-1.5152,1.4359,25.168,0.013,25.180,NVIDIA L4,6e3d1db
cifar100,resnet18,2,20.0,1.0,256,42,77.3500,77.4545,67.0000,69.3900,70.0909,0.0000,77.7879,0.0000,-7.6970,3.8918,30.950,0.013,30.963,NVIDIA L4,6e3d1db
cifar100,resnet18,2,20.0,1.0,512,42,77.3500,77.4545,67.0000,28.5900,28.8788,0.0000,77.7879,0.0000,-48.9091,6.8732,31.314,0.013,31.327,NVIDIA L4,6e3d1db
cifar100,resnet18,2,20.0,1.0,64,42,77.3500,77.4545,67.0000,75.5200,76.2828,0.0000,77.7879,0.0000,-1.5051,1.4359,25.168,0.012,25.180,NVIDIA L4,6e3d1db
cifar100,resnet18,2,30.0,0.1,256,42,77.3500,77.4545,67.0000,73.8600,74.6061,0.0000,77.7879,0.0000,-3.1818,2.0372,30.950,0.013,30.963,NVIDIA L4,6e3d1db
cifar100,resnet18,2,30.0,0.1,512,42,77.3500,77.4545,67.0000,69.7100,70.4141,0.0000,77.7879,0.0000,-7.3737,3.7467,31.314,0.013,31.327,NVIDIA L4,6e3d1db
cifar100,resnet18,2,30.0,0.1,64,42,77.3500,77.4545,67.0000,76.2800,77.0505,0.0000,77.7879,0.0000,-0.7374,0.7569,25.168,0.012,25.180,NVIDIA L4,6e3d1db
cifar100,resnet18,2,30.0,0.5,256,42,77.3500,77.4545,67.0000,73.8900,74.6364,0.0000,77.7879,0.0000,-3.1515,2.0372,30.950,0.013,30.962,NVIDIA L4,6e3d1db
cifar100,resnet18,2,30.0,0.5,512,42,77.3500,77.4545,67.0000,69.7700,70.4747,0.0000,77.7879,0.0000,-7.3131,3.7467,31.314,0.014,31.328,NVIDIA L4,6e3d1db
cifar100,resnet18,2,30.0,0.5,64,42,77.3500,77.4545,67.0000,76.2800,77.0505,0.0000,77.7879,0.0000,-0.7374,0.7569,25.168,0.012,25.180,NVIDIA L4,6e3d1db
cifar100,resnet18,2,30.0,1.0,256,42,77.3500,77.4545,67.0000,73.9300,74.6768,0.0000,77.7879,0.0000,-3.1111,2.0372,30.950,0.013,30.963,NVIDIA L4,6e3d1db
cifar100,resnet18,2,30.0,1.0,512,42,77.3500,77.4545,67.0000,69.7600,70.4646,0.0000,77.7879,0.0000,-7.3232,3.7467,31.314,0.013,31.327,NVIDIA L4,6e3d1db
cifar100,resnet18,2,30.0,1.0,64,42,77.3500,77.4545,67.0000,76.2700,77.0404,0.0000,77.7879,0.0000,-0.7475,0.7569,25.168,0.012,25.180,NVIDIA L4,6e3d1db
cifar100,resnet18,2,4.0,0.1,256,42,77.3500,77.4545,67.0000,1.0000,1.0101,0.0000,77.7879,0.0000,-76.7778,21.4005,30.950,0.014,30.964,NVIDIA L4,6e3d1db
cifar100,resnet18,2,4.0,0.1,512,42,77.3500,77.4545,67.0000,1.0200,1.0303,0.0000,77.7879,0.0000,-76.7576,28.4343,31.314,0.014,31.328,NVIDIA L4,6e3d1db
cifar100,resnet18,2,4.0,0.1,64,42,77.3500,77.4545,67.0000,15.9300,16.0909,0.0000,77.7879,0.0000,-61.6970,10.0749,25.168,0.013,25.181,NVIDIA L4,6e3d1db
cifar100,resnet18,2,4.0,0.5,256,42,77.3500,77.4545,67.0000,1.0000,1.0101,0.0000,77.7879,0.0000,-76.7778,21.4005,30.950,0.014,30.963,NVIDIA L4,6e3d1db
cifar100,resnet18,2,4.0,0.5,512,42,77.3500,77.4545,67.0000,1.0800,1.0909,0.0000,77.7879,0.0000,-76.6970,28.4343,31.314,0.014,31.328,NVIDIA L4,6e3d1db
cifar100,resnet18,2,4.0,0.5,64,42,77.3500,77.4545,67.0000,19.7700,19.9697,0.0000,77.7879,0.0000,-57.8182,10.0749,25.168,0.014,25.182,NVIDIA L4,6e3d1db
cifar100,resnet18,2,4.0,1.0,256,42,77.3500,77.4545,67.0000,1.0100,1.0202,0.0000,77.7879,0.0000,-76.7677,21.4005,30.950,0.014,30.963,NVIDIA L4,6e3d1db
cifar100,resnet18,2,4.0,1.0,512,42,77.3500,77.4545,67.0000,1.1400,1.1515,0.0000,77.7879,0.0000,-76.6364,28.4343,31.314,0.014,31.328,NVIDIA L4,6e3d1db
cifar100,resnet18,2,4.0,1.0,64,42,77.3500,77.4545,67.0000,24.7800,25.0303,0.0000,77.7879,0.0000,-52.7576,10.0749,25.168,0.013,25.181,NVIDIA L4,6e3d1db
cifar100,resnet18,2,50.0,0.1,256,42,77.3500,77.4545,67.0000,76.0200,76.7879,0.0000,77.7879,0.0000,-1.0000,0.6791,30.950,0.012,30.962,NVIDIA L4,6e3d1db
cifar100,resnet18,2,50.0,0.1,512,42,77.3500,77.4545,67.0000,75.0300,75.7879,0.0000,77.7879,0.0000,-2.0000,1.3388,31.314,0.016,31.330,NVIDIA L4,6e3d1db
cifar100,resnet18,2,50.0,0.1,64,42,77.3500,77.4545,67.0000,76.4900,77.2626,0.0000,77.7879,0.0000,-0.5253,0.3049,25.168,0.012,25.179,NVIDIA L4,6e3d1db
cifar100,resnet18,2,50.0,0.5,256,42,77.3500,77.4545,67.0000,76.0400,76.8081,0.0000,77.7879,0.0000,-0.9798,0.6791,30.950,0.012,30.962,NVIDIA L4,6e3d1db
cifar100,resnet18,2,50.0,0.5,512,42,77.3500,77.4545,67.0000,75.0300,75.7879,0.0000,77.7879,0.0000,-2.0000,1.3388,31.314,0.012,31.326,NVIDIA L4,6e3d1db
cifar100,resnet18,2,50.0,0.5,64,42,77.3500,77.4545,67.0000,76.5100,77.2828,0.0000,77.7879,0.0000,-0.5051,0.3049,25.168,0.015,25.183,NVIDIA L4,6e3d1db
cifar100,resnet18,2,50.0,1.0,256,42,77.3500,77.4545,67.0000,76.0400,76.8081,0.0000,77.7879,0.0000,-0.9798,0.6791,30.950,0.013,30.962,NVIDIA L4,6e3d1db
cifar100,resnet18,2,50.0,1.0,512,42,77.3500,77.4545,67.0000,75.0600,75.8182,0.0000,77.7879,0.0000,-1.9697,1.3388,31.314,0.012,31.326,NVIDIA L4,6e3d1db
cifar100,resnet18,2,50.0,1.0,64,42,77.3500,77.4545,67.0000,76.5000,77.2727,0.0000,77.7879,0.0000,-0.5152,0.3049,25.168,0.012,25.179,NVIDIA L4,6e3d1db
cifar100,resnet18,2,6.0,0.1,256,42,77.3500,77.4545,67.0000,1.4700,1.4848,0.0000,77.7879,0.0000,-76.3030,15.5839,30.950,0.013,30.963,NVIDIA L4,6e3d1db
cifar100,resnet18,2,6.0,0.1,512,42,77.3500,77.4545,67.0000,1.0000,1.0101,0.0000,77.7879,0.0000,-76.7778,22.2084,31.314,0.014,31.327,NVIDIA L4,6e3d1db
cifar100,resnet18,2,6.0,0.1,64,42,77.3500,77.4545,67.0000,56.3700,56.9394,0.0000,77.7879,0.0000,-20.8485,6.5171,25.168,0.013,25.181,NVIDIA L4,6e3d1db
cifar100,resnet18,2,6.0,0.5,256,42,77.3500,77.4545,67.0000,1.4900,1.5051,0.0000,77.7879,0.0000,-76.2828,15.5839,30.950,0.014,30.964,NVIDIA L4,6e3d1db
cifar100,resnet18,2,6.0,0.5,512,42,77.3500,77.4545,67.0000,1.0000,1.0101,0.0000,77.7879,0.0000,-76.7778,22.2084,31.314,0.014,31.328,NVIDIA L4,6e3d1db
cifar100,resnet18,2,6.0,0.5,64,42,77.3500,77.4545,67.0000,57.4900,58.0707,0.0000,77.7879,0.0000,-19.7172,6.5171,25.168,0.013,25.181,NVIDIA L4,6e3d1db
cifar100,resnet18,2,6.0,1.0,256,42,77.3500,77.4545,67.0000,1.5900,1.6061,0.0000,77.7879,0.0000,-76.1818,15.5839,30.950,0.014,30.964,NVIDIA L4,6e3d1db
cifar100,resnet18,2,6.0,1.0,512,42,77.3500,77.4545,67.0000,1.0000,1.0101,0.0000,77.7879,0.0000,-76.7778,22.2084,31.314,0.014,31.328,NVIDIA L4,6e3d1db
cifar100,resnet18,2,6.0,1.0,64,42,77.3500,77.4545,67.0000,59.2200,59.8182,0.0000,77.7879,0.0000,-17.9697,6.5171,25.168,0.013,25.181,NVIDIA L4,6e3d1db
cifar100,resnet18,2,8.0,0.1,256,42,77.3500,77.4545,67.0000,3.9100,3.9495,0.0000,77.7879,0.0000,-73.8384,11.9315,30.950,0.013,30.963,NVIDIA L4,6e3d1db
cifar100,resnet18,2,8.0,0.1,512,42,77.3500,77.4545,67.0000,1.0700,1.0808,0.0000,77.7879,0.0000,-76.7071,17.9857,31.314,0.014,31.327,NVIDIA L4,6e3d1db
cifar100,resnet18,2,8.0,0.1,64,42,77.3500,77.4545,67.0000,67.7100,68.3939,0.0000,77.7879,0.0000,-9.3939,4.6895,25.168,0.013,25.181,NVIDIA L4,6e3d1db
cifar100,resnet18,2,8.0,0.5,256,42,77.3500,77.4545,67.0000,4.1000,4.1414,0.0000,77.7879,0.0000,-73.6465,11.9315,30.950,0.013,30.963,NVIDIA L4,6e3d1db
cifar100,resnet18,2,8.0,0.5,512,42,77.3500,77.4545,67.0000,1.0900,1.1010,0.0000,77.7879,0.0000,-76.6869,17.9857,31.314,0.014,31.327,NVIDIA L4,6e3d1db
cifar100,resnet18,2,8.0,0.5,64,42,77.3500,77.4545,67.0000,67.9900,68.6768,0.0000,77.7879,0.0000,-9.1111,4.6895,25.168,0.013,25.181,NVIDIA L4,6e3d1db
cifar100,resnet18,2,8.0,1.0,256,42,77.3500,77.4545,67.0000,4.4600,4.5051,0.0000,77.7879,0.0000,-73.2828,11.9315,30.950,0.013,30.963,NVIDIA L4,6e3d1db
cifar100,resnet18,2,8.0,1.0,512,42,77.3500,77.4545,67.0000,1.1300,1.1414,0.0000,77.7879,0.0000,-76.6465,17.9857,31.314,0.014,31.328,NVIDIA L4,6e3d1db
cifar100,resnet18,2,8.0,1.0,64,42,77.3500,77.4545,67.0000,68.5400,69.2323,0.0000,77.7879,0.0000,-8.5556,4.6895,25.168,0.013,25.181,NVIDIA L4,6e3d1db
cifar100,resnet18,40,10.0,0.1,256,42,77.3500,77.3737,75.0000,53.0300,53.5657,0.0000,77.3737,0.0000,-23.8081,6.0739,31.773,0.013,31.786,NVIDIA L4,6e3d1db
cifar100,resnet18,40,10.0,0.1,512,42,77.3500,77.3737,75.0000,31.6300,31.9495,0.0000,77.3737,0.0000,-45.4242,9.5943,31.125,0.013,31.138,NVIDIA L4,6e3d1db
cifar100,resnet18,40,10.0,0.1,64,42,77.3500,77.3737,75.0000,72.8100,73.5455,0.0000,77.3737,0.0000,-3.8283,2.4648,27.653,0.013,27.666,NVIDIA L4,6e3d1db
cifar100,resnet18,40,10.0,0.5,256,42,77.3500,77.3737,75.0000,53.6100,54.1515,0.0000,77.3737,0.0000,-23.2222,6.0739,31.773,0.013,31.786,NVIDIA L4,6e3d1db
cifar100,resnet18,40,10.0,0.5,512,42,77.3500,77.3737,75.0000,32.7300,33.0606,0.0000,77.3737,0.0000,-44.3131,9.5943,31.125,0.013,31.138,NVIDIA L4,6e3d1db
cifar100,resnet18,40,10.0,0.5,64,42,77.3500,77.3737,75.0000,72.8700,73.6061,0.0000,77.3737,0.0000,-3.7677,2.4648,27.653,0.012,27.666,NVIDIA L4,6e3d1db
cifar100,resnet18,40,10.0,1.0,256,42,77.3500,77.3737,75.0000,54.3200,54.8687,0.0000,77.3737,0.0000,-22.5051,6.0739,31.773,0.013,31.786,NVIDIA L4,6e3d1db
cifar100,resnet18,40,10.0,1.0,512,42,77.3500,77.3737,75.0000,33.8200,34.1616,0.0000,77.3737,0.0000,-43.2121,9.5943,31.125,0.013,31.138,NVIDIA L4,6e3d1db
cifar100,resnet18,40,10.0,1.0,64,42,77.3500,77.3737,75.0000,73.0300,73.7677,0.0000,77.3737,0.0000,-3.6061,2.4648,27.653,0.013,27.666,NVIDIA L4,6e3d1db
cifar100,resnet18,40,12.0,0.1,256,42,77.3500,77.3737,75.0000,63.1900,63.8283,0.0000,77.3737,0.0000,-13.5455,5.0721,31.773,0.013,31.786,NVIDIA L4,6e3d1db
cifar100,resnet18,40,12.0,0.1,512,42,77.3500,77.3737,75.0000,39.4200,39.8182,0.0000,77.3737,0.0000,-37.5556,8.1210,31.125,0.013,31.138,NVIDIA L4,6e3d1db
cifar100,resnet18,40,12.0,0.1,64,42,77.3500,77.3737,75.0000,74.1600,74.9091,0.0000,77.3737,0.0000,-2.4646,2.0629,27.653,0.016,27.670,NVIDIA L4,6e3d1db
cifar100,resnet18,40,12.0,0.5,256,42,77.3500,77.3737,75.0000,63.5100,64.1515,0.0000,77.3737,0.0000,-13.2222,5.0721,31.773,0.013,31.786,NVIDIA L4,6e3d1db
cifar100,resnet18,40,12.0,0.5,512,42,77.3500,77.3737,75.0000,40.0700,40.4747,0.0000,77.3737,0.0000,-36.8990,8.1210,31.125,0.013,31.138,NVIDIA L4,6e3d1db
cifar100,resnet18,40,12.0,0.5,64,42,77.3500,77.3737,75.0000,74.2700,75.0202,0.0000,77.3737,0.0000,-2.3535,2.0629,27.653,0.016,27.670,NVIDIA L4,6e3d1db
cifar100,resnet18,40,12.0,1.0,256,42,77.3500,77.3737,75.0000,63.7900,64.4343,0.0000,77.3737,0.0000,-12.9394,5.0721,31.773,0.013,31.786,NVIDIA L4,6e3d1db
cifar100,resnet18,40,12.0,1.0,512,42,77.3500,77.3737,75.0000,41.0500,41.4646,0.0000,77.3737,0.0000,-35.9091,8.1210,31.125,0.013,31.138,NVIDIA L4,6e3d1db
cifar100,resnet18,40,12.0,1.0,64,42,77.3500,77.3737,75.0000,74.3100,75.0606,0.0000,77.3737,0.0000,-2.3131,2.0629,27.653,0.016,27.669,NVIDIA L4,6e3d1db
cifar100,resnet18,40,15.0,0.1,256,42,77.3500,77.3737,75.0000,67.0300,67.7071,0.0000,77.3737,0.0000,-9.6667,4.0382,31.773,0.013,31.786,NVIDIA L4,6e3d1db
cifar100,resnet18,40,15.0,0.1,512,42,77.3500,77.3737,75.0000,48.9700,49.4646,0.0000,77.3737,0.0000,-27.9091,6.5531,31.125,0.013,31.138,NVIDIA L4,6e3d1db
cifar100,resnet18,40,15.0,0.1,64,42,77.3500,77.3737,75.0000,75.3100,76.0707,0.0000,77.3737,0.0000,-1.3030,1.6520,27.653,0.016,27.669,NVIDIA L4,6e3d1db
cifar100,resnet18,40,15.0,0.5,256,42,77.3500,77.3737,75.0000,67.2800,67.9596,0.0000,77.3737,0.0000,-9.4141,4.0382,31.773,0.013,31.786,NVIDIA L4,6e3d1db
cifar100,resnet18,40,15.0,0.5,512,42,77.3500,77.3737,75.0000,49.6100,50.1111,0.0000,77.3737,0.0000,-27.2626,6.5531,31.125,0.013,31.138,NVIDIA L4,6e3d1db
cifar100,resnet18,40,15.0,0.5,64,42,77.3500,77.3737,75.0000,75.3300,76.0909,0.0000,77.3737,0.0000,-1.2828,1.6520,27.653,0.012,27.666,NVIDIA L4,6e3d1db
cifar100,resnet18,40,15.0,1.0,256,42,77.3500,77.3737,75.0000,67.4800,68.1616,0.0000,77.3737,0.0000,-9.2121,4.0382,31.773,0.013,31.786,NVIDIA L4,6e3d1db
cifar100,resnet18,40,15.0,1.0,512,42,77.3500,77.3737,75.0000,50.2300,50.7374,0.0000,77.3737,0.0000,-26.6364,6.5531,31.125,0.013,31.138,NVIDIA L4,6e3d1db
cifar100,resnet18,40,15.0,1.0,64,42,77.3500,77.3737,75.0000,75.3500,76.1111,0.0000,77.3737,0.0000,-1.2626,1.6520,27.653,0.012,27.666,NVIDIA L4,6e3d1db
cifar100,resnet18,40,2.0,0.1,256,42,77.3500,77.3737,75.0000,1.1500,1.1616,0.0000,77.3737,0.0000,-76.2121,23.2693,31.773,0.015,31.788,NVIDIA L4,6e3d1db
cifar100,resnet18,40,2.0,0.1,512,42,77.3500,77.3737,75.0000,1.2400,1.2525,0.0000,77.3737,0.0000,-76.1212,30.3743,31.125,0.015,31.140,NVIDIA L4,6e3d1db
cifar100,resnet18,40,2.0,0.1,64,42,77.3500,77.3737,75.0000,25.1400,25.3939,0.0000,77.3737,0.0000,-51.9798,11.7010,27.653,0.017,27.670,NVIDIA L4,6e3d1db
cifar100,resnet18,40,2.0,0.5,256,42,77.3500,77.3737,75.0000,1.3500,1.3636,0.0000,77.3737,0.0000,-76.0101,23.2693,31.773,0.014,31.787,NVIDIA L4,6e3d1db
cifar100,resnet18,40,2.0,0.5,512,42,77.3500,77.3737,75.0000,1.1700,1.1818,0.0000,77.3737,0.0000,-76.1919,30.3743,31.125,0.014,31.139,NVIDIA L4,6e3d1db
cifar100,resnet18,40,2.0,0.5,64,42,77.3500,77.3737,75.0000,31.0500,31.3636,0.0000,77.3737,0.0000,-46.0101,11.7010,27.653,0.013,27.667,NVIDIA L4,6e3d1db
cifar100,resnet18,40,2.0,1.0,256,42,77.3500,77.3737,75.0000,1.8400,1.8586,0.0000,77.3737,0.0000,-75.5152,23.2693,31.773,0.014,31.787,NVIDIA L4,6e3d1db
cifar100,resnet18,40,2.0,1.0,512,42,77.3500,77.3737,75.0000,1.1200,1.1313,0.0000,77.3737,0.0000,-76.2424,30.3743,31.125,0.014,31.139,NVIDIA L4,6e3d1db
cifar100,resnet18,40,2.0,1.0,64,42,77.3500,77.3737,75.0000,38.2700,38.6566,0.0000,77.3737,0.0000,-38.7172,11.7010,27.653,0.017,27.670,NVIDIA L4,6e3d1db
cifar100,resnet18,40,20.0,0.1,256,42,77.3500,77.3737,75.0000,70.3800,71.0909,0.0000,77.3737,0.0000,-6.2828,2.9731,31.773,0.012,31.786,NVIDIA L4,6e3d1db
cifar100,resnet18,40,20.0,0.1,512,42,77.3500,77.3737,75.0000,63.7900,64.4343,0.0000,77.3737,0.0000,-12.9394,4.8945,31.125,0.013,31.138,NVIDIA L4,6e3d1db
cifar100,resnet18,40,20.0,0.1,64,42,77.3500,77.3737,75.0000,76.0400,76.8081,0.0000,77.3737,0.0000,-0.5657,1.2279,27.653,0.012,27.665,NVIDIA L4,6e3d1db
cifar100,resnet18,40,20.0,0.5,256,42,77.3500,77.3737,75.0000,70.4400,71.1515,0.0000,77.3737,0.0000,-6.2222,2.9731,31.773,0.013,31.786,NVIDIA L4,6e3d1db
cifar100,resnet18,40,20.0,0.5,512,42,77.3500,77.3737,75.0000,63.9700,64.6162,0.0000,77.3737,0.0000,-12.7576,4.8945,31.125,0.013,31.138,NVIDIA L4,6e3d1db
cifar100,resnet18,40,20.0,0.5,64,42,77.3500,77.3737,75.0000,76.0200,76.7879,0.0000,77.3737,0.0000,-0.5859,1.2279,27.653,0.013,27.666,NVIDIA L4,6e3d1db
cifar100,resnet18,40,20.0,1.0,256,42,77.3500,77.3737,75.0000,70.5800,71.2929,0.0000,77.3737,0.0000,-6.0808,2.9731,31.773,0.013,31.786,NVIDIA L4,6e3d1db
cifar100,resnet18,40,20.0,1.0,512,42,77.3500,77.3737,75.0000,64.1600,64.8081,0.0000,77.3737,0.0000,-12.5657,4.8945,31.125,0.013,31.138,NVIDIA L4,6e3d1db
cifar100,resnet18,40,20.0,1.0,64,42,77.3500,77.3737,75.0000,76.0200,76.7879,0.0000,77.3737,0.0000,-0.5859,1.2279,27.653,0.012,27.666,NVIDIA L4,6e3d1db
cifar100,resnet18,40,30.0,0.1,256,42,77.3500,77.3737,75.0000,73.7700,74.5152,0.0000,77.3737,0.0000,-2.8586,1.8587,31.773,0.013,31.786,NVIDIA L4,6e3d1db
cifar100,resnet18,40,30.0,0.1,512,42,77.3500,77.3737,75.0000,70.8600,71.5758,0.0000,77.3737,0.0000,-5.7980,3.1252,31.125,0.012,31.138,NVIDIA L4,6e3d1db
cifar100,resnet18,40,30.0,0.1,64,42,77.3500,77.3737,75.0000,76.2700,77.0404,0.0000,77.3737,0.0000,-0.3333,0.7625,27.653,0.012,27.665,NVIDIA L4,6e3d1db
cifar100,resnet18,40,30.0,0.5,256,42,77.3500,77.3737,75.0000,73.8200,74.5657,0.0000,77.3737,0.0000,-2.8081,1.8587,31.773,0.013,31.786,NVIDIA L4,6e3d1db
cifar100,resnet18,40,30.0,0.5,512,42,77.3500,77.3737,75.0000,70.9400,71.6566,0.0000,77.3737,0.0000,-5.7172,3.1252,31.125,0.013,31.138,NVIDIA L4,6e3d1db
cifar100,resnet18,40,30.0,0.5,64,42,77.3500,77.3737,75.0000,76.3000,77.0707,0.0000,77.3737,0.0000,-0.3030,0.7625,27.653,0.016,27.669,NVIDIA L4,6e3d1db
cifar100,resnet18,40,30.0,1.0,256,42,77.3500,77.3737,75.0000,73.8400,74.5859,0.0000,77.3737,0.0000,-2.7879,1.8587,31.773,0.012,31.786,NVIDIA L4,6e3d1db
cifar100,resnet18,40,30.0,1.0,512,42,77.3500,77.3737,75.0000,71.0000,71.7172,0.0000,77.3737,0.0000,-5.6566,3.1252,31.125,0.012,31.137,NVIDIA L4,6e3d1db
cifar100,resnet18,40,30.0,1.0,64,42,77.3500,77.3737,75.0000,76.3100,77.0808,0.0000,77.3737,0.0000,-0.2929,0.7625,27.653,0.012,27.665,NVIDIA L4,6e3d1db
cifar100,resnet18,40,4.0,0.1,256,42,77.3500,77.3737,75.0000,8.9300,9.0202,0.0000,77.3737,0.0000,-68.3535,13.9037,31.773,0.014,31.787,NVIDIA L4,6e3d1db
cifar100,resnet18,40,4.0,0.1,512,42,77.3500,77.3737,75.0000,2.4200,2.4444,0.0000,77.3737,0.0000,-74.9293,19.9578,31.125,0.014,31.139,NVIDIA L4,6e3d1db
cifar100,resnet18,40,4.0,0.1,64,42,77.3500,77.3737,75.0000,59.7600,60.3636,0.0000,77.3737,0.0000,-17.0101,6.0536,27.653,0.012,27.666,NVIDIA L4,6e3d1db
cifar100,resnet18,40,4.0,0.5,256,42,77.3500,77.3737,75.0000,10.4400,10.5455,0.0000,77.3737,0.0000,-66.8283,13.9037,31.773,0.013,31.787,NVIDIA L4,6e3d1db
cifar100,resnet18,40,4.0,0.5,512,42,77.3500,77.3737,75.0000,2.5700,2.5960,0.0000,77.3737,0.0000,-74.7778,19.9578,31.125,0.013,31.138,NVIDIA L4,6e3d1db
cifar100,resnet18,40,4.0,0.5,64,42,77.3500,77.3737,75.0000,60.8100,61.4242,0.0000,77.3737,0.0000,-15.9495,6.0536,27.653,0.013,27.666,NVIDIA L4,6e3d1db
cifar100,resnet18,40,4.0,1.0,256,42,77.3500,77.3737,75.0000,12.7100,12.8384,0.0000,77.3737,0.0000,-64.5354,13.9037,31.773,0.013,31.787,NVIDIA L4,6e3d1db
cifar100,resnet18,40,4.0,1.0,512,42,77.3500,77.3737,75.0000,2.8300,2.8586,0.0000,77.3737,0.0000,-74.5152,19.9578,31.125,0.013,31.139,NVIDIA L4,6e3d1db
cifar100,resnet18,40,4.0,1.0,64,42,77.3500,77.3737,75.0000,62.1100,62.7374,0.0000,77.3737,0.0000,-14.6364,6.0536,27.653,0.013,27.666,NVIDIA L4,6e3d1db
cifar100,resnet18,40,50.0,0.1,256,42,77.3500,77.3737,75.0000,76.2700,77.0404,0.0000,77.3737,0.0000,-0.3333,0.8682,31.773,0.012,31.785,NVIDIA L4,6e3d1db
cifar100,resnet18,40,50.0,0.1,512,42,77.3500,77.3737,75.0000,74.8900,75.6465,0.0000,77.3737,0.0000,-1.7273,1.5920,31.125,0.012,31.137,NVIDIA L4,6e3d1db
cifar100,resnet18,40,50.0,0.1,64,42,77.3500,77.3737,75.0000,76.5600,77.3333,0.0000,77.3737,0.0000,-0.0404,0.3307,27.653,0.015,27.669,NVIDIA L4,6e3d1db
cifar100,resnet18,40,50.0,0.5,256,42,77.3500,77.3737,75.0000,76.3000,77.0707,0.0000,77.3737,0.0000,-0.3030,0.8682,31.773,0.012,31.785,NVIDIA L4,6e3d1db
cifar100,resnet18,40,50.0,0.5,512,42,77.3500,77.3737,75.0000,74.8900,75.6465,0.0000,77.3737,0.0000,-1.7273,1.5920,31.125,0.012,31.137,NVIDIA L4,6e3d1db
cifar100,resnet18,40,50.0,0.5,64,42,77.3500,77.3737,75.0000,76.5500,77.3232,0.0000,77.3737,0.0000,-0.0505,0.3307,27.653,0.012,27.665,NVIDIA L4,6e3d1db
cifar100,resnet18,40,50.0,1.0,256,42,77.3500,77.3737,75.0000,76.2800,77.0505,0.0000,77.3737,0.0000,-0.3232,0.8682,31.773,0.015,31.789,NVIDIA L4,6e3d1db
cifar100,resnet18,40,50.0,1.0,512,42,77.3500,77.3737,75.0000,74.8700,75.6263,0.0000,77.3737,0.0000,-1.7475,1.5920,31.125,0.012,31.137,NVIDIA L4,6e3d1db
cifar100,resnet18,40,50.0,1.0,64,42,77.3500,77.3737,75.0000,76.5500,77.3232,0.0000,77.3737,0.0000,-0.0505,0.3307,27.653,0.012,27.665,NVIDIA L4,6e3d1db
cifar100,resnet18,40,6.0,0.1,256,42,77.3500,77.3737,75.0000,29.6100,29.9091,0.0000,77.3737,0.0000,-47.4646,9.8059,31.773,0.013,31.786,NVIDIA L4,6e3d1db
cifar100,resnet18,40,6.0,0.1,512,42,77.3500,77.3737,75.0000,7.6400,7.7172,0.0000,77.3737,0.0000,-69.6566,14.7938,31.125,0.013,31.139,NVIDIA L4,6e3d1db
cifar100,resnet18,40,6.0,0.1,64,42,77.3500,77.3737,75.0000,68.1900,68.8788,0.0000,77.3737,0.0000,-8.4949,4.0686,27.653,0.013,27.666,NVIDIA L4,6e3d1db
cifar100,resnet18,40,6.0,0.5,256,42,77.3500,77.3737,75.0000,31.4400,31.7576,0.0000,77.3737,0.0000,-45.6162,9.8059,31.773,0.014,31.787,NVIDIA L4,6e3d1db
cifar100,resnet18,40,6.0,0.5,512,42,77.3500,77.3737,75.0000,8.3400,8.4242,0.0000,77.3737,0.0000,-68.9495,14.7938,31.125,0.013,31.138,NVIDIA L4,6e3d1db
cifar100,resnet18,40,6.0,0.5,64,42,77.3500,77.3737,75.0000,68.5400,69.2323,0.0000,77.3737,0.0000,-8.1414,4.0686,27.653,0.013,27.666,NVIDIA L4,6e3d1db
cifar100,resnet18,40,6.0,1.0,256,42,77.3500,77.3737,75.0000,33.3800,33.7172,0.0000,77.3737,0.0000,-43.6566,9.8059,31.773,0.013,31.786,NVIDIA L4,6e3d1db
cifar100,resnet18,40,6.0,1.0,512,42,77.3500,77.3737,75.0000,9.5700,9.6667,0.0000,77.3737,0.0000,-67.7071,14.7938,31.125,0.017,31.142,NVIDIA L4,6e3d1db
cifar100,resnet18,40,6.0,1.0,64,42,77.3500,77.3737,75.0000,69.0100,69.7071,0.0000,77.3737,0.0000,-7.6667,4.0686,27.653,0.013,27.666,NVIDIA L4,6e3d1db
cifar100,resnet18,40,8.0,0.1,256,42,77.3500,77.3737,75.0000,41.3000,41.7172,0.0000,77.3737,0.0000,-35.6566,7.5248,31.773,0.013,31.786,NVIDIA L4,6e3d1db
cifar100,resnet18,40,8.0,0.1,512,42,77.3500,77.3737,75.0000,13.2100,13.3434,0.0000,77.3737,0.0000,-64.0303,11.6798,31.125,0.013,31.138,NVIDIA L4,6e3d1db
cifar100,resnet18,40,8.0,0.1,64,42,77.3500,77.3737,75.0000,71.0900,71.8081,0.0000,77.3737,0.0000,-5.5657,3.0698,27.653,0.013,27.666,NVIDIA L4,6e3d1db
cifar100,resnet18,40,8.0,0.5,256,42,77.3500,77.3737,75.0000,42.4500,42.8788,0.0000,77.3737,0.0000,-34.4949,7.5248,31.773,0.013,31.786,NVIDIA L4,6e3d1db
cifar100,resnet18,40,8.0,0.5,512,42,77.3500,77.3737,75.0000,14.8000,14.9495,0.0000,77.3737,0.0000,-62.4242,11.6798,31.125,0.013,31.138,NVIDIA L4,6e3d1db
cifar100,resnet18,40,8.0,0.5,64,42,77.3500,77.3737,75.0000,71.2700,71.9899,0.0000,77.3737,0.0000,-5.3838,3.0698,27.653,0.012,27.666,NVIDIA L4,6e3d1db
cifar100,resnet18,40,8.0,1.0,256,42,77.3500,77.3737,75.0000,44.0000,44.4444,0.0000,77.3737,0.0000,-32.9293,7.5248,31.773,0.013,31.786,NVIDIA L4,6e3d1db
cifar100,resnet18,40,8.0,1.0,512,42,77.3500,77.3737,75.0000,16.8200,16.9899,0.0000,77.3737,0.0000,-60.3838,11.6798,31.125,0.013,31.138,NVIDIA L4,6e3d1db
cifar100,resnet18,40,8.0,1.0,64,42,77.3500,77.3737,75.0000,71.4600,72.1818,0.0000,77.3737,0.0000,-5.1919,3.0698,27.653,0.013,27.666,NVIDIA L4,6e3d1db
cifar20,resnet18,5,10.0,0.1,256,42,85.3400,85.2737,86.6000,81.3600,85.6421,0.0000,86.1789,0.0000,-0.5368,0.6570,27.746,0.011,27.757,NVIDIA L4,6e3d1db
cifar20,resnet18,5,10.0,0.1,512,42,85.3400,85.2737,86.6000,81.2500,85.5263,0.0000,86.1789,0.0000,-0.6526,1.3356,27.884,0.012,27.895,NVIDIA L4,6e3d1db
cifar20,resnet18,5,10.0,0.1,64,42,85.3400,85.2737,86.6000,76.0000,80.0000,0.0000,86.1789,0.0000,-6.1789,3.6661,24.347,0.012,24.359,NVIDIA L4,6e3d1db
cifar20,resnet18,5,10.0,0.5,256,42,85.3400,85.2737,86.6000,81.3500,85.6316,0.0000,86.1789,0.0000,-0.5474,0.6570,27.746,0.011,27.757,NVIDIA L4,6e3d1db
cifar20,resnet18,5,10.0,0.5,512,42,85.3400,85.2737,86.6000,81.2800,85.5579,0.0000,86.1789,0.0000,-0.6211,1.3356,27.884,0.012,27.896,NVIDIA L4,6e3d1db
cifar20,resnet18,5,10.0,0.5,64,42,85.3400,85.2737,86.6000,76.1400,80.1474,0.0000,86.1789,0.0000,-6.0316,3.6661,24.347,0.013,24.360,NVIDIA L4,6e3d1db
cifar20,resnet18,5,10.0,1.0,256,42,85.3400,85.2737,86.6000,81.3700,85.6526,0.0000,86.1789,0.0000,-0.5263,0.6570,27.746,0.011,27.757,NVIDIA L4,6e3d1db
cifar20,resnet18,5,10.0,1.0,512,42,85.3400,85.2737,86.6000,81.3100,85.5895,0.0000,86.1789,0.0000,-0.5895,1.3356,27.884,0.012,27.895,NVIDIA L4,6e3d1db
cifar20,resnet18,5,10.0,1.0,64,42,85.3400,85.2737,86.6000,76.2500,80.2632,0.0000,86.1789,0.0000,-5.9158,3.6661,24.347,0.013,24.360,NVIDIA L4,6e3d1db
cifar20,resnet18,5,12.0,0.1,256,42,85.3400,85.2737,86.6000,81.5900,85.8842,0.0000,86.1789,0.0000,-0.2947,0.3567,27.746,0.011,27.757,NVIDIA L4,6e3d1db
cifar20,resnet18,5,12.0,0.1,512,42,85.3400,85.2737,86.6000,81.3700,85.6526,0.0000,86.1789,0.0000,-0.5263,0.8437,27.884,0.011,27.895,NVIDIA L4,6e3d1db
cifar20,resnet18,5,12.0,0.1,64,42,85.3400,85.2737,86.6000,77.1300,81.1895,0.0000,86.1789,0.0000,-4.9895,3.1259,24.347,0.012,24.359,NVIDIA L4,6e3d1db
cifar20,resnet18,5,12.0,0.5,256,42,85.3400,85.2737,86.6000,81.5900,85.8842,0.0000,86.1789,0.0000,-0.2947,0.3567,27.746,0.011,27.757,NVIDIA L4,6e3d1db
cifar20,resnet18,5,12.0,0.5,512,42,85.3400,85.2737,86.6000,81.3600,85.6421,0.0000,86.1789,0.0000,-0.5368,0.8437,27.884,0.012,27.895,NVIDIA L4,6e3d1db
cifar20,resnet18,5,12.0,0.5,64,42,85.3400,85.2737,86.6000,77.3000,81.3684,0.0000,86.1789,0.0000,-4.8105,3.1259,24.347,0.013,24.360,NVIDIA L4,6e3d1db
cifar20,resnet18,5,12.0,1.0,256,42,85.3400,85.2737,86.6000,81.5900,85.8842,0.0000,86.1789,0.0000,-0.2947,0.3567,27.746,0.011,27.757,NVIDIA L4,6e3d1db
cifar20,resnet18,5,12.0,1.0,512,42,85.3400,85.2737,86.6000,81.3500,85.6316,0.0000,86.1789,0.0000,-0.5474,0.8437,27.884,0.012,27.895,NVIDIA L4,6e3d1db
cifar20,resnet18,5,12.0,1.0,64,42,85.3400,85.2737,86.6000,77.5100,81.5895,0.0000,86.1789,0.0000,-4.5895,3.1259,24.347,0.012,24.359,NVIDIA L4,6e3d1db
cifar20,resnet18,5,15.0,0.1,256,42,85.3400,85.2737,86.6000,81.5000,85.7789,0.2000,86.1789,0.0000,-0.4000,0.0878,27.746,0.012,27.757,NVIDIA L4,6e3d1db
cifar20,resnet18,5,15.0,0.1,512,42,85.3400,85.2737,86.6000,81.5000,85.7895,0.0000,86.1789,0.0000,-0.3895,0.3380,27.884,0.012,27.896,NVIDIA L4,6e3d1db
cifar20,resnet18,5,15.0,0.1,64,42,85.3400,85.2737,86.6000,79.0800,83.2421,0.0000,86.1789,0.0000,-2.9368,2.5492,24.347,0.012,24.359,NVIDIA L4,6e3d1db
cifar20,resnet18,5,15.0,0.5,256,42,85.3400,85.2737,86.6000,81.5100,85.7684,0.6000,86.1789,0.0000,-0.4105,0.0878,27.746,0.011,27.757,NVIDIA L4,6e3d1db
cifar20,resnet18,5,15.0,0.5,512,42,85.3400,85.2737,86.6000,81.5100,85.8000,0.0000,86.1789,0.0000,-0.3789,0.3380,27.884,0.011,27.895,NVIDIA L4,6e3d1db
cifar20,resnet18,5,15.0,0.5,64,42,85.3400,85.2737,86.6000,79.1000,83.2632,0.0000,86.1789,0.0000,-2.9158,2.5492,24.347,0.012,24.359,NVIDIA L4,6e3d1db
cifar20,resnet18,5,15.0,1.0,256,42,85.3400,85.2737,86.6000,81.5400,85.7579,1.4000,86.1789,0.0000,-0.4211,0.0878,27.746,0.011,27.757,NVIDIA L4,6e3d1db
cifar20,resnet18,5,15.0,1.0,512,42,85.3400,85.2737,86.6000,81.5100,85.8000,0.0000,86.1789,0.0000,-0.3789,0.3380,27.884,0.011,27.895,NVIDIA L4,6e3d1db
cifar20,resnet18,5,15.0,1.0,64,42,85.3400,85.2737,86.6000,79.1700,83.3368,0.0000,86.1789,0.0000,-2.8421,2.5492,24.347,0.012,24.359,NVIDIA L4,6e3d1db
cifar20,resnet18,5,2.0,0.1,256,42,85.3400,85.2737,86.6000,71.9200,75.7053,0.0000,86.1789,0.0000,-10.4737,7.1517,27.746,0.016,27.762,NVIDIA L4,6e3d1db
cifar20,resnet18,5,2.0,0.1,512,42,85.3400,85.2737,86.6000,58.9000,62.0000,0.0000,86.1789,0.0000,-24.1789,10.3652,27.884,0.013,27.897,NVIDIA L4,6e3d1db
cifar20,resnet18,5,2.0,0.1,64,42,85.3400,85.2737,86.6000,33.2000,34.9474,0.0000,86.1789,0.0000,-51.2316,11.9034,24.347,0.069,24.416,NVIDIA L4,6e3d1db
cifar20,resnet18,5,2.0,0.5,256,42,85.3400,85.2737,86.6000,73.2900,77.1474,0.0000,86.1789,0.0000,-9.0316,7.1517,27.746,0.012,27.758,NVIDIA L4,6e3d1db
cifar20,resnet18,5,2.0,0.5,512,42,85.3400,85.2737,86.6000,60.9900,64.2000,0.0000,86.1789,0.0000,-21.9789,10.3652,27.884,0.013,27.896,NVIDIA L4,6e3d1db
cifar20,resnet18,5,2.0,0.5,64,42,85.3400,85.2737,86.6000,37.2400,39.2000,0.0000,86.1789,0.0000,-46.9789,11.9034,24.347,0.016,24.363,NVIDIA L4,6e3d1db
cifar20,resnet18,5,2.0,1.0,256,42,85.3400,85.2737,86.6000,75.2800,79.2421,0.0000,86.1789,0.0000,-6.9368,7.1517,27.746,0.013,27.758,NVIDIA L4,6e3d1db
cifar20,resnet18,5,2.0,1.0,512,42,85.3400,85.2737,86.6000,64.6500,68.0526,0.0000,86.1789,0.0000,-18.1263,10.3652,27.884,0.013,27.897,NVIDIA L4,6e3d1db
cifar20,resnet18,5,2.0,1.0,64,42,85.3400,85.2737,86.6000,43.7700,46.0737,0.0000,86.1789,0.0000,-40.1053,11.9034,24.347,0.013,24.360,NVIDIA L4,6e3d1db
cifar20,resnet18,5,20.0,0.1,256,42,85.3400,85.2737,86.6000,85.3500,85.2842,86.6000,86.1789,0.0000,-0.8947,0.0012,27.746,0.014,27.760,NVIDIA L4,6e3d1db
cifar20,resnet18,5,20.0,0.1,512,42,85.3400,85.2737,86.6000,85.3700,85.2947,86.8000,86.1789,0.0000,-0.8842,0.0028,27.884,0.011,27.895,NVIDIA L4,6e3d1db
cifar20,resnet18,5,20.0,0.1,64,42,85.3400,85.2737,86.6000,80.2700,84.4000,1.8000,86.1789,0.0000,-1.7789,1.9459,24.347,0.012,24.359,NVIDIA L4,6e3d1db
cifar20,resnet18,5,20.0,0.5,256,42,85.3400,85.2737,86.6000,85.3500,85.2842,86.6000,86.1789,0.0000,-0.8947,0.0012,27.746,0.011,27.757,NVIDIA L4,6e3d1db
cifar20,resnet18,5,20.0,0.5,512,42,85.3400,85.2737,86.6000,85.3700,85.2947,86.8000,86.1789,0.0000,-0.8842,0.0028,27.884,0.011,27.895,NVIDIA L4,6e3d1db
cifar20,resnet18,5,20.0,0.5,64,42,85.3400,85.2737,86.6000,80.3400,84.4211,2.8000,86.1789,0.0000,-1.7579,1.9459,24.347,0.013,24.360,NVIDIA L4,6e3d1db
cifar20,resnet18,5,20.0,1.0,256,42,85.3400,85.2737,86.6000,85.3500,85.2842,86.6000,86.1789,0.0000,-0.8947,0.0012,27.746,0.011,27.757,NVIDIA L4,6e3d1db
cifar20,resnet18,5,20.0,1.0,512,42,85.3400,85.2737,86.6000,85.3700,85.2947,86.8000,86.1789,0.0000,-0.8842,0.0028,27.884,0.011,27.895,NVIDIA L4,6e3d1db
cifar20,resnet18,5,20.0,1.0,64,42,85.3400,85.2737,86.6000,80.4300,84.4632,3.8000,86.1789,0.0000,-1.7158,1.9459,24.347,0.012,24.359,NVIDIA L4,6e3d1db
cifar20,resnet18,5,30.0,0.1,256,42,85.3400,85.2737,86.6000,85.3400,85.2737,86.6000,86.1789,0.0000,-0.9053,0.0000,27.746,0.011,27.756,NVIDIA L4,6e3d1db
cifar20,resnet18,5,30.0,0.1,512,42,85.3400,85.2737,86.6000,85.3400,85.2737,86.6000,86.1789,0.0000,-0.9053,0.0000,27.884,0.011,27.895,NVIDIA L4,6e3d1db
cifar20,resnet18,5,30.0,0.1,64,42,85.3400,85.2737,86.6000,82.9600,85.2000,40.4000,86.1789,0.0000,-0.9789,1.2877,24.347,0.012,24.359,NVIDIA L4,6e3d1db
cifar20,resnet18,5,30.0,0.5,256,42,85.3400,85.2737,86.6000,85.3400,85.2737,86.6000,86.1789,0.0000,-0.9053,0.0000,27.746,0.011,27.757,NVIDIA L4,6e3d1db
cifar20,resnet18,5,30.0,0.5,512,42,85.3400,85.2737,86.6000,85.3400,85.2737,86.6000,86.1789,0.0000,-0.9053,0.0000,27.884,0.011,27.895,NVIDIA L4,6e3d1db
cifar20,resnet18,5,30.0,0.5,64,42,85.3400,85.2737,86.6000,83.0200,85.2316,41.0000,86.1789,0.0000,-0.9474,1.2877,24.347,0.012,24.359,NVIDIA L4,6e3d1db
cifar20,resnet18,5,30.0,1.0,256,42,85.3400,85.2737,86.6000,85.3400,85.2737,86.6000,86.1789,0.0000,-0.9053,0.0000,27.746,0.011,27.757,NVIDIA L4,6e3d1db
cifar20,resnet18,5,30.0,1.0,512,42,85.3400,85.2737,86.6000,85.3400,85.2737,86.6000,86.1789,0.0000,-0.9053,0.0000,27.884,0.011,27.894,NVIDIA L4,6e3d1db
cifar20,resnet18,5,30.0,1.0,64,42,85.3400,85.2737,86.6000,83.0800,85.2316,42.2000,86.1789,0.0000,-0.9474,1.2877,24.347,0.012,24.359,NVIDIA L4,6e3d1db
cifar20,resnet18,5,4.0,0.1,256,42,85.3400,85.2737,86.6000,80.7400,84.9895,0.0000,86.1789,0.0000,-1.1895,3.2910,27.746,0.012,27.758,NVIDIA L4,6e3d1db
cifar20,resnet18,5,4.0,0.1,512,42,85.3400,85.2737,86.6000,77.5900,81.6737,0.0000,86.1789,0.0000,-4.5053,5.2386,27.884,0.012,27.896,NVIDIA L4,6e3d1db
cifar20,resnet18,5,4.0,0.1,64,42,85.3400,85.2737,86.6000,64.0300,67.4000,0.0000,86.1789,0.0000,-18.7789,7.4605,24.347,0.013,24.360,NVIDIA L4,6e3d1db
cifar20,resnet18,5,4.0,0.5,256,42,85.3400,85.2737,86.6000,80.8300,85.0842,0.0000,86.1789,0.0000,-1.0947,3.2910,27.746,0.016,27.761,NVIDIA L4,6e3d1db
cifar20,resnet18,5,4.0,0.5,512,42,85.3400,85.2737,86.6000,77.8400,81.9368,0.0000,86.1789,0.0000,-4.2421,5.2386,27.884,0.012,27.896,NVIDIA L4,6e3d1db
cifar20,resnet18,5,4.0,0.5,64,42,85.3400,85.2737,86.6000,64.8500,68.2632,0.0000,86.1789,0.0000,-17.9158,7.4605,24.347,0.012,24.359,NVIDIA L4,6e3d1db
cifar20,resnet18,5,4.0,1.0,256,42,85.3400,85.2737,86.6000,80.8600,85.1158,0.0000,86.1789,0.0000,-1.0632,3.2910,27.746,0.012,27.758,NVIDIA L4,6e3d1db
cifar20,resnet18,5,4.0,1.0,512,42,85.3400,85.2737,86.6000,78.2300,82.3474,0.0000,86.1789,0.0000,-3.8316,5.2386,27.884,0.012,27.896,NVIDIA L4,6e3d1db
cifar20,resnet18,5,4.0,1.0,64,42,85.3400,85.2737,86.6000,65.8200,69.2842,0.0000,86.1789,0.0000,-16.8947,7.4605,24.347,0.013,24.360,NVIDIA L4,6e3d1db
cifar20,resnet18,5,50.0,0.1,256,42,85.3400,85.2737,86.6000,85.3400,85.2737,86.6000,86.1789,0.0000,-0.9053,0.0000,27.746,0.011,27.756,NVIDIA L4,6e3d1db
cifar20,resnet18,5,50.0,0.1,512,42,85.3400,85.2737,86.6000,85.3400,85.2737,86.6000,86.1789,0.0000,-0.9053,0.0000,27.884,0.011,27.895,NVIDIA L4,6e3d1db
cifar20,resnet18,5,50.0,0.1,64,42,85.3400,85.2737,86.6000,85.1700,85.3684,81.4000,86.1789,0.0000,-0.8105,0.6912,24.347,0.011,24.358,NVIDIA L4,6e3d1db
cifar20,resnet18,5,50.0,0.5,256,42,85.3400,85.2737,86.6000,85.3400,85.2737,86.6000,86.1789,0.0000,-0.9053,0.0000,27.746,0.011,27.756,NVIDIA L4,6e3d1db
cifar20,resnet18,5,50.0,0.5,512,42,85.3400,85.2737,86.6000,85.3400,85.2737,86.6000,86.1789,0.0000,-0.9053,0.0000,27.884,0.011,27.894,NVIDIA L4,6e3d1db
cifar20,resnet18,5,50.0,0.5,64,42,85.3400,85.2737,86.6000,85.1700,85.3579,81.6000,86.1789,0.0000,-0.8211,0.6912,24.347,0.012,24.359,NVIDIA L4,6e3d1db
cifar20,resnet18,5,50.0,1.0,256,42,85.3400,85.2737,86.6000,85.3400,85.2737,86.6000,86.1789,0.0000,-0.9053,0.0000,27.746,0.011,27.757,NVIDIA L4,6e3d1db
cifar20,resnet18,5,50.0,1.0,512,42,85.3400,85.2737,86.6000,85.3400,85.2737,86.6000,86.1789,0.0000,-0.9053,0.0000,27.884,0.011,27.895,NVIDIA L4,6e3d1db
cifar20,resnet18,5,50.0,1.0,64,42,85.3400,85.2737,86.6000,85.1800,85.3684,81.6000,86.1789,0.0000,-0.8105,0.6912,24.347,0.011,24.358,NVIDIA L4,6e3d1db
cifar20,resnet18,5,6.0,0.1,256,42,85.3400,85.2737,86.6000,81.0500,85.3158,0.0000,86.1789,0.0000,-0.8632,1.8565,27.746,0.012,27.757,NVIDIA L4,6e3d1db
cifar20,resnet18,5,6.0,0.1,512,42,85.3400,85.2737,86.6000,80.7100,84.9579,0.0000,86.1789,0.0000,-1.2211,3.1709,27.884,0.012,27.895,NVIDIA L4,6e3d1db
cifar20,resnet18,5,6.0,0.1,64,42,85.3400,85.2737,86.6000,71.2000,74.9474,0.0000,86.1789,0.0000,-11.2316,5.5307,24.347,0.013,24.360,NVIDIA L4,6e3d1db
cifar20,resnet18,5,6.0,0.5,256,42,85.3400,85.2737,86.6000,81.0700,85.3368,0.0000,86.1789,0.0000,-0.8421,1.8565,27.746,0.012,27.758,NVIDIA L4,6e3d1db
cifar20,resnet18,5,6.0,0.5,512,42,85.3400,85.2737,86.6000,80.7200,84.9684,0.0000,86.1789,0.0000,-1.2105,3.1709,27.884,0.012,27.896,NVIDIA L4,6e3d1db
cifar20,resnet18,5,6.0,0.5,64,42,85.3400,85.2737,86.6000,71.5700,75.3368,0.0000,86.1789,0.0000,-10.8421,5.5307,24.347,0.012,24.359,NVIDIA L4,6e3d1db
cifar20,resnet18,5,6.0,1.0,256,42,85.3400,85.2737,86.6000,81.1400,85.4105,0.0000,86.1789,0.0000,-0.7684,1.8565,27.746,0.012,27.757,NVIDIA L4,6e3d1db
cifar20,resnet18,5,6.0,1.0,512,42,85.3400,85.2737,86.6000,80.7600,85.0105,0.0000,86.1789,0.0000,-1.1684,3.1709,27.884,0.012,27.896,NVIDIA L4,6e3d1db
cifar20,resnet18,5,6.0,1.0,64,42,85.3400,85.2737,86.6000,71.9200,75.7053,0.0000,86.1789,0.0000,-10.4737,5.5307,24.347,0.012,24.359,NVIDIA L4,6e3d1db
cifar20,resnet18,5,8.0,0.1,256,42,85.3400,85.2737,86.6000,81.3500,85.6316,0.0000,86.1789,0.0000,-0.5474,1.1126,27.746,0.012,27.758,NVIDIA L4,6e3d1db
cifar20,resnet18,5,8.0,0.1,512,42,85.3400,85.2737,86.6000,81.1600,85.4316,0.0000,86.1789,0.0000,-0.7474,2.0465,27.884,0.012,27.896,NVIDIA L4,6e3d1db
cifar20,resnet18,5,8.0,0.1,64,42,85.3400,85.2737,86.6000,74.3700,78.2842,0.0000,86.1789,0.0000,-7.8947,4.4129,24.347,0.014,24.361,NVIDIA L4,6e3d1db
cifar20,resnet18,5,8.0,0.5,256,42,85.3400,85.2737,86.6000,81.3000,85.5789,0.0000,86.1789,0.0000,-0.6000,1.1126,27.746,0.011,27.757,NVIDIA L4,6e3d1db
cifar20,resnet18,5,8.0,0.5,512,42,85.3400,85.2737,86.6000,81.1800,85.4526,0.0000,86.1789,0.0000,-0.7263,2.0465,27.884,0.012,27.896,NVIDIA L4,6e3d1db
cifar20,resnet18,5,8.0,0.5,64,42,85.3400,85.2737,86.6000,74.4600,78.3789,0.0000,86.1789,0.0000,-7.8000,4.4129,24.347,0.013,24.360,NVIDIA L4,6e3d1db
cifar20,resnet18,5,8.0,1.0,256,42,85.3400,85.2737,86.6000,81.3300,85.6105,0.0000,86.1789,0.0000,-0.5684,1.1126,27.746,0.012,27.758,NVIDIA L4,6e3d1db
cifar20,resnet18,5,8.0,1.0,512,42,85.3400,85.2737,86.6000,81.1500,85.4211,0.0000,86.1789,0.0000,-0.7579,2.0465,27.884,0.015,27.899,NVIDIA L4,6e3d1db
cifar20,resnet18,5,8.0,1.0,64,42,85.3400,85.2737,86.6000,74.7000,78.6316,0.0000,86.1789,0.0000,-7.5474,4.4129,24.347,0.013,24.360,NVIDIA L4,6e3d1db
