dataset,arch,scope,forget_class,percentile,gamma,iters,seed,base_overall,base_retain,base_forget,post_overall,post_retain,post_forget,gold_retain,gold_forget,gap_retain,units_per_round,cum_units,cum_coverage_pct,coverage_bound_pct,overlap_prev,params_damped_pct,method_time_s,eval_device,git_commit
cifar100,resnet18,layer4_last,2,50.0,0.01,1,42,77.3500,77.4545,67.0000,62.2600,62.8889,0.0000,77.7879,0.0000,-14.8990,256,256,50.00,50.00,-1,21.4928,0.107,NVIDIA L4,6e3d1db
cifar100,resnet18,layer4_last,2,50.0,0.01,10,42,77.3500,77.4545,67.0000,1.0000,1.0101,0.0000,77.7879,0.0000,-76.7778,256,512,100.00,100.00,254,21.4928,1.041,NVIDIA L4,6e3d1db
cifar100,resnet18,layer4_last,2,50.0,0.01,20,42,77.3500,77.4545,67.0000,1.0000,1.0101,0.0000,77.7879,0.0000,-76.7778,256,512,100.00,100.00,256,21.4928,2.291,NVIDIA L4,6e3d1db
cifar100,resnet18,layer4_last,2,50.0,0.01,5,42,77.3500,77.4545,67.0000,1.0000,1.0101,0.0000,77.7879,0.0000,-76.7778,256,512,100.00,100.00,231,21.4928,0.518,NVIDIA L4,6e3d1db
cifar100,resnet18,layer4_last,2,50.0,0.03,1,42,77.3500,77.4545,67.0000,62.3600,62.9899,0.0000,77.7879,0.0000,-14.7980,256,256,50.00,50.00,-1,21.4928,0.107,NVIDIA L4,6e3d1db
cifar100,resnet18,layer4_last,2,50.0,0.03,10,42,77.3500,77.4545,67.0000,1.0000,1.0101,0.0000,77.7879,0.0000,-76.7778,256,512,100.00,100.00,251,21.4928,1.031,NVIDIA L4,6e3d1db
cifar100,resnet18,layer4_last,2,50.0,0.03,20,42,77.3500,77.4545,67.0000,1.0000,1.0101,0.0000,77.7879,0.0000,-76.7778,256,512,100.00,100.00,256,21.4928,2.064,NVIDIA L4,6e3d1db
cifar100,resnet18,layer4_last,2,50.0,0.03,5,42,77.3500,77.4545,67.0000,1.0000,1.0101,0.0000,77.7879,0.0000,-76.7778,256,512,100.00,100.00,189,21.4928,0.514,NVIDIA L4,6e3d1db
cifar100,resnet18,layer4_last,2,50.0,0.1,1,42,77.3500,77.4545,67.0000,62.6900,63.3232,0.0000,77.7879,0.0000,-14.4646,256,256,50.00,50.00,-1,21.4928,0.103,NVIDIA L4,6e3d1db
cifar100,resnet18,layer4_last,2,50.0,0.1,10,42,77.3500,77.4545,67.0000,1.0000,1.0101,0.0000,77.7879,0.0000,-76.7778,256,512,100.00,100.00,243,21.4928,0.993,NVIDIA L4,6e3d1db
cifar100,resnet18,layer4_last,2,50.0,0.1,20,42,77.3500,77.4545,67.0000,1.0000,1.0101,0.0000,77.7879,0.0000,-76.7778,256,512,100.00,100.00,255,21.4928,2.004,NVIDIA L4,6e3d1db
cifar100,resnet18,layer4_last,2,50.0,0.1,5,42,77.3500,77.4545,67.0000,1.3600,1.3737,0.0000,77.7879,0.0000,-76.4141,256,512,100.00,100.00,121,21.4928,0.503,NVIDIA L4,6e3d1db
cifar100,resnet18,layer4_last,2,50.0,0.3,1,42,77.3500,77.4545,67.0000,65.4400,66.1010,0.0000,77.7879,0.0000,-11.6869,256,256,50.00,50.00,-1,21.4928,0.103,NVIDIA L4,6e3d1db
cifar100,resnet18,layer4_last,2,50.0,0.3,10,42,77.3500,77.4545,67.0000,2.4300,2.4545,0.0000,77.7879,0.0000,-75.3333,256,512,100.00,100.00,190,21.4928,0.998,NVIDIA L4,6e3d1db
cifar100,resnet18,layer4_last,2,50.0,0.3,20,42,77.3500,77.4545,67.0000,1.2300,1.2424,0.0000,77.7879,0.0000,-76.5455,256,512,100.00,100.00,247,21.4928,1.978,NVIDIA L4,6e3d1db
cifar100,resnet18,layer4_last,2,50.0,0.3,5,42,77.3500,77.4545,67.0000,12.2400,12.3636,0.0000,77.7879,0.0000,-65.4242,256,507,99.02,100.00,100,21.4928,0.492,NVIDIA L4,6e3d1db
cifar100,resnet18,layer4_last,2,50.0,0.5,1,42,77.3500,77.4545,67.0000,70.7900,71.2424,26.0000,77.7879,0.0000,-6.5455,256,256,50.00,50.00,-1,21.4928,2.213,NVIDIA L4,6e3d1db
cifar100,resnet18,layer4_last,2,50.0,0.5,10,42,77.3500,77.4545,67.0000,9.6300,9.7273,0.0000,77.7879,0.0000,-68.0606,256,512,100.00,100.00,128,21.4928,3.141,NVIDIA L4,6e3d1db
cifar100,resnet18,layer4_last,2,50.0,0.5,20,42,77.3500,77.4545,67.0000,2.1600,2.1818,0.0000,77.7879,0.0000,-75.6061,256,512,100.00,100.00,216,21.4928,4.170,NVIDIA L4,6e3d1db
cifar100,resnet18,layer4_last,2,50.0,0.5,5,42,77.3500,77.4545,67.0000,36.3900,36.7576,0.0000,77.7879,0.0000,-41.0303,256,482,94.14,100.00,94,21.4928,2.626,NVIDIA L4,6e3d1db
cifar100,resnet18,layer4_last,2,75.0,0.01,1,42,77.3500,77.4545,67.0000,72.8600,73.5960,0.0000,77.7879,0.0000,-4.1919,128,128,25.00,25.00,-1,21.4928,0.110,NVIDIA L4,6e3d1db
cifar100,resnet18,layer4_last,2,75.0,0.01,10,42,77.3500,77.4545,67.0000,1.0000,1.0101,0.0000,77.7879,0.0000,-76.7778,128,512,100.00,100.00,124,21.4928,1.020,NVIDIA L4,6e3d1db
cifar100,resnet18,layer4_last,2,75.0,0.01,20,42,77.3500,77.4545,67.0000,1.0000,1.0101,0.0000,77.7879,0.0000,-76.7778,128,512,100.00,100.00,128,21.4928,1.943,NVIDIA L4,6e3d1db
cifar100,resnet18,layer4_last,2,75.0,0.01,5,42,77.3500,77.4545,67.0000,1.0000,1.0101,0.0000,77.7879,0.0000,-76.7778,128,512,100.00,100.00,24,21.4928,0.493,NVIDIA L4,6e3d1db
cifar100,resnet18,layer4_last,2,75.0,0.03,1,42,77.3500,77.4545,67.0000,72.8800,73.6162,0.0000,77.7879,0.0000,-4.1717,128,128,25.00,25.00,-1,21.4928,0.109,NVIDIA L4,6e3d1db
cifar100,resnet18,layer4_last,2,75.0,0.03,10,42,77.3500,77.4545,67.0000,1.0200,1.0303,0.0000,77.7879,0.0000,-76.7576,128,512,100.00,100.00,115,21.4928,1.046,NVIDIA L4,6e3d1db
cifar100,resnet18,layer4_last,2,75.0,0.03,20,42,77.3500,77.4545,67.0000,1.0200,1.0303,0.0000,77.7879,0.0000,-76.7576,128,512,100.00,100.00,127,21.4928,2.075,NVIDIA L4,6e3d1db
cifar100,resnet18,layer4_last,2,75.0,0.03,5,42,77.3500,77.4545,67.0000,2.9500,2.9798,0.0000,77.7879,0.0000,-74.8081,128,509,99.41,100.00,27,21.4928,0.530,NVIDIA L4,6e3d1db
cifar100,resnet18,layer4_last,2,75.0,0.1,1,42,77.3500,77.4545,67.0000,72.9200,73.6566,0.0000,77.7879,0.0000,-4.1313,128,128,25.00,25.00,-1,21.4928,0.096,NVIDIA L4,6e3d1db
cifar100,resnet18,layer4_last,2,75.0,0.1,10,42,77.3500,77.4545,67.0000,2.5200,2.5455,0.0000,77.7879,0.0000,-75.2424,128,512,100.00,100.00,87,21.4928,0.950,NVIDIA L4,6e3d1db
cifar100,resnet18,layer4_last,2,75.0,0.1,20,42,77.3500,77.4545,67.0000,1.3300,1.3434,0.0000,77.7879,0.0000,-76.4444,128,512,100.00,100.00,125,21.4928,1.959,NVIDIA L4,6e3d1db
cifar100,resnet18,layer4_last,2,75.0,0.1,5,42,77.3500,77.4545,67.0000,11.7800,11.8990,0.0000,77.7879,0.0000,-65.8889,128,493,96.29,100.00,21,21.4928,0.491,NVIDIA L4,6e3d1db
cifar100,resnet18,layer4_last,2,75.0,0.3,1,42,77.3500,77.4545,67.0000,73.4800,74.2222,0.0000,77.7879,0.0000,-3.5657,128,128,25.00,25.00,-1,21.4928,0.099,NVIDIA L4,6e3d1db
cifar100,resnet18,layer4_last,2,75.0,0.3,10,42,77.3500,77.4545,67.0000,17.2300,17.4040,0.0000,77.7879,0.0000,-60.3838,128,506,98.83,100.00,41,21.4928,0.991,NVIDIA L4,6e3d1db
cifar100,resnet18,layer4_last,2,75.0,0.3,20,42,77.3500,77.4545,67.0000,3.5600,3.5960,0.0000,77.7879,0.0000,-74.1919,128,512,100.00,100.00,106,21.4928,1.927,NVIDIA L4,6e3d1db
cifar100,resnet18,layer4_last,2,75.0,0.3,5,42,77.3500,77.4545,67.0000,41.8700,42.2929,0.0000,77.7879,0.0000,-35.4949,128,427,83.40,100.00,16,21.4928,0.485,NVIDIA L4,6e3d1db
cifar100,resnet18,layer4_last,2,75.0,0.5,1,42,77.3500,77.4545,67.0000,74.7800,75.4545,8.0000,77.7879,0.0000,-2.3333,128,128,25.00,25.00,-1,21.3669,0.134,NVIDIA L4,6e3d1db
cifar100,resnet18,layer4_last,2,75.0,0.5,10,42,77.3500,77.4545,67.0000,36.7300,37.1010,0.0000,77.7879,0.0000,-40.6869,128,479,93.55,100.00,20,21.3669,1.157,NVIDIA L4,6e3d1db
cifar100,resnet18,layer4_last,2,75.0,0.5,20,42,77.3500,77.4545,67.0000,14.6400,14.7879,0.0000,77.7879,0.0000,-63.0000,128,509,99.41,100.00,67,21.3669,2.073,NVIDIA L4,6e3d1db
cifar100,resnet18,layer4_last,2,75.0,0.5,5,42,77.3500,77.4545,67.0000,57.5300,58.1111,0.0000,77.7879,0.0000,-19.6768,128,370,72.27,100.00,11,21.3669,0.617,NVIDIA L4,6e3d1db
cifar100,resnet18,layer4_last,2,90.0,0.01,1,42,77.3500,77.4545,67.0000,75.6800,76.4444,0.0000,77.7879,0.0000,-1.3434,52,52,10.16,10.00,-1,21.3669,0.107,NVIDIA L4,6e3d1db
cifar100,resnet18,layer4_last,2,90.0,0.01,10,42,77.3500,77.4545,67.0000,11.8600,11.9798,0.0000,77.7879,0.0000,-65.8081,52,492,96.09,100.00,7,21.3669,1.036,NVIDIA L4,6e3d1db
cifar100,resnet18,layer4_last,2,90.0,0.01,20,42,77.3500,77.4545,67.0000,2.9400,2.9697,0.0000,77.7879,0.0000,-74.8182,52,509,99.41,100.00,51,21.3669,2.189,NVIDIA L4,6e3d1db
cifar100,resnet18,layer4_last,2,90.0,0.01,5,42,77.3500,77.4545,67.0000,62.1800,62.8081,0.0000,77.7879,0.0000,-14.9798,52,260,50.78,50.00,0,21.3669,0.528,NVIDIA L4,6e3d1db
cifar100,resnet18,layer4_last,2,90.0,0.03,1,42,77.3500,77.4545,67.0000,75.6900,76.4545,0.0000,77.7879,0.0000,-1.3333,52,52,10.16,10.00,-1,21.3669,0.108,NVIDIA L4,6e3d1db
cifar100,resnet18,layer4_last,2,90.0,0.03,10,42,77.3500,77.4545,67.0000,12.3500,12.4747,0.0000,77.7879,0.0000,-65.3131,52,490,95.70,100.00,8,21.3669,1.051,NVIDIA L4,6e3d1db
cifar100,resnet18,layer4_last,2,90.0,0.03,20,42,77.3500,77.4545,67.0000,2.9600,2.9899,0.0000,77.7879,0.0000,-74.7980,52,509,99.41,100.00,51,21.3669,2.051,NVIDIA L4,6e3d1db
cifar100,resnet18,layer4_last,2,90.0,0.03,5,42,77.3500,77.4545,67.0000,62.2000,62.8283,0.0000,77.7879,0.0000,-14.9596,52,260,50.78,50.00,0,21.3669,0.522,NVIDIA L4,6e3d1db
cifar100,resnet18,layer4_last,2,90.0,0.1,1,42,77.3500,77.4545,67.0000,75.6700,76.4343,0.0000,77.7879,0.0000,-1.3535,52,52,10.16,10.00,-1,21.2829,0.104,NVIDIA L4,6e3d1db
cifar100,resnet18,layer4_last,2,90.0,0.1,10,42,77.3500,77.4545,67.0000,24.3400,24.5859,0.0000,77.7879,0.0000,-53.2020,52,466,91.02,100.00,7,21.2829,1.046,NVIDIA L4,6e3d1db
cifar100,resnet18,layer4_last,2,90.0,0.1,20,42,77.3500,77.4545,67.0000,4.4500,4.4949,0.0000,77.7879,0.0000,-73.2929,52,507,99.02,100.00,36,21.2829,2.090,NVIDIA L4,6e3d1db
cifar100,resnet18,layer4_last,2,90.0,0.1,5,42,77.3500,77.4545,67.0000,62.6500,63.2828,0.0000,77.7879,0.0000,-14.5051,52,259,50.59,50.00,0,21.2829,0.525,NVIDIA L4,6e3d1db
cifar100,resnet18,layer4_last,2,90.0,0.3,1,42,77.3500,77.4545,67.0000,75.7700,76.5354,0.0000,77.7879,0.0000,-1.2525,52,52,10.16,10.00,-1,20.6113,0.097,NVIDIA L4,6e3d1db
cifar100,resnet18,layer4_last,2,90.0,0.3,10,42,77.3500,77.4545,67.0000,46.9800,47.4545,0.0000,77.7879,0.0000,-30.3333,52,394,76.95,100.00,3,20.6113,1.054,NVIDIA L4,6e3d1db
cifar100,resnet18,layer4_last,2,90.0,0.3,20,42,77.3500,77.4545,67.0000,18.2100,18.3939,0.0000,77.7879,0.0000,-59.3939,52,491,95.90,100.00,14,20.6113,2.271,NVIDIA L4,6e3d1db
cifar100,resnet18,layer4_last,2,90.0,0.3,5,42,77.3500,77.4545,67.0000,66.8300,67.5051,0.0000,77.7879,0.0000,-10.2828,52,237,46.29,50.00,0,20.6113,0.539,NVIDIA L4,6e3d1db
cifar100,resnet18,layer4_last,2,90.0,0.5,1,42,77.3500,77.4545,67.0000,76.2500,76.9495,7.0000,77.7879,0.0000,-0.8384,52,52,10.16,10.00,-1,18.5543,0.096,NVIDIA L4,6e3d1db
cifar100,resnet18,layer4_last,2,90.0,0.5,10,42,77.3500,77.4545,67.0000,62.5500,63.1818,0.0000,77.7879,0.0000,-14.6061,52,327,63.87,100.00,0,18.5543,0.979,NVIDIA L4,6e3d1db
cifar100,resnet18,layer4_last,2,90.0,0.5,20,42,77.3500,77.4545,67.0000,45.9000,46.3636,0.0000,77.7879,0.0000,-31.4242,52,442,86.33,100.00,6,18.5543,1.915,NVIDIA L4,6e3d1db
cifar100,resnet18,layer4_last,2,90.0,0.5,5,42,77.3500,77.4545,67.0000,71.0000,71.7172,0.0000,77.7879,0.0000,-6.0707,52,192,37.50,50.00,0,18.5543,0.504,NVIDIA L4,6e3d1db
cifar100,resnet18,layer4_last,2,95.0,0.01,1,42,77.3500,77.4545,67.0000,76.2800,77.0505,0.0000,77.7879,0.0000,-0.7374,26,26,5.08,5.00,-1,20.4014,0.109,NVIDIA L4,6e3d1db
cifar100,resnet18,layer4_last,2,95.0,0.01,10,42,77.3500,77.4545,67.0000,62.1800,62.8081,0.0000,77.7879,0.0000,-14.9798,26,260,50.78,50.00,0,20.4014,1.073,NVIDIA L4,6e3d1db
cifar100,resnet18,layer4_last,2,95.0,0.01,20,42,77.3500,77.4545,67.0000,13.8200,13.9596,0.0000,77.7879,0.0000,-63.8283,26,486,94.92,100.00,7,20.4014,2.176,NVIDIA L4,6e3d1db
cifar100,resnet18,layer4_last,2,95.0,0.01,5,42,77.3500,77.4545,67.0000,72.7500,73.4848,0.0000,77.7879,0.0000,-4.3030,26,130,25.39,25.00,0,20.4014,0.551,NVIDIA L4,6e3d1db
cifar100,resnet18,layer4_last,2,95.0,0.03,1,42,77.3500,77.4545,67.0000,76.2800,77.0505,0.0000,77.7879,0.0000,-0.7374,26,26,5.08,5.00,-1,20.2335,0.110,NVIDIA L4,6e3d1db
cifar100,resnet18,layer4_last,2,95.0,0.03,10,42,77.3500,77.4545,67.0000,62.2000,62.8283,0.0000,77.7879,0.0000,-14.9596,26,260,50.78,50.00,0,20.2335,1.056,NVIDIA L4,6e3d1db
cifar100,resnet18,layer4_last,2,95.0,0.03,20,42,77.3500,77.4545,67.0000,16.6100,16.7778,0.0000,77.7879,0.0000,-61.0101,26,482,94.14,100.00,7,20.2335,2.092,NVIDIA L4,6e3d1db
cifar100,resnet18,layer4_last,2,95.0,0.03,5,42,77.3500,77.4545,67.0000,72.7600,73.4949,0.0000,77.7879,0.0000,-4.2929,26,130,25.39,25.00,0,20.2335,0.534,NVIDIA L4,6e3d1db
cifar100,resnet18,layer4_last,2,95.0,0.1,1,42,77.3500,77.4545,67.0000,76.2800,77.0505,0.0000,77.7879,0.0000,-0.7374,26,26,5.08,5.00,-1,19.3099,0.100,NVIDIA L4,6e3d1db
cifar100,resnet18,layer4_last,2,95.0,0.1,10,42,77.3500,77.4545,67.0000,62.6500,63.2828,0.0000,77.7879,0.0000,-14.5051,26,259,50.59,50.00,0,19.3099,0.965,NVIDIA L4,6e3d1db
cifar100,resnet18,layer4_last,2,95.0,0.1,20,42,77.3500,77.4545,67.0000,27.6000,27.8788,0.0000,77.7879,0.0000,-49.9091,26,460,89.84,100.00,7,19.3099,1.982,NVIDIA L4,6e3d1db
cifar100,resnet18,layer4_last,2,95.0,0.1,5,42,77.3500,77.4545,67.0000,72.8300,73.5657,0.0000,77.7879,0.0000,-4.2222,26,130,25.39,25.00,0,19.3099,0.495,NVIDIA L4,6e3d1db
cifar100,resnet18,layer4_last,2,95.0,0.3,1,42,77.3500,77.4545,67.0000,76.3200,77.0707,2.0000,77.7879,0.0000,-0.7172,26,26,5.08,5.00,-1,16.4554,0.106,NVIDIA L4,6e3d1db
cifar100,resnet18,layer4_last,2,95.0,0.3,10,42,77.3500,77.4545,67.0000,66.8300,67.5051,0.0000,77.7879,0.0000,-10.2828,26,237,46.29,50.00,0,16.4554,0.993,NVIDIA L4,6e3d1db
cifar100,resnet18,layer4_last,2,95.0,0.3,20,42,77.3500,77.4545,67.0000,47.8700,48.3535,0.0000,77.7879,0.0000,-29.4343,26,392,76.56,100.00,2,16.4554,2.036,NVIDIA L4,6e3d1db
cifar100,resnet18,layer4_last,2,95.0,0.3,5,42,77.3500,77.4545,67.0000,73.4400,74.1818,0.0000,77.7879,0.0000,-3.6061,26,125,24.41,25.00,0,16.4554,0.494,NVIDIA L4,6e3d1db
cifar100,resnet18,layer4_last,2,95.0,0.5,1,42,77.3500,77.4545,67.0000,76.4900,77.1212,14.0000,77.7879,0.0000,-0.6667,26,26,5.08,5.00,-1,13.7268,0.108,NVIDIA L4,6e3d1db
cifar100,resnet18,layer4_last,2,95.0,0.5,10,42,77.3500,77.4545,67.0000,71.0000,71.7172,0.0000,77.7879,0.0000,-6.0707,26,192,37.50,50.00,0,13.7268,1.071,NVIDIA L4,6e3d1db
cifar100,resnet18,layer4_last,2,95.0,0.5,20,42,77.3500,77.4545,67.0000,62.5500,63.1818,0.0000,77.7879,0.0000,-14.6061,26,327,63.87,100.00,0,13.7268,2.146,NVIDIA L4,6e3d1db
cifar100,resnet18,layer4_last,2,95.0,0.5,5,42,77.3500,77.4545,67.0000,74.6400,75.3939,0.0000,77.7879,0.0000,-2.3939,26,108,21.09,25.00,0,13.7268,0.522,NVIDIA L4,6e3d1db
cifar100,resnet18,layer4_last,2,99.0,0.01,1,42,77.3500,77.4545,67.0000,76.9800,77.4646,29.0000,77.7879,0.0000,-0.3232,6,6,1.17,1.00,-1,5.0374,0.105,NVIDIA L4,6e3d1db
cifar100,resnet18,layer4_last,2,99.0,0.01,10,42,77.3500,77.4545,67.0000,75.3800,76.1414,0.0000,77.7879,0.0000,-1.6465,6,60,11.72,10.00,0,5.0374,1.012,NVIDIA L4,6e3d1db
cifar100,resnet18,layer4_last,2,99.0,0.01,20,42,77.3500,77.4545,67.0000,73.3200,74.0606,0.0000,77.7879,0.0000,-3.7273,6,120,23.44,20.00,0,5.0374,2.030,NVIDIA L4,6e3d1db
cifar100,resnet18,layer4_last,2,99.0,0.01,5,42,77.3500,77.4545,67.0000,76.0400,76.8081,0.0000,77.7879,0.0000,-0.9798,6,30,5.86,5.00,0,5.0374,0.512,NVIDIA L4,6e3d1db
cifar100,resnet18,layer4_last,2,99.0,0.03,1,42,77.3500,77.4545,67.0000,76.9800,77.4646,29.0000,77.7879,0.0000,-0.3232,6,6,1.17,1.00,-1,5.0374,0.107,NVIDIA L4,6e3d1db
cifar100,resnet18,layer4_last,2,99.0,0.03,10,42,77.3500,77.4545,67.0000,75.3800,76.1414,0.0000,77.7879,0.0000,-1.6465,6,60,11.72,10.00,0,5.0374,1.062,NVIDIA L4,6e3d1db
cifar100,resnet18,layer4_last,2,99.0,0.03,20,42,77.3500,77.4545,67.0000,73.3500,74.0909,0.0000,77.7879,0.0000,-3.6970,6,120,23.44,20.00,0,5.0374,2.141,NVIDIA L4,6e3d1db
cifar100,resnet18,layer4_last,2,99.0,0.03,5,42,77.3500,77.4545,67.0000,76.0400,76.8081,0.0000,77.7879,0.0000,-0.9798,6,30,5.86,5.00,0,5.0374,0.527,NVIDIA L4,6e3d1db
cifar100,resnet18,layer4_last,2,99.0,0.1,1,42,77.3500,77.4545,67.0000,76.9700,77.4545,29.0000,77.7879,0.0000,-0.3333,6,6,1.17,1.00,-1,5.0374,0.106,NVIDIA L4,6e3d1db
cifar100,resnet18,layer4_last,2,99.0,0.1,10,42,77.3500,77.4545,67.0000,75.4200,76.1818,0.0000,77.7879,0.0000,-1.6061,6,60,11.72,10.00,0,5.0374,1.041,NVIDIA L4,6e3d1db
cifar100,resnet18,layer4_last,2,99.0,0.1,20,42,77.3500,77.4545,67.0000,73.3900,74.1313,0.0000,77.7879,0.0000,-3.6566,6,120,23.44,20.00,0,5.0374,2.053,NVIDIA L4,6e3d1db
cifar100,resnet18,layer4_last,2,99.0,0.1,5,42,77.3500,77.4545,67.0000,76.0500,76.8182,0.0000,77.7879,0.0000,-0.9697,6,30,5.86,5.00,0,5.0374,0.528,NVIDIA L4,6e3d1db
cifar100,resnet18,layer4_last,2,99.0,0.3,1,42,77.3500,77.4545,67.0000,77.0000,77.4646,31.0000,77.7879,0.0000,-0.3232,6,6,1.17,1.00,-1,4.8275,0.112,NVIDIA L4,6e3d1db
cifar100,resnet18,layer4_last,2,99.0,0.3,10,42,77.3500,77.4545,67.0000,75.6200,76.3838,0.0000,77.7879,0.0000,-1.4040,6,59,11.52,10.00,0,4.8275,1.078,NVIDIA L4,6e3d1db
cifar100,resnet18,layer4_last,2,99.0,0.3,20,42,77.3500,77.4545,67.0000,74.1000,74.8485,0.0000,77.7879,0.0000,-2.9394,6,115,22.46,20.00,0,4.8275,2.108,NVIDIA L4,6e3d1db
cifar100,resnet18,layer4_last,2,99.0,0.3,5,42,77.3500,77.4545,67.0000,76.0700,76.8485,0.0000,77.7879,0.0000,-0.9394,6,30,5.86,5.00,0,4.8275,0.547,NVIDIA L4,6e3d1db
cifar100,resnet18,layer4_last,2,99.0,0.5,1,42,77.3500,77.4545,67.0000,77.0600,77.4646,37.0000,77.7879,0.0000,-0.3232,6,6,1.17,1.00,-1,4.1978,0.107,NVIDIA L4,6e3d1db
cifar100,resnet18,layer4_last,2,99.0,0.5,10,42,77.3500,77.4545,67.0000,76.0900,76.8586,0.0000,77.7879,0.0000,-0.9293,6,52,10.16,10.00,0,4.1978,1.039,NVIDIA L4,6e3d1db
cifar100,resnet18,layer4_last,2,99.0,0.5,20,42,77.3500,77.4545,67.0000,74.6900,75.4444,0.0000,77.7879,0.0000,-2.3434,6,100,19.53,20.00,0,4.1978,2.032,NVIDIA L4,6e3d1db
cifar100,resnet18,layer4_last,2,99.0,0.5,5,42,77.3500,77.4545,67.0000,76.3900,77.1111,5.0000,77.7879,0.0000,-0.6768,6,26,5.08,5.00,0,4.1978,0.530,NVIDIA L4,6e3d1db
cifar100,resnet18,layer4_last,40,50.0,0.01,1,42,77.3500,77.3737,75.0000,61.9800,62.6061,0.0000,77.3737,0.0000,-14.7677,256,256,50.00,50.00,-1,21.4928,0.097,NVIDIA L4,6e3d1db
cifar100,resnet18,layer4_last,40,50.0,0.01,10,42,77.3500,77.3737,75.0000,1.0000,1.0101,0.0000,77.3737,0.0000,-76.3636,256,512,100.00,100.00,254,21.4928,0.976,NVIDIA L4,6e3d1db
cifar100,resnet18,layer4_last,40,50.0,0.01,20,42,77.3500,77.3737,75.0000,1.0000,1.0101,0.0000,77.3737,0.0000,-76.3636,256,512,100.00,100.00,255,21.4928,1.943,NVIDIA L4,6e3d1db
cifar100,resnet18,layer4_last,40,50.0,0.01,5,42,77.3500,77.3737,75.0000,1.0000,1.0101,0.0000,77.3737,0.0000,-76.3636,256,512,100.00,100.00,234,21.4928,0.491,NVIDIA L4,6e3d1db
cifar100,resnet18,layer4_last,40,50.0,0.03,1,42,77.3500,77.3737,75.0000,62.0600,62.6869,0.0000,77.3737,0.0000,-14.6869,256,256,50.00,50.00,-1,21.4928,0.096,NVIDIA L4,6e3d1db
cifar100,resnet18,layer4_last,40,50.0,0.03,10,42,77.3500,77.3737,75.0000,1.0000,1.0101,0.0000,77.3737,0.0000,-76.3636,256,512,100.00,100.00,250,21.4928,0.984,NVIDIA L4,6e3d1db
cifar100,resnet18,layer4_last,40,50.0,0.03,20,42,77.3500,77.3737,75.0000,1.0000,1.0101,0.0000,77.3737,0.0000,-76.3636,256,512,100.00,100.00,256,21.4928,1.946,NVIDIA L4,6e3d1db
cifar100,resnet18,layer4_last,40,50.0,0.03,5,42,77.3500,77.3737,75.0000,1.0000,1.0101,0.0000,77.3737,0.0000,-76.3636,256,512,100.00,100.00,191,21.4928,0.477,NVIDIA L4,6e3d1db
cifar100,resnet18,layer4_last,40,50.0,0.1,1,42,77.3500,77.3737,75.0000,62.3600,62.9899,0.0000,77.3737,0.0000,-14.3838,256,256,50.00,50.00,-1,21.4928,0.096,NVIDIA L4,6e3d1db
cifar100,resnet18,layer4_last,40,50.0,0.1,10,42,77.3500,77.3737,75.0000,1.0000,1.0101,0.0000,77.3737,0.0000,-76.3636,256,512,100.00,100.00,247,21.4928,1.009,NVIDIA L4,6e3d1db
cifar100,resnet18,layer4_last,40,50.0,0.1,20,42,77.3500,77.3737,75.0000,1.0000,1.0101,0.0000,77.3737,0.0000,-76.3636,256,512,100.00,100.00,255,21.4928,1.948,NVIDIA L4,6e3d1db
cifar100,resnet18,layer4_last,40,50.0,0.1,5,42,77.3500,77.3737,75.0000,1.8700,1.8889,0.0000,77.3737,0.0000,-75.4848,256,512,100.00,100.00,117,21.4928,0.490,NVIDIA L4,6e3d1db
cifar100,resnet18,layer4_last,40,50.0,0.3,1,42,77.3500,77.3737,75.0000,64.9400,65.5960,0.0000,77.3737,0.0000,-11.7778,256,256,50.00,50.00,-1,21.4928,0.095,NVIDIA L4,6e3d1db
cifar100,resnet18,layer4_last,40,50.0,0.3,10,42,77.3500,77.3737,75.0000,2.9900,3.0202,0.0000,77.3737,0.0000,-74.3535,256,512,100.00,100.00,189,21.4928,0.955,NVIDIA L4,6e3d1db
cifar100,resnet18,layer4_last,40,50.0,0.3,20,42,77.3500,77.3737,75.0000,1.9700,1.9899,0.0000,77.3737,0.0000,-75.3838,256,512,100.00,100.00,248,21.4928,1.894,NVIDIA L4,6e3d1db
cifar100,resnet18,layer4_last,40,50.0,0.3,5,42,77.3500,77.3737,75.0000,10.8900,11.0000,0.0000,77.3737,0.0000,-66.3737,256,510,99.61,100.00,103,21.4928,0.469,NVIDIA L4,6e3d1db
cifar100,resnet18,layer4_last,40,50.0,0.5,1,42,77.3500,77.3737,75.0000,70.6600,71.1818,19.0000,77.3737,0.0000,-6.1919,256,256,50.00,50.00,-1,21.4928,2.076,NVIDIA L4,6e3d1db
cifar100,resnet18,layer4_last,40,50.0,0.5,10,42,77.3500,77.3737,75.0000,11.5200,11.6364,0.0000,77.3737,0.0000,-65.7374,256,512,100.00,100.00,120,21.4928,3.002,NVIDIA L4,6e3d1db
cifar100,resnet18,layer4_last,40,50.0,0.5,20,42,77.3500,77.3737,75.0000,2.0000,2.0202,0.0000,77.3737,0.0000,-75.3535,256,512,100.00,100.00,219,21.4928,3.952,NVIDIA L4,6e3d1db
cifar100,resnet18,layer4_last,40,50.0,0.5,5,42,77.3500,77.3737,75.0000,29.8700,30.1717,0.0000,77.3737,0.0000,-47.2020,256,490,95.70,100.00,97,21.4928,2.488,NVIDIA L4,6e3d1db
cifar100,resnet18,layer4_last,40,75.0,0.01,1,42,77.3500,77.3737,75.0000,73.5000,74.2424,0.0000,77.3737,0.0000,-3.1313,128,128,25.00,25.00,-1,21.4928,0.109,NVIDIA L4,6e3d1db
cifar100,resnet18,layer4_last,40,75.0,0.01,10,42,77.3500,77.3737,75.0000,1.0000,1.0101,0.0000,77.3737,0.0000,-76.3636,128,512,100.00,100.00,125,21.4928,1.042,NVIDIA L4,6e3d1db
cifar100,resnet18,layer4_last,40,75.0,0.01,20,42,77.3500,77.3737,75.0000,1.0000,1.0101,0.0000,77.3737,0.0000,-76.3636,128,512,100.00,100.00,128,21.4928,2.042,NVIDIA L4,6e3d1db
cifar100,resnet18,layer4_last,40,75.0,0.01,5,42,77.3500,77.3737,75.0000,1.0000,1.0101,0.0000,77.3737,0.0000,-76.3636,128,512,100.00,100.00,23,21.4928,0.532,NVIDIA L4,6e3d1db
cifar100,resnet18,layer4_last,40,75.0,0.03,1,42,77.3500,77.3737,75.0000,73.5000,74.2424,0.0000,77.3737,0.0000,-3.1313,128,128,25.00,25.00,-1,21.4928,0.105,NVIDIA L4,6e3d1db
cifar100,resnet18,layer4_last,40,75.0,0.03,10,42,77.3500,77.3737,75.0000,1.0300,1.0404,0.0000,77.3737,0.0000,-76.3333,128,512,100.00,100.00,120,21.4928,1.047,NVIDIA L4,6e3d1db
cifar100,resnet18,layer4_last,40,75.0,0.03,20,42,77.3500,77.3737,75.0000,1.0400,1.0505,0.0000,77.3737,0.0000,-76.3232,128,512,100.00,100.00,128,21.4928,2.086,NVIDIA L4,6e3d1db
cifar100,resnet18,layer4_last,40,75.0,0.03,5,42,77.3500,77.3737,75.0000,1.0700,1.0808,0.0000,77.3737,0.0000,-76.2929,128,512,100.00,100.00,26,21.4928,0.533,NVIDIA L4,6e3d1db
cifar100,resnet18,layer4_last,40,75.0,0.1,1,42,77.3500,77.3737,75.0000,73.5500,74.2929,0.0000,77.3737,0.0000,-3.0808,128,128,25.00,25.00,-1,21.4928,0.108,NVIDIA L4,6e3d1db
cifar100,resnet18,layer4_last,40,75.0,0.1,10,42,77.3500,77.3737,75.0000,3.5200,3.5556,0.0000,77.3737,0.0000,-73.8182,128,512,100.00,100.00,87,21.4928,1.051,NVIDIA L4,6e3d1db
cifar100,resnet18,layer4_last,40,75.0,0.1,20,42,77.3500,77.3737,75.0000,2.0300,2.0505,0.0000,77.3737,0.0000,-75.3232,128,512,100.00,100.00,124,21.4928,2.094,NVIDIA L4,6e3d1db
cifar100,resnet18,layer4_last,40,75.0,0.1,5,42,77.3500,77.3737,75.0000,6.2900,6.3535,0.0000,77.3737,0.0000,-71.0202,128,506,98.83,100.00,24,21.4928,0.521,NVIDIA L4,6e3d1db
cifar100,resnet18,layer4_last,40,75.0,0.3,1,42,77.3500,77.3737,75.0000,73.9400,74.6869,0.0000,77.3737,0.0000,-2.6869,128,128,25.00,25.00,-1,21.4928,0.109,NVIDIA L4,6e3d1db
cifar100,resnet18,layer4_last,40,75.0,0.3,10,42,77.3500,77.3737,75.0000,15.1000,15.2525,0.0000,77.3737,0.0000,-62.1212,128,510,99.61,100.00,46,21.4928,1.112,NVIDIA L4,6e3d1db
cifar100,resnet18,layer4_last,40,75.0,0.3,20,42,77.3500,77.3737,75.0000,5.5500,5.6061,0.0000,77.3737,0.0000,-71.7677,128,512,100.00,100.00,105,21.4928,2.178,NVIDIA L4,6e3d1db
cifar100,resnet18,layer4_last,40,75.0,0.3,5,42,77.3500,77.3737,75.0000,31.5300,31.8485,0.0000,77.3737,0.0000,-45.5253,128,440,85.94,100.00,13,21.4928,0.551,NVIDIA L4,6e3d1db
cifar100,resnet18,layer4_last,40,75.0,0.5,1,42,77.3500,77.3737,75.0000,74.7900,75.4242,12.0000,77.3737,0.0000,-1.9495,128,128,25.00,25.00,-1,21.4928,0.100,NVIDIA L4,6e3d1db
cifar100,resnet18,layer4_last,40,75.0,0.5,10,42,77.3500,77.3737,75.0000,26.2000,26.4646,0.0000,77.3737,0.0000,-50.9091,128,485,94.73,100.00,17,21.4928,1.026,NVIDIA L4,6e3d1db
cifar100,resnet18,layer4_last,40,75.0,0.5,20,42,77.3500,77.3737,75.0000,15.8400,16.0000,0.0000,77.3737,0.0000,-61.3737,128,512,100.00,100.00,66,21.4928,2.201,NVIDIA L4,6e3d1db
cifar100,resnet18,layer4_last,40,75.0,0.5,5,42,77.3500,77.3737,75.0000,58.3000,58.8889,0.0000,77.3737,0.0000,-18.4848,128,381,74.41,100.00,13,21.4928,0.493,NVIDIA L4,6e3d1db
cifar100,resnet18,layer4_last,40,90.0,0.01,1,42,77.3500,77.3737,75.0000,76.4900,77.2626,0.0000,77.3737,0.0000,-0.1111,52,52,10.16,10.00,-1,21.4508,0.105,NVIDIA L4,6e3d1db
cifar100,resnet18,layer4_last,40,90.0,0.01,10,42,77.3500,77.3737,75.0000,10.2600,10.3636,0.0000,77.3737,0.0000,-67.0101,52,498,97.27,100.00,3,21.4508,1.039,NVIDIA L4,6e3d1db
cifar100,resnet18,layer4_last,40,90.0,0.01,20,42,77.3500,77.3737,75.0000,1.3600,1.3737,0.0000,77.3737,0.0000,-76.0000,52,511,99.80,100.00,52,21.4508,2.081,NVIDIA L4,6e3d1db
cifar100,resnet18,layer4_last,40,90.0,0.01,5,42,77.3500,77.3737,75.0000,61.8100,62.4343,0.0000,77.3737,0.0000,-14.9394,52,260,50.78,50.00,0,21.4508,0.520,NVIDIA L4,6e3d1db
cifar100,resnet18,layer4_last,40,90.0,0.03,1,42,77.3500,77.3737,75.0000,76.4900,77.2626,0.0000,77.3737,0.0000,-0.1111,52,52,10.16,10.00,-1,21.4508,0.110,NVIDIA L4,6e3d1db
cifar100,resnet18,layer4_last,40,90.0,0.03,10,42,77.3500,77.3737,75.0000,12.6700,12.7980,0.0000,77.3737,0.0000,-64.5758,52,491,95.90,100.00,3,21.4508,1.049,NVIDIA L4,6e3d1db
cifar100,resnet18,layer4_last,40,90.0,0.03,20,42,77.3500,77.3737,75.0000,1.7200,1.7374,0.0000,77.3737,0.0000,-75.6364,52,511,99.80,100.00,52,21.4508,2.072,NVIDIA L4,6e3d1db
cifar100,resnet18,layer4_last,40,90.0,0.03,5,42,77.3500,77.3737,75.0000,61.8700,62.4949,0.0000,77.3737,0.0000,-14.8788,52,260,50.78,50.00,0,21.4508,0.529,NVIDIA L4,6e3d1db
cifar100,resnet18,layer4_last,40,90.0,0.1,1,42,77.3500,77.3737,75.0000,76.5100,77.2828,0.0000,77.3737,0.0000,-0.0909,52,52,10.16,10.00,-1,21.4088,0.111,NVIDIA L4,6e3d1db
cifar100,resnet18,layer4_last,40,90.0,0.1,10,42,77.3500,77.3737,75.0000,16.8600,17.0303,0.0000,77.3737,0.0000,-60.3434,52,473,92.38,100.00,3,21.4088,1.068,NVIDIA L4,6e3d1db
cifar100,resnet18,layer4_last,40,90.0,0.1,20,42,77.3500,77.3737,75.0000,4.6300,4.6768,0.0000,77.3737,0.0000,-72.6970,52,510,99.61,100.00,40,21.4088,2.029,NVIDIA L4,6e3d1db
cifar100,resnet18,layer4_last,40,90.0,0.1,5,42,77.3500,77.3737,75.0000,62.2600,62.8990,0.0000,77.3737,0.0000,-14.4747,52,259,50.59,50.00,0,21.4088,0.530,NVIDIA L4,6e3d1db
cifar100,resnet18,layer4_last,40,90.0,0.3,1,42,77.3500,77.3737,75.0000,76.5600,77.3333,0.0000,77.3737,0.0000,-0.0404,52,52,10.16,10.00,-1,20.9891,0.107,NVIDIA L4,6e3d1db
cifar100,resnet18,layer4_last,40,90.0,0.3,10,42,77.3500,77.3737,75.0000,47.9500,48.4343,0.0000,77.3737,0.0000,-28.9394,52,399,77.93,100.00,2,20.9891,1.040,NVIDIA L4,6e3d1db
cifar100,resnet18,layer4_last,40,90.0,0.3,20,42,77.3500,77.3737,75.0000,19.6700,19.8687,0.0000,77.3737,0.0000,-57.5051,52,500,97.66,100.00,17,20.9891,2.089,NVIDIA L4,6e3d1db
cifar100,resnet18,layer4_last,40,90.0,0.3,5,42,77.3500,77.3737,75.0000,66.8600,67.5354,0.0000,77.3737,0.0000,-9.8384,52,235,45.90,50.00,0,20.9891,0.525,NVIDIA L4,6e3d1db
cifar100,resnet18,layer4_last,40,90.0,0.5,1,42,77.3500,77.3737,75.0000,76.7600,77.4141,12.0000,77.3737,0.0000,+0.0404,52,52,10.16,10.00,-1,19.2260,0.107,NVIDIA L4,6e3d1db
cifar100,resnet18,layer4_last,40,90.0,0.5,10,42,77.3500,77.3737,75.0000,61.7200,62.3434,0.0000,77.3737,0.0000,-15.0303,52,339,66.21,100.00,2,19.2260,1.059,NVIDIA L4,6e3d1db
cifar100,resnet18,layer4_last,40,90.0,0.5,20,42,77.3500,77.3737,75.0000,36.9800,37.3535,0.0000,77.3737,0.0000,-40.0202,52,458,89.45,100.00,5,19.2260,2.089,NVIDIA L4,6e3d1db
cifar100,resnet18,layer4_last,40,90.0,0.5,5,42,77.3500,77.3737,75.0000,72.3000,73.0303,0.0000,77.3737,0.0000,-4.3434,52,185,36.13,50.00,0,19.2260,0.529,NVIDIA L4,6e3d1db
cifar100,resnet18,layer4_last,40,95.0,0.01,1,42,77.3500,77.3737,75.0000,76.7200,77.4444,5.0000,77.3737,0.0000,+0.0707,26,26,5.08,5.00,-1,20.6113,0.107,NVIDIA L4,6e3d1db
cifar100,resnet18,layer4_last,40,95.0,0.01,10,42,77.3500,77.3737,75.0000,61.8100,62.4343,0.0000,77.3737,0.0000,-14.9394,26,260,50.78,50.00,0,20.6113,1.032,NVIDIA L4,6e3d1db
cifar100,resnet18,layer4_last,40,95.0,0.01,20,42,77.3500,77.3737,75.0000,12.3500,12.4747,0.0000,77.3737,0.0000,-64.8990,26,491,95.90,100.00,5,20.6113,2.185,NVIDIA L4,6e3d1db
cifar100,resnet18,layer4_last,40,95.0,0.01,5,42,77.3500,77.3737,75.0000,73.5100,74.2626,0.0000,77.3737,0.0000,-3.1111,26,130,25.39,25.00,0,20.6113,0.513,NVIDIA L4,6e3d1db
cifar100,resnet18,layer4_last,40,95.0,0.03,1,42,77.3500,77.3737,75.0000,76.7200,77.4444,5.0000,77.3737,0.0000,+0.0707,26,26,5.08,5.00,-1,20.4014,0.110,NVIDIA L4,6e3d1db
cifar100,resnet18,layer4_last,40,95.0,0.03,10,42,77.3500,77.3737,75.0000,61.8700,62.4949,0.0000,77.3737,0.0000,-14.8788,26,260,50.78,50.00,0,20.4014,1.045,NVIDIA L4,6e3d1db
cifar100,resnet18,layer4_last,40,95.0,0.03,20,42,77.3500,77.3737,75.0000,11.6200,11.7374,0.0000,77.3737,0.0000,-65.6364,26,486,94.92,100.00,6,20.4014,2.116,NVIDIA L4,6e3d1db
cifar100,resnet18,layer4_last,40,95.0,0.03,5,42,77.3500,77.3737,75.0000,73.5100,74.2626,0.0000,77.3737,0.0000,-3.1111,26,130,25.39,25.00,0,20.4014,0.528,NVIDIA L4,6e3d1db
cifar100,resnet18,layer4_last,40,95.0,0.1,1,42,77.3500,77.3737,75.0000,76.7400,77.4545,6.0000,77.3737,0.0000,+0.0808,26,26,5.08,5.00,-1,19.6038,0.109,NVIDIA L4,6e3d1db
cifar100,resnet18,layer4_last,40,95.0,0.1,10,42,77.3500,77.3737,75.0000,62.2600,62.8990,0.0000,77.3737,0.0000,-14.4747,26,259,50.59,50.00,0,19.6038,1.049,NVIDIA L4,6e3d1db
cifar100,resnet18,layer4_last,40,95.0,0.1,20,42,77.3500,77.3737,75.0000,18.6900,18.8788,0.0000,77.3737,0.0000,-58.4949,26,467,91.21,100.00,3,19.6038,2.077,NVIDIA L4,6e3d1db
cifar100,resnet18,layer4_last,40,95.0,0.1,5,42,77.3500,77.3737,75.0000,73.5600,74.3030,0.0000,77.3737,0.0000,-3.0707,26,130,25.39,25.00,0,19.6038,0.525,NVIDIA L4,6e3d1db
cifar100,resnet18,layer4_last,40,95.0,0.3,1,42,77.3500,77.3737,75.0000,76.7800,77.4747,8.0000,77.3737,0.0000,+0.1010,26,26,5.08,5.00,-1,16.7493,0.109,NVIDIA L4,6e3d1db
cifar100,resnet18,layer4_last,40,95.0,0.3,10,42,77.3500,77.3737,75.0000,66.8600,67.5354,0.0000,77.3737,0.0000,-9.8384,26,235,45.90,50.00,0,16.7493,1.055,NVIDIA L4,6e3d1db
cifar100,resnet18,layer4_last,40,95.0,0.3,20,42,77.3500,77.3737,75.0000,48.0000,48.4848,0.0000,77.3737,0.0000,-28.8889,26,399,77.93,100.00,3,16.7493,2.091,NVIDIA L4,6e3d1db
cifar100,resnet18,layer4_last,40,95.0,0.3,5,42,77.3500,77.3737,75.0000,74.0200,74.7677,0.0000,77.3737,0.0000,-2.6061,26,124,24.22,25.00,0,16.7493,0.524,NVIDIA L4,6e3d1db
cifar100,resnet18,layer4_last,40,95.0,0.5,1,42,77.3500,77.3737,75.0000,76.8600,77.4545,17.0000,77.3737,0.0000,+0.0808,26,26,5.08,5.00,-1,14.2306,0.104,NVIDIA L4,6e3d1db
cifar100,resnet18,layer4_last,40,95.0,0.5,10,42,77.3500,77.3737,75.0000,72.3000,73.0303,0.0000,77.3737,0.0000,-4.3434,26,185,36.13,50.00,0,14.2306,1.026,NVIDIA L4,6e3d1db
cifar100,resnet18,layer4_last,40,95.0,0.5,20,42,77.3500,77.3737,75.0000,61.7200,62.3434,0.0000,77.3737,0.0000,-15.0303,26,339,66.21,100.00,0,14.2306,1.991,NVIDIA L4,6e3d1db
cifar100,resnet18,layer4_last,40,95.0,0.5,5,42,77.3500,77.3737,75.0000,75.5100,76.2727,0.0000,77.3737,0.0000,-1.1010,26,104,20.31,25.00,0,14.2306,0.523,NVIDIA L4,6e3d1db
cifar100,resnet18,layer4_last,40,99.0,0.01,1,42,77.3500,77.3737,75.0000,77.3400,77.5253,58.0000,77.3737,0.0000,+0.1515,6,6,1.17,1.00,-1,5.0374,0.105,NVIDIA L4,6e3d1db
cifar100,resnet18,layer4_last,40,99.0,0.01,10,42,77.3500,77.3737,75.0000,76.4600,77.2424,0.0000,77.3737,0.0000,-0.1313,6,60,11.72,10.00,0,5.0374,1.039,NVIDIA L4,6e3d1db
cifar100,resnet18,layer4_last,40,99.0,0.01,20,42,77.3500,77.3737,75.0000,73.8800,74.6263,0.0000,77.3737,0.0000,-2.7475,6,120,23.44,20.00,0,5.0374,2.076,NVIDIA L4,6e3d1db
cifar100,resnet18,layer4_last,40,99.0,0.01,5,42,77.3500,77.3737,75.0000,76.5300,77.2727,3.0000,77.3737,0.0000,-0.1010,6,30,5.86,5.00,0,5.0374,0.522,NVIDIA L4,6e3d1db
cifar100,resnet18,layer4_last,40,99.0,0.03,1,42,77.3500,77.3737,75.0000,77.3400,77.5253,58.0000,77.3737,0.0000,+0.1515,6,6,1.17,1.00,-1,5.0374,0.105,NVIDIA L4,6e3d1db
cifar100,resnet18,layer4_last,40,99.0,0.03,10,42,77.3500,77.3737,75.0000,76.4500,77.2323,0.0000,77.3737,0.0000,-0.1414,6,60,11.72,10.00,0,5.0374,1.042,NVIDIA L4,6e3d1db
cifar100,resnet18,layer4_last,40,99.0,0.03,20,42,77.3500,77.3737,75.0000,73.9200,74.6667,0.0000,77.3737,0.0000,-2.7071,6,120,23.44,20.00,0,5.0374,2.307,NVIDIA L4,6e3d1db
cifar100,resnet18,layer4_last,40,99.0,0.03,5,42,77.3500,77.3737,75.0000,76.5300,77.2727,3.0000,77.3737,0.0000,-0.1010,6,30,5.86,5.00,0,5.0374,0.504,NVIDIA L4,6e3d1db
cifar100,resnet18,layer4_last,40,99.0,0.1,1,42,77.3500,77.3737,75.0000,77.3400,77.5253,58.0000,77.3737,0.0000,+0.1515,6,6,1.17,1.00,-1,5.0374,0.099,NVIDIA L4,6e3d1db
cifar100,resnet18,layer4_last,40,99.0,0.1,10,42,77.3500,77.3737,75.0000,76.4700,77.2424,0.0000,77.3737,0.0000,-0.1313,6,60,11.72,10.00,0,5.0374,1.013,NVIDIA L4,6e3d1db
cifar100,resnet18,layer4_last,40,99.0,0.1,20,42,77.3500,77.3737,75.0000,73.9500,74.6970,0.0000,77.3737,0.0000,-2.6768,6,120,23.44,20.00,0,5.0374,2.266,NVIDIA L4,6e3d1db
cifar100,resnet18,layer4_last,40,99.0,0.1,5,42,77.3500,77.3737,75.0000,76.5300,77.2727,3.0000,77.3737,0.0000,-0.1010,6,30,5.86,5.00,0,5.0374,0.507,NVIDIA L4,6e3d1db
cifar100,resnet18,layer4_last,40,99.0,0.3,1,42,77.3500,77.3737,75.0000,77.3500,77.5455,58.0000,77.3737,0.0000,+0.1717,6,6,1.17,1.00,-1,4.7855,0.108,NVIDIA L4,6e3d1db
cifar100,resnet18,layer4_last,40,99.0,0.3,10,42,77.3500,77.3737,75.0000,76.4700,77.2424,0.0000,77.3737,0.0000,-0.1313,6,60,11.72,10.00,0,4.7855,1.003,NVIDIA L4,6e3d1db
cifar100,resnet18,layer4_last,40,99.0,0.3,20,42,77.3500,77.3737,75.0000,74.5500,75.3030,0.0000,77.3737,0.0000,-2.0707,6,114,22.27,20.00,0,4.7855,1.978,NVIDIA L4,6e3d1db
cifar100,resnet18,layer4_last,40,99.0,0.3,5,42,77.3500,77.3737,75.0000,76.6300,77.3232,8.0000,77.3737,0.0000,-0.0505,6,30,5.86,5.00,0,4.7855,0.504,NVIDIA L4,6e3d1db
cifar100,resnet18,layer4_last,40,99.0,0.5,1,42,77.3500,77.3737,75.0000,77.4100,77.5657,62.0000,77.3737,0.0000,+0.1919,6,6,1.17,1.00,-1,4.1139,0.109,NVIDIA L4,6e3d1db
cifar100,resnet18,layer4_last,40,99.0,0.5,10,42,77.3500,77.3737,75.0000,76.6200,77.3636,3.0000,77.3737,0.0000,-0.0101,6,52,10.16,10.00,0,4.1139,1.046,NVIDIA L4,6e3d1db
cifar100,resnet18,layer4_last,40,99.0,0.5,20,42,77.3500,77.3737,75.0000,75.6900,76.4545,0.0000,77.3737,0.0000,-0.9192,6,98,19.14,20.00,0,4.1139,2.086,NVIDIA L4,6e3d1db
cifar100,resnet18,layer4_last,40,99.0,0.5,5,42,77.3500,77.3737,75.0000,76.7400,77.3636,15.0000,77.3737,0.0000,-0.0101,6,30,5.86,5.00,0,4.1139,0.544,NVIDIA L4,6e3d1db
cifar20,resnet18,layer4_last,5,50.0,0.01,1,42,85.3400,85.2737,86.6000,79.8100,84.0105,0.0000,86.1789,0.0000,-2.1684,256,256,50.00,50.00,-1,20.9982,0.338,NVIDIA L4,6e3d1db
cifar20,resnet18,layer4_last,5,50.0,0.01,10,42,85.3400,85.2737,86.6000,19.9500,21.0000,0.0000,86.1789,0.0000,-65.1789,256,507,99.02,100.00,252,20.9982,3.790,NVIDIA L4,6e3d1db
cifar20,resnet18,layer4_last,5,50.0,0.01,20,42,85.3400,85.2737,86.6000,19.9000,20.9474,0.0000,86.1789,0.0000,-65.2316,256,507,99.02,100.00,256,20.9982,7.743,NVIDIA L4,6e3d1db
cifar20,resnet18,layer4_last,5,50.0,0.01,5,42,85.3400,85.2737,86.6000,23.2200,24.4421,0.0000,86.1789,0.0000,-61.7368,256,504,98.44,100.00,226,20.9982,1.926,NVIDIA L4,6e3d1db
cifar20,resnet18,layer4_last,5,50.0,0.03,1,42,85.3400,85.2737,86.6000,79.8000,84.0000,0.0000,86.1789,0.0000,-2.1789,256,256,50.00,50.00,-1,20.9982,0.428,NVIDIA L4,6e3d1db
cifar20,resnet18,layer4_last,5,50.0,0.03,10,42,85.3400,85.2737,86.6000,20.2900,21.3579,0.0000,86.1789,0.0000,-64.8211,256,507,99.02,100.00,245,20.9982,4.075,NVIDIA L4,6e3d1db
cifar20,resnet18,layer4_last,5,50.0,0.03,20,42,85.3400,85.2737,86.6000,19.9200,20.9684,0.0000,86.1789,0.0000,-65.2105,256,507,99.02,100.00,254,20.9982,8.119,NVIDIA L4,6e3d1db
cifar20,resnet18,layer4_last,5,50.0,0.03,5,42,85.3400,85.2737,86.6000,37.8300,39.8211,0.0000,86.1789,0.0000,-46.3579,256,492,96.09,100.00,182,20.9982,1.999,NVIDIA L4,6e3d1db
cifar20,resnet18,layer4_last,5,50.0,0.1,1,42,85.3400,85.2737,86.6000,79.8200,84.0105,0.2000,86.1789,0.0000,-2.1684,256,256,50.00,50.00,-1,20.9982,0.347,NVIDIA L4,6e3d1db
cifar20,resnet18,layer4_last,5,50.0,0.1,10,42,85.3400,85.2737,86.6000,20.1200,21.1789,0.0000,86.1789,0.0000,-65.0000,256,505,98.63,100.00,230,20.9982,3.669,NVIDIA L4,6e3d1db
cifar20,resnet18,layer4_last,5,50.0,0.1,20,42,85.3400,85.2737,86.6000,19.7900,20.8316,0.0000,86.1789,0.0000,-65.3474,256,507,99.02,100.00,253,20.9982,8.064,NVIDIA L4,6e3d1db
cifar20,resnet18,layer4_last,5,50.0,0.1,5,42,85.3400,85.2737,86.6000,61.2000,64.4211,0.0000,86.1789,0.0000,-21.7579,256,478,93.36,100.00,171,20.9982,1.944,NVIDIA L4,6e3d1db
cifar20,resnet18,layer4_last,5,50.0,0.3,1,42,85.3400,85.2737,86.6000,81.3500,84.3368,24.6000,86.1789,0.0000,-1.8421,256,256,50.00,50.00,-1,20.9568,0.329,NVIDIA L4,6e3d1db
cifar20,resnet18,layer4_last,5,50.0,0.3,10,42,85.3400,85.2737,86.6000,41.9200,44.1263,0.0000,86.1789,0.0000,-42.0526,256,490,95.70,100.00,208,20.9568,3.794,NVIDIA L4,6e3d1db
cifar20,resnet18,layer4_last,5,50.0,0.3,20,42,85.3400,85.2737,86.6000,22.8500,24.0526,0.0000,86.1789,0.0000,-62.1263,256,506,98.83,100.00,246,20.9568,7.782,NVIDIA L4,6e3d1db
cifar20,resnet18,layer4_last,5,50.0,0.3,5,42,85.3400,85.2737,86.6000,74.2700,78.1789,0.0000,86.1789,0.0000,-8.0000,256,416,81.25,100.00,165,20.9568,2.112,NVIDIA L4,6e3d1db
cifar20,resnet18,layer4_last,5,50.0,0.5,1,42,85.3400,85.2737,86.6000,83.2700,84.7684,54.8000,86.1789,0.0000,-1.4105,256,256,50.00,50.00,-1,20.4598,2.498,NVIDIA L4,6e3d1db
cifar20,resnet18,layer4_last,5,50.0,0.5,10,42,85.3400,85.2737,86.6000,67.6100,71.1684,0.0000,86.1789,0.0000,-15.0105,256,446,87.11,100.00,182,20.4598,5.575,NVIDIA L4,6e3d1db
cifar20,resnet18,layer4_last,5,50.0,0.5,20,42,85.3400,85.2737,86.6000,36.0800,37.9789,0.0000,86.1789,0.0000,-48.2000,256,494,96.48,100.00,219,20.4598,9.107,NVIDIA L4,6e3d1db
cifar20,resnet18,layer4_last,5,50.0,0.5,5,42,85.3400,85.2737,86.6000,79.2900,83.4632,0.0000,86.1789,0.0000,-2.7158,256,355,69.34,100.00,173,20.4598,3.791,NVIDIA L4,6e3d1db
cifar20,resnet18,layer4_last,5,75.0,0.01,1,42,85.3400,85.2737,86.6000,80.8900,85.1474,0.0000,86.1789,0.0000,-1.0316,128,128,25.00,25.00,-1,19.1345,0.341,NVIDIA L4,6e3d1db
cifar20,resnet18,layer4_last,5,75.0,0.01,10,42,85.3400,85.2737,86.6000,65.8800,69.3474,0.0000,86.1789,0.0000,-16.8316,128,459,89.65,100.00,117,19.1345,3.567,NVIDIA L4,6e3d1db
cifar20,resnet18,layer4_last,5,75.0,0.01,20,42,85.3400,85.2737,86.6000,63.8800,67.2421,0.0000,86.1789,0.0000,-18.9368,128,462,90.23,100.00,128,19.1345,7.341,NVIDIA L4,6e3d1db
cifar20,resnet18,layer4_last,5,75.0,0.01,5,42,85.3400,85.2737,86.6000,73.4800,77.3474,0.0000,86.1789,0.0000,-8.8316,128,416,81.25,100.00,79,19.1345,1.793,NVIDIA L4,6e3d1db
cifar20,resnet18,layer4_last,5,75.0,0.03,1,42,85.3400,85.2737,86.6000,80.8900,85.1474,0.0000,86.1789,0.0000,-1.0316,128,128,25.00,25.00,-1,19.0931,0.462,NVIDIA L4,6e3d1db
cifar20,resnet18,layer4_last,5,75.0,0.03,10,42,85.3400,85.2737,86.6000,66.7900,70.3053,0.0000,86.1789,0.0000,-15.8737,128,454,88.67,100.00,114,19.0931,4.185,NVIDIA L4,6e3d1db
cifar20,resnet18,layer4_last,5,75.0,0.03,20,42,85.3400,85.2737,86.6000,64.4700,67.8632,0.0000,86.1789,0.0000,-18.3158,128,461,90.04,100.00,127,19.0931,8.372,NVIDIA L4,6e3d1db
cifar20,resnet18,layer4_last,5,75.0,0.03,5,42,85.3400,85.2737,86.6000,76.0400,80.0421,0.0000,86.1789,0.0000,-6.1368,128,400,78.12,100.00,69,19.0931,2.052,NVIDIA L4,6e3d1db
cifar20,resnet18,layer4_last,5,75.0,0.1,1,42,85.3400,85.2737,86.6000,80.9400,85.2000,0.0000,86.1789,0.0000,-0.9789,128,128,25.00,25.00,-1,19.0102,0.455,NVIDIA L4,6e3d1db
cifar20,resnet18,layer4_last,5,75.0,0.1,10,42,85.3400,85.2737,86.6000,70.1800,73.8737,0.0000,86.1789,0.0000,-12.3053,128,425,83.01,100.00,92,19.0102,4.277,NVIDIA L4,6e3d1db
cifar20,resnet18,layer4_last,5,75.0,0.1,20,42,85.3400,85.2737,86.6000,66.2000,69.6842,0.0000,86.1789,0.0000,-16.4947,128,459,89.65,100.00,123,19.0102,7.751,NVIDIA L4,6e3d1db
cifar20,resnet18,layer4_last,5,75.0,0.1,5,42,85.3400,85.2737,86.6000,78.8700,83.0211,0.0000,86.1789,0.0000,-3.1579,128,354,69.14,100.00,42,19.0102,2.263,NVIDIA L4,6e3d1db
cifar20,resnet18,layer4_last,5,75.0,0.3,1,42,85.3400,85.2737,86.6000,81.5800,85.2421,12.0000,86.1789,0.0000,-0.9368,128,128,25.00,25.00,-1,18.1405,0.303,NVIDIA L4,6e3d1db
cifar20,resnet18,layer4_last,5,75.0,0.3,10,42,85.3400,85.2737,86.6000,77.6900,81.7789,0.0000,86.1789,0.0000,-4.4000,128,375,73.24,100.00,72,18.1405,3.597,NVIDIA L4,6e3d1db
cifar20,resnet18,layer4_last,5,75.0,0.3,20,42,85.3400,85.2737,86.6000,65.3100,68.7474,0.0000,86.1789,0.0000,-17.4316,128,438,85.55,100.00,107,18.1405,7.227,NVIDIA L4,6e3d1db
cifar20,resnet18,layer4_last,5,75.0,0.3,5,42,85.3400,85.2737,86.6000,79.1400,83.3053,0.0000,86.1789,0.0000,-2.8737,128,288,56.25,100.00,52,18.1405,1.771,NVIDIA L4,6e3d1db
cifar20,resnet18,layer4_last,5,75.0,0.5,1,42,85.3400,85.2737,86.6000,83.5400,85.4316,47.6000,86.1789,0.0000,-0.7474,128,128,25.00,25.00,-1,16.7323,0.314,NVIDIA L4,6e3d1db
cifar20,resnet18,layer4_last,5,75.0,0.5,10,42,85.3400,85.2737,86.6000,79.5200,83.7053,0.0000,86.1789,0.0000,-2.4737,128,321,62.70,100.00,59,16.7323,4.086,NVIDIA L4,6e3d1db
cifar20,resnet18,layer4_last,5,75.0,0.5,20,42,85.3400,85.2737,86.6000,75.6200,79.6000,0.0000,86.1789,0.0000,-6.5789,128,404,78.91,100.00,91,16.7323,8.047,NVIDIA L4,6e3d1db
cifar20,resnet18,layer4_last,5,75.0,0.5,5,42,85.3400,85.2737,86.6000,80.3900,84.6211,0.0000,86.1789,0.0000,-1.5579,128,222,43.36,100.00,55,16.7323,2.136,NVIDIA L4,6e3d1db
cifar20,resnet18,layer4_last,5,90.0,0.01,1,42,85.3400,85.2737,86.6000,83.6500,85.6842,45.0000,86.1789,0.0000,-0.4947,52,52,10.16,10.00,-1,15.1585,0.349,NVIDIA L4,6e3d1db
cifar20,resnet18,layer4_last,5,90.0,0.01,10,42,85.3400,85.2737,86.6000,78.6500,82.7895,0.0000,86.1789,0.0000,-3.3895,52,352,68.75,100.00,39,15.1585,3.525,NVIDIA L4,6e3d1db
cifar20,resnet18,layer4_last,5,90.0,0.01,20,42,85.3400,85.2737,86.6000,78.6400,82.7789,0.0000,86.1789,0.0000,-3.4000,52,366,71.48,100.00,52,15.1585,7.348,NVIDIA L4,6e3d1db
cifar20,resnet18,layer4_last,5,90.0,0.01,5,42,85.3400,85.2737,86.6000,79.6800,83.8737,0.0000,86.1789,0.0000,-2.3053,52,251,49.02,50.00,0,15.1585,1.696,NVIDIA L4,6e3d1db
cifar20,resnet18,layer4_last,5,90.0,0.03,1,42,85.3400,85.2737,86.6000,83.6500,85.6842,45.0000,86.1789,0.0000,-0.4947,52,52,10.16,10.00,-1,15.1585,0.501,NVIDIA L4,6e3d1db
cifar20,resnet18,layer4_last,5,90.0,0.03,10,42,85.3400,85.2737,86.6000,78.9600,83.1158,0.0000,86.1789,0.0000,-3.0632,52,343,66.99,100.00,29,15.1585,3.554,NVIDIA L4,6e3d1db
cifar20,resnet18,layer4_last,5,90.0,0.03,20,42,85.3400,85.2737,86.6000,78.6500,82.7895,0.0000,86.1789,0.0000,-3.3895,52,366,71.48,100.00,51,15.1585,7.819,NVIDIA L4,6e3d1db
cifar20,resnet18,layer4_last,5,90.0,0.03,5,42,85.3400,85.2737,86.6000,79.5400,83.7263,0.0000,86.1789,0.0000,-2.4526,52,247,48.24,50.00,1,15.1585,1.896,NVIDIA L4,6e3d1db
cifar20,resnet18,layer4_last,5,90.0,0.1,1,42,85.3400,85.2737,86.6000,83.7300,85.6947,46.4000,86.1789,0.0000,-0.4842,52,52,10.16,10.00,-1,14.7443,0.321,NVIDIA L4,6e3d1db
cifar20,resnet18,layer4_last,5,90.0,0.1,10,42,85.3400,85.2737,86.6000,79.0700,83.2316,0.0000,86.1789,0.0000,-2.9474,52,313,61.13,100.00,23,14.7443,3.607,NVIDIA L4,6e3d1db
cifar20,resnet18,layer4_last,5,90.0,0.1,20,42,85.3400,85.2737,86.6000,78.8500,83.0000,0.0000,86.1789,0.0000,-3.1789,52,356,69.53,100.00,42,14.7443,7.470,NVIDIA L4,6e3d1db
cifar20,resnet18,layer4_last,5,90.0,0.1,5,42,85.3400,85.2737,86.6000,80.1800,84.4000,0.0000,86.1789,0.0000,-1.7789,52,222,43.36,50.00,4,14.7443,1.702,NVIDIA L4,6e3d1db
cifar20,resnet18,layer4_last,5,90.0,0.3,1,42,85.3400,85.2737,86.6000,84.0200,85.6632,52.8000,86.1789,0.0000,-0.5158,52,52,10.16,10.00,-1,13.7917,0.324,NVIDIA L4,6e3d1db
cifar20,resnet18,layer4_last,5,90.0,0.3,10,42,85.3400,85.2737,86.6000,79.6800,83.8737,0.0000,86.1789,0.0000,-2.3053,52,246,48.05,100.00,15,13.7917,3.914,NVIDIA L4,6e3d1db
cifar20,resnet18,layer4_last,5,90.0,0.3,20,42,85.3400,85.2737,86.6000,79.4700,83.6526,0.0000,86.1789,0.0000,-2.5263,52,333,65.04,100.00,36,13.7917,7.951,NVIDIA L4,6e3d1db
cifar20,resnet18,layer4_last,5,90.0,0.3,5,42,85.3400,85.2737,86.6000,80.7000,84.9368,0.2000,86.1789,0.0000,-1.2421,52,171,33.40,50.00,1,13.7917,2.152,NVIDIA L4,6e3d1db
cifar20,resnet18,layer4_last,5,90.0,0.5,1,42,85.3400,85.2737,86.6000,84.5000,85.6421,62.8000,86.1789,0.0000,-0.5368,52,52,10.16,10.00,-1,11.6381,0.352,NVIDIA L4,6e3d1db
cifar20,resnet18,layer4_last,5,90.0,0.5,10,42,85.3400,85.2737,86.6000,80.4900,84.7158,0.2000,86.1789,0.0000,-1.4632,52,201,39.26,100.00,9,11.6381,3.771,NVIDIA L4,6e3d1db
cifar20,resnet18,layer4_last,5,90.0,0.5,20,42,85.3400,85.2737,86.6000,79.4400,83.6211,0.0000,86.1789,0.0000,-2.5579,52,281,54.88,100.00,24,11.6381,8.084,NVIDIA L4,6e3d1db
cifar20,resnet18,layer4_last,5,90.0,0.5,5,42,85.3400,85.2737,86.6000,81.1700,85.1684,5.2000,86.1789,0.0000,-1.0105,52,151,29.49,50.00,1,11.6381,2.149,NVIDIA L4,6e3d1db
cifar20,resnet18,layer4_last,5,95.0,0.01,1,42,85.3400,85.2737,86.6000,84.7400,85.6421,67.6000,86.1789,0.0000,-0.5368,26,26,5.08,5.00,-1,12.9634,0.337,NVIDIA L4,6e3d1db
cifar20,resnet18,layer4_last,5,95.0,0.01,10,42,85.3400,85.2737,86.6000,79.5500,83.7368,0.0000,86.1789,0.0000,-2.4421,26,246,48.05,50.00,5,12.9634,3.659,NVIDIA L4,6e3d1db
cifar20,resnet18,layer4_last,5,95.0,0.01,20,42,85.3400,85.2737,86.6000,79.0100,83.1684,0.0000,86.1789,0.0000,-3.0105,26,313,61.13,100.00,23,12.9634,7.188,NVIDIA L4,6e3d1db
cifar20,resnet18,layer4_last,5,95.0,0.01,5,42,85.3400,85.2737,86.6000,80.8500,85.1053,0.0000,86.1789,0.0000,-1.0737,26,130,25.39,25.00,0,12.9634,1.711,NVIDIA L4,6e3d1db
cifar20,resnet18,layer4_last,5,95.0,0.03,1,42,85.3400,85.2737,86.6000,84.7500,85.6526,67.6000,86.1789,0.0000,-0.5263,26,26,5.08,5.00,-1,12.8391,0.387,NVIDIA L4,6e3d1db
cifar20,resnet18,layer4_last,5,95.0,0.03,10,42,85.3400,85.2737,86.6000,79.7400,83.9368,0.0000,86.1789,0.0000,-2.2421,26,242,47.27,50.00,6,12.8391,3.651,NVIDIA L4,6e3d1db
cifar20,resnet18,layer4_last,5,95.0,0.03,20,42,85.3400,85.2737,86.6000,78.9500,83.1053,0.0000,86.1789,0.0000,-3.0737,26,310,60.55,100.00,23,12.8391,7.417,NVIDIA L4,6e3d1db
cifar20,resnet18,layer4_last,5,95.0,0.03,5,42,85.3400,85.2737,86.6000,80.8500,85.1053,0.0000,86.1789,0.0000,-1.0737,26,130,25.39,25.00,0,12.8391,1.702,NVIDIA L4,6e3d1db
cifar20,resnet18,layer4_last,5,95.0,0.1,1,42,85.3400,85.2737,86.6000,84.7800,85.6632,68.0000,86.1789,0.0000,-0.5158,26,26,5.08,5.00,-1,12.2179,0.326,NVIDIA L4,6e3d1db
cifar20,resnet18,layer4_last,5,95.0,0.1,10,42,85.3400,85.2737,86.6000,80.1800,84.4000,0.0000,86.1789,0.0000,-1.7789,26,222,43.36,50.00,1,12.2179,3.957,NVIDIA L4,6e3d1db
cifar20,resnet18,layer4_last,5,95.0,0.1,20,42,85.3400,85.2737,86.6000,78.4900,82.6211,0.0000,86.1789,0.0000,-3.5579,26,295,57.62,100.00,17,12.2179,7.747,NVIDIA L4,6e3d1db
cifar20,resnet18,layer4_last,5,95.0,0.1,5,42,85.3400,85.2737,86.6000,80.8700,85.1263,0.0000,86.1789,0.0000,-1.0526,26,130,25.39,25.00,0,12.2179,2.033,NVIDIA L4,6e3d1db
cifar20,resnet18,layer4_last,5,95.0,0.3,1,42,85.3400,85.2737,86.6000,84.8900,85.6632,70.0000,86.1789,0.0000,-0.5158,26,26,5.08,5.00,-1,9.9814,0.382,NVIDIA L4,6e3d1db
cifar20,resnet18,layer4_last,5,95.0,0.3,10,42,85.3400,85.2737,86.6000,80.7000,84.9368,0.2000,86.1789,0.0000,-1.2421,26,171,33.40,50.00,0,9.9814,3.906,NVIDIA L4,6e3d1db
cifar20,resnet18,layer4_last,5,95.0,0.3,20,42,85.3400,85.2737,86.6000,79.9000,84.1053,0.0000,86.1789,0.0000,-2.0737,26,241,47.07,100.00,9,9.9814,7.531,NVIDIA L4,6e3d1db
cifar20,resnet18,layer4_last,5,95.0,0.3,5,42,85.3400,85.2737,86.6000,81.5300,85.2316,11.2000,86.1789,0.0000,-0.9474,26,128,25.00,25.00,0,9.9814,1.805,NVIDIA L4,6e3d1db
cifar20,resnet18,layer4_last,5,95.0,0.5,1,42,85.3400,85.2737,86.6000,85.0500,85.6316,74.0000,86.1789,0.0000,-0.5474,26,26,5.08,5.00,-1,8.3247,0.331,NVIDIA L4,6e3d1db
cifar20,resnet18,layer4_last,5,95.0,0.5,10,42,85.3400,85.2737,86.6000,81.1700,85.1684,5.2000,86.1789,0.0000,-1.0105,26,151,29.49,50.00,0,8.3247,3.328,NVIDIA L4,6e3d1db
cifar20,resnet18,layer4_last,5,95.0,0.5,20,42,85.3400,85.2737,86.6000,80.5100,84.7368,0.2000,86.1789,0.0000,-1.4421,26,201,39.26,100.00,2,8.3247,7.247,NVIDIA L4,6e3d1db
cifar20,resnet18,layer4_last,5,95.0,0.5,5,42,85.3400,85.2737,86.6000,82.9200,85.4421,35.0000,86.1789,0.0000,-0.7368,26,108,21.09,25.00,0,8.3247,1.660,NVIDIA L4,6e3d1db
cifar20,resnet18,layer4_last,5,99.0,0.01,1,42,85.3400,85.2737,86.6000,85.2800,85.4316,82.4000,86.1789,0.0000,-0.7474,6,6,1.17,1.00,-1,4.9700,0.331,NVIDIA L4,6e3d1db
cifar20,resnet18,layer4_last,5,99.0,0.01,10,42,85.3400,85.2737,86.6000,83.2100,85.6947,36.0000,86.1789,0.0000,-0.4842,6,60,11.72,10.00,0,4.9700,3.825,NVIDIA L4,6e3d1db
cifar20,resnet18,layer4_last,5,99.0,0.01,20,42,85.3400,85.2737,86.6000,80.9200,85.1789,0.0000,86.1789,0.0000,-1.0000,6,120,23.44,20.00,0,4.9700,7.405,NVIDIA L4,6e3d1db
cifar20,resnet18,layer4_last,5,99.0,0.01,5,42,85.3400,85.2737,86.6000,84.5600,85.6211,64.4000,86.1789,0.0000,-0.5579,6,30,5.86,5.00,0,4.9700,1.711,NVIDIA L4,6e3d1db
cifar20,resnet18,layer4_last,5,99.0,0.03,1,42,85.3400,85.2737,86.6000,85.2800,85.4316,82.4000,86.1789,0.0000,-0.7474,6,6,1.17,1.00,-1,4.9700,0.403,NVIDIA L4,6e3d1db
cifar20,resnet18,layer4_last,5,99.0,0.03,10,42,85.3400,85.2737,86.6000,83.2100,85.6947,36.0000,86.1789,0.0000,-0.4842,6,60,11.72,10.00,0,4.9700,4.357,NVIDIA L4,6e3d1db
cifar20,resnet18,layer4_last,5,99.0,0.03,20,42,85.3400,85.2737,86.6000,80.9200,85.1789,0.0000,86.1789,0.0000,-1.0000,6,120,23.44,20.00,0,4.9700,8.215,NVIDIA L4,6e3d1db
cifar20,resnet18,layer4_last,5,99.0,0.03,5,42,85.3400,85.2737,86.6000,84.5600,85.6211,64.4000,86.1789,0.0000,-0.5579,6,30,5.86,5.00,0,4.9700,2.014,NVIDIA L4,6e3d1db
cifar20,resnet18,layer4_last,5,99.0,0.1,1,42,85.3400,85.2737,86.6000,85.2800,85.4211,82.6000,86.1789,0.0000,-0.7579,6,6,1.17,1.00,-1,4.9700,0.308,NVIDIA L4,6e3d1db
cifar20,resnet18,layer4_last,5,99.0,0.1,10,42,85.3400,85.2737,86.6000,83.3200,85.6947,38.2000,86.1789,0.0000,-0.4842,6,60,11.72,10.00,0,4.9700,4.151,NVIDIA L4,6e3d1db
cifar20,resnet18,layer4_last,5,99.0,0.1,20,42,85.3400,85.2737,86.6000,80.9400,85.1895,0.2000,86.1789,0.0000,-0.9895,6,120,23.44,20.00,0,4.9700,8.105,NVIDIA L4,6e3d1db
cifar20,resnet18,layer4_last,5,99.0,0.1,5,42,85.3400,85.2737,86.6000,84.5800,85.6211,64.8000,86.1789,0.0000,-0.5579,6,30,5.86,5.00,0,4.9700,2.313,NVIDIA L4,6e3d1db
cifar20,resnet18,layer4_last,5,99.0,0.3,1,42,85.3400,85.2737,86.6000,85.2800,85.4000,83.0000,86.1789,0.0000,-0.7789,6,6,1.17,1.00,-1,4.9700,0.333,NVIDIA L4,6e3d1db
cifar20,resnet18,layer4_last,5,99.0,0.3,10,42,85.3400,85.2737,86.6000,83.8400,85.7368,47.8000,86.1789,0.0000,-0.4421,6,60,11.72,10.00,0,4.9700,3.974,NVIDIA L4,6e3d1db
cifar20,resnet18,layer4_last,5,99.0,0.3,20,42,85.3400,85.2737,86.6000,81.6600,85.2526,13.4000,86.1789,0.0000,-0.9263,6,120,23.44,20.00,0,4.9700,8.008,NVIDIA L4,6e3d1db
cifar20,resnet18,layer4_last,5,99.0,0.3,5,42,85.3400,85.2737,86.6000,84.7200,85.6632,66.8000,86.1789,0.0000,-0.5158,6,30,5.86,5.00,0,4.9700,1.747,NVIDIA L4,6e3d1db
cifar20,resnet18,layer4_last,5,99.0,0.5,1,42,85.3400,85.2737,86.6000,85.2800,85.3684,83.6000,86.1789,0.0000,-0.8105,6,6,1.17,1.00,-1,4.3073,0.370,NVIDIA L4,6e3d1db
cifar20,resnet18,layer4_last,5,99.0,0.5,10,42,85.3400,85.2737,86.6000,84.4800,85.7158,61.0000,86.1789,0.0000,-0.4632,6,60,11.72,10.00,0,4.3073,4.139,NVIDIA L4,6e3d1db
cifar20,resnet18,layer4_last,5,99.0,0.5,20,42,85.3400,85.2737,86.6000,83.2100,85.4737,40.2000,86.1789,0.0000,-0.7053,6,104,20.31,20.00,0,4.3073,8.017,NVIDIA L4,6e3d1db
cifar20,resnet18,layer4_last,5,99.0,0.5,5,42,85.3400,85.2737,86.6000,84.9400,85.6421,71.6000,86.1789,0.0000,-0.5368,6,30,5.86,5.00,0,4.3073,1.799,NVIDIA L4,6e3d1db
