dataset,arch,forget_class,method,config,seed,d_r,d_f,gold_d_r,gold_d_f,delta,agree_retain,agree_forget,kl_gold,probe_auroc,probe_bacc,params_damped_pct,eval_device,git_commit
cifar20,resnet18,10,gold,retrain,42,85.8526,0.0000,85.8526,0.0000,0.0000,100.0000,100.0000,0.000000,0.986244,94.3158,nan,NVIDIA A10,62a902d
cifar20,resnet18,10,lfssd,a10.0_l0.1_b64,42,85.3684,0.0000,85.8526,0.0000,0.4842,87.4211,42.2000,0.373369,0.995888,94.6684,0.8182,NVIDIA A10,62a902d
cifar20,resnet18,10,logit_mask,fc_row_c,42,85.3684,0.0000,85.8526,0.0000,0.4842,87.4105,40.0000,0.488739,0.996523,94.6105,0.0046,NVIDIA A10,62a902d
cifar20,resnet18,10,original,none,42,85.0526,91.0000,85.8526,0.0000,91.8000,87.1263,5.2000,0.754635,0.996523,94.6105,0.0000,NVIDIA A10,62a902d
cifar20,resnet18,10,ssd,a15.0_l1.0_b512,42,85.3684,0.0000,85.8526,0.0000,0.4842,87.3579,43.4000,0.376175,0.996420,94.6895,0.2330,NVIDIA A10,62a902d
cifar20,resnet18,10,unact,p99.0_g0.1_k20,42,84.8842,0.0000,85.8526,0.0000,0.9684,86.9158,24.8000,0.375663,0.994420,94.8474,4.9700,NVIDIA A10,62a902d
cifar20,resnet18,10,unact_in,p99.0_g0.1_k20,42,85.0316,18.0000,85.8526,0.0000,18.8211,87.0421,24.2000,0.368366,0.994420,94.8474,4.9485,NVIDIA A10,62a902d
cifar20,resnet18,10,unact_out,p99.0_g0.1_k20,42,85.0842,21.4000,85.8526,0.0000,22.1684,87.1474,23.8000,0.371690,0.996523,94.6105,0.0215,NVIDIA A10,62a902d
cifar20,resnet18,14,gold,retrain,42,85.0842,0.0000,85.0842,0.0000,0.0000,100.0000,100.0000,0.000000,0.972624,91.6211,nan,NVIDIA A10,62a902d
cifar20,resnet18,14,lfssd,a10.0_l0.1_b64,42,85.0000,0.0000,85.0842,0.0000,0.0842,87.4000,38.0000,0.376670,0.994360,94.9526,0.6721,NVIDIA A10,62a902d
cifar20,resnet18,14,logit_mask,fc_row_c,42,85.1263,0.0000,85.0842,0.0000,0.0421,87.6105,40.4000,0.497368,0.995903,95.5947,0.0046,NVIDIA A10,62a902d
cifar20,resnet18,14,original,none,42,84.9263,93.4000,85.0842,0.0000,93.5579,87.4105,4.2000,0.728783,0.995903,95.5947,0.0000,NVIDIA A10,62a902d
cifar20,resnet18,14,ssd,a15.0_l1.0_b512,42,85.0632,0.0000,85.0842,0.0000,0.0211,87.3684,41.8000,0.373160,0.992467,94.4105,1.0302,NVIDIA A10,62a902d
cifar20,resnet18,14,unact,p99.0_g0.1_k20,42,84.8316,0.0000,85.0842,0.0000,0.2526,87.2000,30.8000,0.341759,0.994725,96.0632,4.8872,NVIDIA A10,62a902d
cifar20,resnet18,14,unact_in,p99.0_g0.1_k20,42,84.9158,29.6000,85.0842,0.0000,29.7684,87.2842,29.8000,0.340053,0.994725,96.0632,4.8660,NVIDIA A10,62a902d
cifar20,resnet18,14,unact_out,p99.0_g0.1_k20,42,84.8947,19.2000,85.0842,0.0000,19.3895,87.2842,31.2000,0.343977,0.995903,95.5947,0.0211,NVIDIA A10,62a902d
cifar20,resnet18,19,gold,retrain,42,86.0316,0.0000,86.0316,0.0000,0.0000,100.0000,100.0000,0.000000,0.965113,90.4842,nan,NVIDIA A10,62a902d
cifar20,resnet18,19,lfssd,a10.0_l0.1_b64,42,85.7474,0.0000,86.0316,0.0000,0.2842,88.0842,54.0000,0.341551,0.988177,91.0211,0.9854,NVIDIA A10,62a902d
cifar20,resnet18,19,logit_mask,fc_row_c,42,85.6421,0.0000,86.0316,0.0000,0.3895,88.1895,53.4000,0.453885,0.990308,91.6368,0.0046,NVIDIA A10,62a902d
cifar20,resnet18,19,original,none,42,85.2737,86.8000,86.0316,0.0000,87.5579,87.7579,10.0000,0.728909,0.990308,91.6368,0.0000,NVIDIA A10,62a902d
cifar20,resnet18,19,ssd,a15.0_l1.0_b512,42,85.6842,0.0000,86.0316,0.0000,0.3474,88.2105,57.0000,0.335509,0.987936,91.0789,0.7101,NVIDIA A10,62a902d
cifar20,resnet18,19,unact,p99.0_g0.1_k20,42,84.7579,0.0000,86.0316,0.0000,1.2737,87.4737,26.8000,0.382653,0.985016,92.4316,4.9700,NVIDIA A10,62a902d
cifar20,resnet18,19,unact_in,p99.0_g0.1_k20,42,84.9474,15.8000,86.0316,0.0000,16.8842,87.6316,29.8000,0.367939,0.985016,92.4316,4.9485,NVIDIA A10,62a902d
cifar20,resnet18,19,unact_out,p99.0_g0.1_k20,42,84.9579,21.2000,86.0316,0.0000,22.2737,87.6105,28.4000,0.372536,0.990308,91.6368,0.0215,NVIDIA A10,62a902d
cifar20,resnet18,3,gold,retrain,42,85.9053,0.0000,85.9053,0.0000,0.0000,100.0000,100.0000,0.000000,0.972217,91.8211,nan,NVIDIA A10,62a902d
cifar20,resnet18,3,lfssd,a10.0_l0.1_b64,42,85.5684,0.0000,85.9053,0.0000,0.3368,88.2947,51.6000,0.355478,0.988483,90.8474,0.8151,NVIDIA A10,62a902d
cifar20,resnet18,3,logit_mask,fc_row_c,42,85.6000,0.0000,85.9053,0.0000,0.3053,88.5684,53.4000,0.469514,0.989694,91.1579,0.0046,NVIDIA A10,62a902d
cifar20,resnet18,3,original,none,42,85.3368,85.6000,85.9053,0.0000,86.1684,88.2526,10.2000,0.689916,0.989694,91.1579,0.0000,NVIDIA A10,62a902d
cifar20,resnet18,3,ssd,a15.0_l1.0_b512,42,85.4737,0.0000,85.9053,0.0000,0.4316,88.2000,52.8000,0.351003,0.987995,90.8368,0.8136,NVIDIA A10,62a902d
cifar20,resnet18,3,unact,p99.0_g0.1_k20,42,85.2737,0.0000,85.9053,0.0000,0.6316,87.9789,34.8000,0.361975,0.987791,92.6211,4.9700,NVIDIA A10,62a902d
cifar20,resnet18,3,unact_in,p99.0_g0.1_k20,42,85.3474,8.8000,85.9053,0.0000,9.3579,88.2105,36.6000,0.353972,0.987791,92.6211,4.9485,NVIDIA A10,62a902d
cifar20,resnet18,3,unact_out,p99.0_g0.1_k20,42,85.3158,12.8000,85.9053,0.0000,13.3895,88.1474,35.8000,0.358581,0.989694,91.1579,0.0215,NVIDIA A10,62a902d
cifar20,resnet18,4,gold,retrain,42,85.5579,0.0000,85.5579,0.0000,0.0000,100.0000,100.0000,0.000000,0.964727,90.5158,nan,NVIDIA A10,62a902d
cifar20,resnet18,4,lfssd,a10.0_l0.1_b64,42,85.5474,0.0000,85.5579,0.0000,0.0105,87.7579,51.4000,0.376112,0.983570,92.9105,0.6548,NVIDIA A10,62a902d
cifar20,resnet18,4,logit_mask,fc_row_c,42,85.5474,0.0000,85.5579,0.0000,0.0105,87.9789,42.8000,0.493948,0.984914,92.8684,0.0046,NVIDIA A10,62a902d
cifar20,resnet18,4,original,none,42,85.2105,88.0000,85.5579,0.0000,88.3474,87.6632,6.6000,0.753291,0.984914,92.8684,0.0000,NVIDIA A10,62a902d
cifar20,resnet18,4,ssd,a15.0_l1.0_b512,42,85.5684,0.0000,85.5579,0.0000,0.0105,88.0211,48.8000,0.380543,0.985100,93.5474,0.2134,NVIDIA A10,62a902d
cifar20,resnet18,4,unact,p99.0_g0.1_k20,42,84.7368,0.0000,85.5579,0.0000,0.8211,87.1053,24.8000,0.397414,0.982365,92.5526,4.9700,NVIDIA A10,62a902d
cifar20,resnet18,4,unact_in,p99.0_g0.1_k20,42,84.9158,34.0000,85.5579,0.0000,34.6421,87.2316,23.8000,0.389435,0.982365,92.5526,4.9485,NVIDIA A10,62a902d
cifar20,resnet18,4,unact_out,p99.0_g0.1_k20,42,84.9053,26.4000,85.5579,0.0000,27.0526,87.1579,23.4000,0.393838,0.984914,92.8684,0.0215,NVIDIA A10,62a902d
