method,dataset,rule,config,d_r,d_f,delta,same_as_oracle
ssd,cifar10,oracle,8/1/256,95.4356,0.0,0.2867,True
ssd,cifar10,rf,8/1/256,95.4356,0.0,0.2867,True
ssd,cifar10,lodo,8/1/64,95.5978,31.1,31.2289,False
ssd,cifar10,single,6/1/64,92.7,0.0,2.9911,False
ssd,cifar20,oracle,15/1/512,85.4253,0.0,0.2674,True
ssd,cifar20,rf,15/1/512,85.4253,0.0,0.2674,True
ssd,cifar20,lodo,6/1/64,85.1684,0.0,0.5369,False
ssd,cifar20,single,6/1/64,85.1684,0.0,0.5369,False
ssd,cifar100,oracle,50/0.5/64,77.2,0.0,0.5071,True
ssd,cifar100,rf,50/0.5/64,77.2,0.0,0.5071,True
ssd,cifar100,lodo,8/1/256,45.2909,0.0,32.4162,False
ssd,cifar100,single,6/1/64,65.4202,0.0,12.2869,False
lfssd,cifar10,oracle,6/0.1/64,95.6578,0.0,0.1133,True
lfssd,cifar10,rf,6/0.1/64,95.6578,0.0,0.1133,True
lfssd,cifar10,lodo,12/1/64,95.1578,93.28,93.7244,False
lfssd,cifar10,single,8/0.1/64,95.7244,3.72,3.8422,False
lfssd,cifar20,oracle,10/0.1/64,85.4463,0.0,0.24,True
lfssd,cifar20,rf,10/0.1/64,85.4463,0.0,0.24,True
lfssd,cifar20,lodo,8/0.1/64,85.2337,0.0,0.4526,False
lfssd,cifar20,single,8/0.1/64,85.2337,0.0,0.4526,False
lfssd,cifar100,oracle,30/0.5/64,77.3273,0.0,0.3798,True
lfssd,cifar100,rf,30/0.5/64,77.3273,0.0,0.3798,True
lfssd,cifar100,lodo,6/0.5/64,57.1313,0.0,20.5757,False
lfssd,cifar100,single,8/0.1/64,73.8949,0.0,3.8121,False
unact,cifar10,oracle,99/0.01/20,95.5889,0.0,0.0844,True
unact,cifar10,rf,90/0.03/5,95.6022,0.0,0.1111,False
unact,cifar10,lodo,99/0.1/20,95.5844,1.28,1.3733,False
unact,cifar10,single,99/0.01/20,95.5889,0.0,0.0844,True
unact,cifar20,oracle,99/0.1/20,84.8968,0.0,0.7958,True
unact,cifar20,rf,99/0.1/20,84.8968,0.0,0.7958,True
unact,cifar20,lodo,99/0.01/20,84.8758,0.0,0.8168,False
unact,cifar20,single,99/0.01/20,84.8758,0.0,0.8168,False
unact,cifar100,oracle,90/0.3/1,76.5677,0.0,1.1394,True
unact,cifar100,rf,90/0.3/1,76.5677,0.0,1.1394,True
unact,cifar100,lodo,99/0.01/20,74.2505,0.0,3.4566,False
unact,cifar100,single,99/0.01/20,74.2505,0.0,3.4566,False
