dataset,order,config,request_idx,post_retain,post_forget,eval_device
cifar100,3-20-51-69-85,p90.0_g0.3_k1,0,76.3939,0.0000,NVIDIA A10
cifar100,3-20-51-69-85,p90.0_g0.3_k1,1,75.0000,2.0000,NVIDIA A10
cifar100,3-20-51-69-85,p90.0_g0.3_k1,2,74.8247,1.3333,NVIDIA A10
cifar100,3-20-51-69-85,p90.0_g0.3_k1,3,73.4375,1.2500,NVIDIA A10
cifar100,3-20-51-69-85,p90.0_g0.3_k1,4,71.4211,1.6000,NVIDIA A10
cifar100,3-20-51-69-85,p99.0_g0.01_k20,0,73.3232,0.0000,NVIDIA A10
cifar100,3-20-51-69-85,p99.0_g0.01_k20,1,67.3878,0.0000,NVIDIA A10
cifar100,3-20-51-69-85,p99.0_g0.01_k20,2,55.0309,0.0000,NVIDIA A10
cifar100,3-20-51-69-85,p99.0_g0.01_k20,3,31.3542,0.0000,NVIDIA A10
cifar100,3-20-51-69-85,p99.0_g0.01_k20,4,10.6842,0.0000,NVIDIA A10
cifar100,3-20-51-69-85,p99.0_g0.3_k10,0,76.3131,0.0000,NVIDIA A10
cifar100,3-20-51-69-85,p99.0_g0.3_k10,1,74.4388,0.0000,NVIDIA A10
cifar100,3-20-51-69-85,p99.0_g0.3_k10,2,73.8247,0.0000,NVIDIA A10
cifar100,3-20-51-69-85,p99.0_g0.3_k10,3,72.5938,0.0000,NVIDIA A10
cifar100,3-20-51-69-85,p99.0_g0.3_k10,4,69.9684,0.2000,NVIDIA A10
cifar100,30-13-49-91-37,p90.0_g0.3_k1,0,76.1616,0.0000,NVIDIA A10
cifar100,30-13-49-91-37,p90.0_g0.3_k1,1,75.5918,0.0000,NVIDIA A10
cifar100,30-13-49-91-37,p90.0_g0.3_k1,2,73.8144,0.0000,NVIDIA A10
cifar100,30-13-49-91-37,p90.0_g0.3_k1,3,72.5104,0.0000,NVIDIA A10
cifar100,30-13-49-91-37,p90.0_g0.3_k1,4,70.0737,0.2000,NVIDIA A10
cifar100,30-13-49-91-37,p99.0_g0.01_k20,0,73.4747,0.0000,NVIDIA A10
cifar100,30-13-49-91-37,p99.0_g0.01_k20,1,67.9286,0.0000,NVIDIA A10
cifar100,30-13-49-91-37,p99.0_g0.01_k20,2,54.2165,0.0000,NVIDIA A10
cifar100,30-13-49-91-37,p99.0_g0.01_k20,3,36.6354,0.0000,NVIDIA A10
cifar100,30-13-49-91-37,p99.0_g0.01_k20,4,15.9158,0.0000,NVIDIA A10
cifar100,30-13-49-91-37,p99.0_g0.3_k10,0,75.9394,0.0000,NVIDIA A10
cifar100,30-13-49-91-37,p99.0_g0.3_k10,1,75.2959,0.0000,NVIDIA A10
cifar100,30-13-49-91-37,p99.0_g0.3_k10,2,73.1959,0.0000,NVIDIA A10
cifar100,30-13-49-91-37,p99.0_g0.3_k10,3,72.0833,0.0000,NVIDIA A10
cifar100,30-13-49-91-37,p99.0_g0.3_k10,4,68.3579,0.0000,NVIDIA A10
cifar100,45-15-90-32-35,p90.0_g0.3_k1,0,76.6061,0.0000,NVIDIA A10
cifar100,45-15-90-32-35,p90.0_g0.3_k1,1,75.5612,0.0000,NVIDIA A10
cifar100,45-15-90-32-35,p90.0_g0.3_k1,2,74.2990,0.0000,NVIDIA A10
cifar100,45-15-90-32-35,p90.0_g0.3_k1,3,74.0104,0.0000,NVIDIA A10
cifar100,45-15-90-32-35,p90.0_g0.3_k1,4,72.0105,0.0000,NVIDIA A10
cifar100,45-15-90-32-35,p99.0_g0.01_k20,0,74.6061,0.0000,NVIDIA A10
cifar100,45-15-90-32-35,p99.0_g0.01_k20,1,69.8673,0.0000,NVIDIA A10
cifar100,45-15-90-32-35,p99.0_g0.01_k20,2,55.0103,0.0000,NVIDIA A10
cifar100,45-15-90-32-35,p99.0_g0.01_k20,3,21.9375,0.0000,NVIDIA A10
cifar100,45-15-90-32-35,p99.0_g0.01_k20,4,4.5368,0.0000,NVIDIA A10
cifar100,45-15-90-32-35,p99.0_g0.3_k10,0,76.2424,0.0000,NVIDIA A10
cifar100,45-15-90-32-35,p99.0_g0.3_k10,1,75.3367,0.0000,NVIDIA A10
cifar100,45-15-90-32-35,p99.0_g0.3_k10,2,73.7010,0.0000,NVIDIA A10
cifar100,45-15-90-32-35,p99.0_g0.3_k10,3,72.7604,0.0000,NVIDIA A10
cifar100,45-15-90-32-35,p99.0_g0.3_k10,4,69.7474,0.0000,NVIDIA A10
cifar100,48-97-1-81-90,p90.0_g0.3_k1,0,76.1212,1.0000,NVIDIA A10
cifar100,48-97-1-81-90,p90.0_g0.3_k1,1,74.8980,0.5000,NVIDIA A10
cifar100,48-97-1-81-90,p90.0_g0.3_k1,2,73.0515,0.3333,NVIDIA A10
cifar100,48-97-1-81-90,p90.0_g0.3_k1,3,71.4792,0.5000,NVIDIA A10
cifar100,48-97-1-81-90,p90.0_g0.3_k1,4,69.2316,0.6000,NVIDIA A10
cifar100,48-97-1-81-90,p99.0_g0.01_k20,0,73.2121,0.0000,NVIDIA A10
cifar100,48-97-1-81-90,p99.0_g0.01_k20,1,66.9184,0.0000,NVIDIA A10
cifar100,48-97-1-81-90,p99.0_g0.01_k20,2,52.6495,0.0000,NVIDIA A10
cifar100,48-97-1-81-90,p99.0_g0.01_k20,3,34.9688,0.0000,NVIDIA A10
cifar100,48-97-1-81-90,p99.0_g0.01_k20,4,12.9368,0.0000,NVIDIA A10
cifar100,48-97-1-81-90,p99.0_g0.3_k10,0,76.0404,0.0000,NVIDIA A10
cifar100,48-97-1-81-90,p99.0_g0.3_k10,1,74.2041,0.0000,NVIDIA A10
cifar100,48-97-1-81-90,p99.0_g0.3_k10,2,72.0412,0.0000,NVIDIA A10
cifar100,48-97-1-81-90,p99.0_g0.3_k10,3,69.7500,0.0000,NVIDIA A10
cifar100,48-97-1-81-90,p99.0_g0.3_k10,4,67.3579,0.0000,NVIDIA A10
cifar100,86-42-89-92-3,p90.0_g0.3_k1,0,76.5657,0.0000,NVIDIA A10
cifar100,86-42-89-92-3,p90.0_g0.3_k1,1,75.8265,0.0000,NVIDIA A10
cifar100,86-42-89-92-3,p90.0_g0.3_k1,2,74.6804,0.0000,NVIDIA A10
cifar100,86-42-89-92-3,p90.0_g0.3_k1,3,73.4583,0.0000,NVIDIA A10
cifar100,86-42-89-92-3,p90.0_g0.3_k1,4,71.2526,0.2000,NVIDIA A10
cifar100,86-42-89-92-3,p99.0_g0.01_k20,0,74.3737,0.0000,NVIDIA A10
cifar100,86-42-89-92-3,p99.0_g0.01_k20,1,67.4796,0.0000,NVIDIA A10
cifar100,86-42-89-92-3,p99.0_g0.01_k20,2,50.7423,0.0000,NVIDIA A10
cifar100,86-42-89-92-3,p99.0_g0.01_k20,3,36.6146,0.0000,NVIDIA A10
cifar100,86-42-89-92-3,p99.0_g0.01_k20,4,3.2105,0.0000,NVIDIA A10
cifar100,86-42-89-92-3,p99.0_g0.3_k10,0,76.5253,0.0000,NVIDIA A10
cifar100,86-42-89-92-3,p99.0_g0.3_k10,1,75.4490,0.0000,NVIDIA A10
cifar100,86-42-89-92-3,p99.0_g0.3_k10,2,74.0103,0.0000,NVIDIA A10
cifar100,86-42-89-92-3,p99.0_g0.3_k10,3,72.2292,0.0000,NVIDIA A10
cifar100,86-42-89-92-3,p99.0_g0.3_k10,4,69.3263,0.0000,NVIDIA A10
