dataset,arch,forget_class,method,config,seed,d_overall,d_r,d_f,mia,zrf,gold_d_r,gold_d_f,gold_mia,gap_d_r,gap_d_f,gap_mia,method_time_s,params_damped_pct,eval_device,eval_batch_size,git_commit
cifar10,resnet18,0,baseline,none,42,94.9700,94.8667,95.9000,0.905400,0.754941,95.1222,0.0000,0.231000,-0.2556,+95.9000,+0.674400,0.000,0.0000,NVIDIA L4,512,6e3d1db
cifar10,resnet18,0,gold,retrain,42,85.6100,95.1222,0.0000,0.231000,0.838466,95.1222,0.0000,0.231000,+0.0000,+0.0000,+0.000000,,100.0000,NVIDIA L4,512,6e3d1db
cifar10,resnet18,0,ssd,a8.0_l1.0_b256,42,85.6500,95.1667,0.0000,0.000200,0.938947,95.1222,0.0000,0.231000,+0.0444,+0.0000,-0.230800,38.545,3.7673,NVIDIA L4,512,6e3d1db
cifar10,resnet18,0,unact,layer4_last_p99.0_g0.01_k20,42,85.6200,95.1333,0.0000,0.000000,0.969091,95.1222,0.0000,0.231000,+0.0111,+0.0000,-0.231000,17.297,4.9615,NVIDIA L4,512,6e3d1db
cifar10,resnet18,2,baseline,none,42,94.9700,95.2000,92.9000,0.904200,0.763356,95.4889,0.0000,0.185000,-0.2889,+92.9000,+0.719200,0.000,0.0000,NVIDIA L4,512,6e3d1db
cifar10,resnet18,2,gold,retrain,42,85.9400,95.4889,0.0000,0.185000,0.874562,95.4889,0.0000,0.185000,+0.0000,+0.0000,+0.000000,,100.0000,NVIDIA L4,512,6e3d1db
cifar10,resnet18,2,ssd,a8.0_l1.0_b256,42,86.0300,95.5889,0.0000,0.000000,0.953928,95.4889,0.0000,0.185000,+0.1000,+0.0000,-0.185000,38.436,2.6697,NVIDIA L4,512,6e3d1db
cifar10,resnet18,2,unact,layer4_last_p99.0_g0.01_k20,42,86.0900,95.6556,0.0000,0.000000,0.976243,95.4889,0.0000,0.185000,+0.1667,+0.0000,-0.185000,18.405,4.9615,NVIDIA L4,512,6e3d1db
cifar10,resnet18,3,baseline,none,42,94.9700,95.7111,88.3000,0.872800,0.845174,96.4556,0.0000,0.294400,-0.7444,+88.3000,+0.578400,0.000,0.0000,NVIDIA L4,512,6e3d1db
cifar10,resnet18,3,gold,retrain,42,86.8100,96.4556,0.0000,0.294400,0.842431,96.4556,0.0000,0.294400,+0.0000,+0.0000,+0.000000,,100.0000,NVIDIA L4,512,6e3d1db
cifar10,resnet18,3,ssd,a8.0_l1.0_b256,42,85.7900,95.3222,0.0000,0.041600,0.902649,96.4556,0.0000,0.294400,-1.1333,+0.0000,-0.252800,38.385,8.0149,NVIDIA L4,512,6e3d1db
cifar10,resnet18,3,unact,layer4_last_p99.0_g0.01_k20,42,86.7300,96.3667,0.0000,0.000000,0.966579,96.4556,0.0000,0.294400,-0.0889,+0.0000,-0.294400,17.190,4.9615,NVIDIA L4,512,6e3d1db
cifar10,resnet18,5,baseline,none,42,94.9700,95.2333,92.6000,0.904200,0.781333,95.9444,0.0000,0.422600,-0.7111,+92.6000,+0.481600,0.000,0.0000,NVIDIA L4,512,6e3d1db
cifar10,resnet18,5,gold,retrain,42,86.3500,95.9444,0.0000,0.422600,0.853299,95.9444,0.0000,0.422600,+0.0000,+0.0000,+0.000000,,100.0000,NVIDIA L4,512,6e3d1db
cifar10,resnet18,5,ssd,a8.0_l1.0_b256,42,86.4200,96.0222,0.0000,0.001800,0.942663,95.9444,0.0000,0.422600,+0.0778,+0.0000,-0.420800,34.144,1.8129,NVIDIA L4,512,6e3d1db
cifar10,resnet18,5,unact,layer4_last_p99.0_g0.01_k20,42,86.2300,95.8111,0.0000,0.000000,0.974734,95.9444,0.0000,0.422600,-0.1333,+0.0000,-0.422600,15.754,4.7548,NVIDIA L4,512,6e3d1db
cifar10,resnet18,8,baseline,none,42,94.9700,94.7778,96.7000,0.935200,0.803882,95.0000,0.0000,0.388000,-0.2222,+96.7000,+0.547200,0.000,0.0000,NVIDIA L4,512,6e3d1db
cifar10,resnet18,8,gold,retrain,42,85.5000,95.0000,0.0000,0.388000,0.817388,95.0000,0.0000,0.388000,+0.0000,+0.0000,+0.000000,,100.0000,NVIDIA L4,512,6e3d1db
cifar10,resnet18,8,ssd,a8.0_l1.0_b256,42,85.5700,95.0778,0.0000,0.000000,0.943301,95.0000,0.0000,0.388000,+0.0778,+0.0000,-0.388000,36.098,1.8819,NVIDIA L4,512,6e3d1db
cifar10,resnet18,8,unact,layer4_last_p99.0_g0.01_k20,42,85.4800,94.9778,0.0000,0.000000,0.973830,95.0000,0.0000,0.388000,-0.0222,+0.0000,-0.388000,16.982,4.3413,NVIDIA L4,512,6e3d1db
cifar100,resnet18,20,baseline,none,42,77.3500,77.2121,91.0000,0.966000,0.970257,77.8889,0.0000,0.132000,-0.6768,+91.0000,+0.834000,0.000,0.0000,NVIDIA L4,512,6e3d1db
cifar100,resnet18,20,gold,retrain,42,77.1100,77.8889,0.0000,0.132000,0.981777,77.8889,0.0000,0.132000,+0.0000,+0.0000,+0.000000,,100.0000,NVIDIA L4,512,6e3d1db
cifar100,resnet18,20,ssd,a50.0_l0.5_b64,42,76.3900,77.1616,0.0000,0.000000,0.993247,77.8889,0.0000,0.132000,-0.7273,+0.0000,-0.132000,33.763,0.0496,NVIDIA L4,512,6e3d1db
cifar100,resnet18,20,unact,layer4_last_p90.0_g0.3_k1,42,75.6600,76.4242,0.0000,0.000000,0.996216,77.8889,0.0000,0.132000,-1.4646,+0.0000,-0.132000,0.170,2.1829,NVIDIA L4,512,6e3d1db
cifar100,resnet18,3,baseline,none,42,77.3500,77.4444,68.0000,0.900000,0.985414,77.8788,0.0000,0.064000,-0.4343,+68.0000,+0.836000,0.000,0.0000,NVIDIA L4,512,6e3d1db
cifar100,resnet18,3,gold,retrain,42,77.1000,77.8788,0.0000,0.064000,0.988613,77.8788,0.0000,0.064000,+0.0000,+0.0000,+0.000000,,100.0000,NVIDIA L4,512,6e3d1db
cifar100,resnet18,3,ssd,a50.0_l0.5_b64,42,76.4100,77.1818,0.0000,0.000000,0.992972,77.8788,0.0000,0.064000,-0.6970,+0.0000,-0.064000,33.413,0.6406,NVIDIA L4,512,6e3d1db
cifar100,resnet18,3,unact,layer4_last_p90.0_g0.3_k1,42,75.6000,76.3636,0.0000,0.000000,0.994952,77.8788,0.0000,0.064000,-1.5152,+0.0000,-0.064000,0.238,2.1829,NVIDIA L4,512,6e3d1db
cifar100,resnet18,51,baseline,none,42,77.3500,77.3838,74.0000,0.948000,0.976562,77.7273,0.0000,0.042000,-0.3434,+74.0000,+0.906000,0.000,0.0000,NVIDIA L4,512,6e3d1db
cifar100,resnet18,51,gold,retrain,42,76.9500,77.7273,0.0000,0.042000,0.990838,77.7273,0.0000,0.042000,+0.0000,+0.0000,+0.000000,,100.0000,NVIDIA L4,512,6e3d1db
cifar100,resnet18,51,ssd,a50.0_l0.5_b64,42,76.6800,77.4545,0.0000,0.000000,0.993510,77.7273,0.0000,0.042000,-0.2727,+0.0000,-0.042000,31.623,0.1452,NVIDIA L4,512,6e3d1db
cifar100,resnet18,51,unact,layer4_last_p90.0_g0.3_k1,42,76.2400,77.0101,0.0000,0.000000,0.995271,77.7273,0.0000,0.042000,-0.7172,+0.0000,-0.042000,0.187,2.1829,NVIDIA L4,512,6e3d1db
cifar100,resnet18,69,baseline,none,42,77.3500,77.3030,82.0000,0.946000,0.975727,77.4949,0.0000,0.084000,-0.1919,+82.0000,+0.862000,0.000,0.0000,NVIDIA L4,512,6e3d1db
cifar100,resnet18,69,gold,retrain,42,76.7200,77.4949,0.0000,0.084000,0.989572,77.4949,0.0000,0.084000,+0.0000,+0.0000,+0.000000,,100.0000,NVIDIA L4,512,6e3d1db
cifar100,resnet18,69,ssd,a50.0_l0.5_b64,42,76.2700,77.0404,0.0000,0.000000,0.994369,77.4949,0.0000,0.084000,-0.4545,+0.0000,-0.084000,30.127,0.2328,NVIDIA L4,512,6e3d1db
cifar100,resnet18,69,unact,layer4_last_p90.0_g0.3_k1,42,75.6100,76.3737,0.0000,0.000000,0.996946,77.4949,0.0000,0.084000,-1.1212,+0.0000,-0.084000,0.145,2.1829,NVIDIA L4,512,6e3d1db
cifar100,resnet18,85,baseline,none,42,77.3500,77.2222,90.0000,0.958000,0.975261,77.5354,0.0000,0.038000,-0.3131,+90.0000,+0.920000,0.000,0.0000,NVIDIA L4,512,6e3d1db
cifar100,resnet18,85,gold,retrain,42,76.7600,77.5354,0.0000,0.038000,0.990110,77.5354,0.0000,0.038000,+0.0000,+0.0000,+0.000000,,100.0000,NVIDIA L4,512,6e3d1db
cifar100,resnet18,85,ssd,a50.0_l0.5_b64,42,76.3900,77.1717,0.0000,0.000000,0.993035,77.5354,0.0000,0.038000,-0.3636,+0.0000,-0.038000,33.389,0.1027,NVIDIA L4,512,6e3d1db
cifar100,resnet18,85,unact,layer4_last_p90.0_g0.3_k1,42,75.8600,76.6263,0.0000,0.000000,0.996553,77.5354,0.0000,0.038000,-0.9091,+0.0000,-0.038000,0.156,2.1829,NVIDIA L4,512,6e3d1db
cifar20,resnet18,10,baseline,none,42,85.3400,85.0421,91.0000,0.958800,0.889529,85.8632,0.0000,0.140000,-0.8211,+91.0000,+0.818800,0.000,0.0000,NVIDIA L4,512,6e3d1db
cifar20,resnet18,10,gold,retrain,42,81.5700,85.8632,0.0000,0.140000,0.947799,85.8632,0.0000,0.140000,+0.0000,+0.0000,+0.000000,,100.0000,NVIDIA L4,512,6e3d1db
cifar20,resnet18,10,ssd,a15.0_l1.0_b512,42,81.1000,85.3684,0.0000,0.000000,0.977328,85.8632,0.0000,0.140000,-0.4947,+0.0000,-0.140000,35.845,0.2332,NVIDIA L4,512,6e3d1db
cifar20,resnet18,10,unact,layer4_last_p99.0_g0.1_k20,42,80.6400,84.8842,0.0000,0.000000,0.987740,85.8632,0.0000,0.140000,-0.9789,+0.0000,-0.140000,9.203,4.9700,NVIDIA L4,512,6e3d1db
cifar20,resnet18,14,baseline,none,42,85.3400,84.9158,93.4000,0.937600,0.886062,85.0947,0.0000,0.051600,-0.1789,+93.4000,+0.886000,0.000,0.0000,NVIDIA L4,512,6e3d1db
cifar20,resnet18,14,gold,retrain,42,80.8400,85.0947,0.0000,0.051600,0.947568,85.0947,0.0000,0.051600,+0.0000,+0.0000,+0.000000,,100.0000,NVIDIA L4,512,6e3d1db
cifar20,resnet18,14,ssd,a15.0_l1.0_b512,42,80.7800,85.0316,0.0000,0.005600,0.967202,85.0947,0.0000,0.051600,-0.0632,+0.0000,-0.046000,34.040,1.0299,NVIDIA L4,512,6e3d1db
cifar20,resnet18,14,unact,layer4_last_p99.0_g0.1_k20,42,80.5900,84.8316,0.0000,0.000000,0.986365,85.0947,0.0000,0.051600,-0.2632,+0.0000,-0.051600,9.789,4.8872,NVIDIA L4,512,6e3d1db
cifar20,resnet18,19,baseline,none,42,85.3400,85.2632,86.8000,0.939600,0.900247,86.0421,0.0000,0.256800,-0.7789,+86.8000,+0.682800,0.000,0.0000,NVIDIA L4,512,6e3d1db
cifar20,resnet18,19,gold,retrain,42,81.7400,86.0421,0.0000,0.256800,0.922170,86.0421,0.0000,0.256800,+0.0000,+0.0000,+0.000000,,100.0000,NVIDIA L4,512,6e3d1db
cifar20,resnet18,19,ssd,a15.0_l1.0_b512,42,81.4100,85.6947,0.0000,0.005600,0.954528,86.0421,0.0000,0.256800,-0.3474,+0.0000,-0.251200,35.695,0.7100,NVIDIA L4,512,6e3d1db
cifar20,resnet18,19,unact,layer4_last_p99.0_g0.1_k20,42,80.5200,84.7579,0.0000,0.000000,0.983852,86.0421,0.0000,0.256800,-1.2842,+0.0000,-0.256800,9.444,4.9700,NVIDIA L4,512,6e3d1db
cifar20,resnet18,3,baseline,none,42,85.3400,85.3263,85.6000,0.934000,0.882752,85.9053,0.0000,0.178400,-0.5789,+85.6000,+0.755600,0.000,0.0000,NVIDIA L4,512,6e3d1db
cifar20,resnet18,3,gold,retrain,42,81.6100,85.9053,0.0000,0.178400,0.922303,85.9053,0.0000,0.178400,+0.0000,+0.0000,+0.000000,,100.0000,NVIDIA L4,512,6e3d1db
cifar20,resnet18,3,ssd,a15.0_l1.0_b512,42,81.2000,85.4737,0.0000,0.000800,0.957256,85.9053,0.0000,0.178400,-0.4316,+0.0000,-0.177600,35.712,0.8131,NVIDIA L4,512,6e3d1db
cifar20,resnet18,3,unact,layer4_last_p99.0_g0.1_k20,42,81.0100,85.2737,0.0000,0.000000,0.980875,85.9053,0.0000,0.178400,-0.6316,+0.0000,-0.178400,8.878,4.9700,NVIDIA L4,512,6e3d1db
cifar20,resnet18,4,baseline,none,42,85.3400,85.2000,88.0000,0.958400,0.850988,85.5579,0.0000,0.230400,-0.3579,+88.0000,+0.728000,0.000,0.0000,NVIDIA L4,512,6e3d1db
cifar20,resnet18,4,gold,retrain,42,81.2800,85.5579,0.0000,0.230400,0.924291,85.5579,0.0000,0.230400,+0.0000,+0.0000,+0.000000,,100.0000,NVIDIA L4,512,6e3d1db
cifar20,resnet18,4,ssd,a15.0_l1.0_b512,42,81.2800,85.5579,0.0000,0.000000,0.966512,85.5579,0.0000,0.230400,+0.0000,+0.0000,-0.230400,33.762,0.2134,NVIDIA L4,512,6e3d1db
cifar20,resnet18,4,unact,layer4_last_p99.0_g0.1_k20,42,80.5000,84.7368,0.0000,0.000000,0.984793,85.5579,0.0000,0.230400,-0.8211,+0.0000,-0.230400,9.443,4.9700,NVIDIA L4,512,6e3d1db
