dataset,arch,forget_class,method,config,forget_n,forget_available,seed,post_overall,post_retain,post_forget,gold_retain,gold_forget,gap_retain,score,method_time_s,marginal_time_s,eval_device,git_commit
cifar10,resnet18,0,lfssd,a6.0_l0.1_b64,1,5000,42,12.0400,13.3778,0.0000,95.1222,0.0000,-81.7444,81.7444,22.612,0.175,NVIDIA L4,136ed1b
cifar10,resnet18,0,lfssd,a6.0_l0.1_b64,10,5000,42,81.5700,90.6333,0.0000,95.1222,0.0000,-4.4889,4.4889,22.506,0.069,NVIDIA L4,136ed1b
cifar10,resnet18,0,lfssd,a6.0_l0.1_b64,100,5000,42,85.6500,95.1667,0.0000,95.1222,0.0000,+0.0444,0.0444,22.520,0.083,NVIDIA L4,136ed1b
cifar10,resnet18,0,lfssd,a6.0_l0.1_b64,1000,5000,42,85.6500,95.1667,0.0000,95.1222,0.0000,+0.0444,0.0444,22.978,0.542,NVIDIA L4,136ed1b
cifar10,resnet18,0,lfssd,a6.0_l0.1_b64,25,5000,42,85.5700,95.0778,0.0000,95.1222,0.0000,-0.0444,0.0444,22.504,0.067,NVIDIA L4,136ed1b
cifar10,resnet18,0,lfssd,a6.0_l0.1_b64,5,5000,42,40.4900,44.9889,0.0000,95.1222,0.0000,-50.1333,50.1333,22.505,0.068,NVIDIA L4,136ed1b
cifar10,resnet18,0,lfssd,a6.0_l0.1_b64,50,5000,42,85.6900,95.2111,0.0000,95.1222,0.0000,+0.0889,0.0889,22.505,0.068,NVIDIA L4,136ed1b
cifar10,resnet18,0,lfssd,a6.0_l0.1_b64,500,5000,42,85.6900,95.2111,0.0000,95.1222,0.0000,+0.0889,0.0889,22.701,0.264,NVIDIA L4,136ed1b
cifar10,resnet18,0,lfssd,a6.0_l0.1_b64,5000,5000,42,85.7000,95.2222,0.0000,95.1222,0.0000,+0.1000,0.1000,25.438,3.001,NVIDIA L4,136ed1b
cifar10,resnet18,2,lfssd,a6.0_l0.1_b64,1,5000,42,8.4600,9.4000,0.0000,95.4889,0.0000,-86.0889,86.0889,25.874,0.030,NVIDIA L4,136ed1b
cifar10,resnet18,2,lfssd,a6.0_l0.1_b64,10,5000,42,52.6200,58.4667,0.0000,95.4889,0.0000,-37.0222,37.0222,25.874,0.030,NVIDIA L4,136ed1b
cifar10,resnet18,2,lfssd,a6.0_l0.1_b64,100,5000,42,85.9500,95.5000,0.0000,95.4889,0.0000,+0.0111,0.0111,25.908,0.064,NVIDIA L4,136ed1b
cifar10,resnet18,2,lfssd,a6.0_l0.1_b64,1000,5000,42,86.1100,95.6778,0.0000,95.4889,0.0000,+0.1889,0.1889,26.264,0.419,NVIDIA L4,136ed1b
cifar10,resnet18,2,lfssd,a6.0_l0.1_b64,25,5000,42,85.1600,94.6222,0.0000,95.4889,0.0000,-0.8667,0.8667,25.883,0.039,NVIDIA L4,136ed1b
cifar10,resnet18,2,lfssd,a6.0_l0.1_b64,5,5000,42,10.4400,11.6000,0.0000,95.4889,0.0000,-83.8889,83.8889,25.872,0.027,NVIDIA L4,136ed1b
cifar10,resnet18,2,lfssd,a6.0_l0.1_b64,50,5000,42,85.6400,95.1556,0.0000,95.4889,0.0000,-0.3333,0.3333,25.889,0.045,NVIDIA L4,136ed1b
cifar10,resnet18,2,lfssd,a6.0_l0.1_b64,500,5000,42,86.0600,95.6222,0.0000,95.4889,0.0000,+0.1333,0.1333,26.115,0.271,NVIDIA L4,136ed1b
cifar10,resnet18,2,lfssd,a6.0_l0.1_b64,5000,5000,42,86.1400,95.7111,0.0000,95.4889,0.0000,+0.2222,0.2222,27.967,2.122,NVIDIA L4,136ed1b
cifar10,resnet18,3,lfssd,a6.0_l0.1_b64,1,5000,42,10.0000,11.1111,0.0000,96.4556,0.0000,-85.3444,85.3444,23.003,0.040,NVIDIA L4,136ed1b
cifar10,resnet18,3,lfssd,a6.0_l0.1_b64,10,5000,42,19.4100,21.5667,0.0000,96.4556,0.0000,-74.8889,74.8889,22.990,0.027,NVIDIA L4,136ed1b
cifar10,resnet18,3,lfssd,a6.0_l0.1_b64,100,5000,42,86.6500,96.2778,0.0000,96.4556,0.0000,-0.1778,0.1778,23.027,0.064,NVIDIA L4,136ed1b
cifar10,resnet18,3,lfssd,a6.0_l0.1_b64,1000,5000,42,86.8700,96.5111,0.1000,96.4556,0.0000,+0.0556,0.1556,23.489,0.526,NVIDIA L4,136ed1b
cifar10,resnet18,3,lfssd,a6.0_l0.1_b64,25,5000,42,85.3300,94.8111,0.0000,96.4556,0.0000,-1.6444,1.6444,23.003,0.041,NVIDIA L4,136ed1b
cifar10,resnet18,3,lfssd,a6.0_l0.1_b64,5,5000,42,12.4000,13.7778,0.0000,96.4556,0.0000,-82.6778,82.6778,23.002,0.040,NVIDIA L4,136ed1b
cifar10,resnet18,3,lfssd,a6.0_l0.1_b64,50,5000,42,85.8600,95.4000,0.0000,96.4556,0.0000,-1.0556,1.0556,23.004,0.042,NVIDIA L4,136ed1b
cifar10,resnet18,3,lfssd,a6.0_l0.1_b64,500,5000,42,86.7600,96.4000,0.0000,96.4556,0.0000,-0.0556,0.0556,23.192,0.230,NVIDIA L4,136ed1b
cifar10,resnet18,3,lfssd,a6.0_l0.1_b64,5000,5000,42,86.7500,96.3889,0.0000,96.4556,0.0000,-0.0667,0.0667,25.444,2.482,NVIDIA L4,136ed1b
cifar10,resnet18,5,lfssd,a6.0_l0.1_b64,1,5000,42,10.0000,11.1111,0.0000,95.9444,0.0000,-84.8333,84.8333,22.733,0.040,NVIDIA L4,136ed1b
cifar10,resnet18,5,lfssd,a6.0_l0.1_b64,10,5000,42,47.0000,52.2222,0.0000,95.9444,0.0000,-43.7222,43.7222,22.732,0.040,NVIDIA L4,136ed1b
cifar10,resnet18,5,lfssd,a6.0_l0.1_b64,100,5000,42,86.2200,95.8000,0.0000,95.9444,0.0000,-0.1444,0.1444,22.756,0.063,NVIDIA L4,136ed1b
cifar10,resnet18,5,lfssd,a6.0_l0.1_b64,1000,5000,42,86.3200,95.9111,0.0000,95.9444,0.0000,-0.0333,0.0333,23.129,0.436,NVIDIA L4,136ed1b
cifar10,resnet18,5,lfssd,a6.0_l0.1_b64,25,5000,42,85.4500,94.9444,0.0000,95.9444,0.0000,-1.0000,1.0000,22.728,0.035,NVIDIA L4,136ed1b
cifar10,resnet18,5,lfssd,a6.0_l0.1_b64,5,5000,42,16.9600,18.8444,0.0000,95.9444,0.0000,-77.1000,77.1000,22.728,0.035,NVIDIA L4,136ed1b
cifar10,resnet18,5,lfssd,a6.0_l0.1_b64,50,5000,42,85.9600,95.5111,0.0000,95.9444,0.0000,-0.4333,0.4333,22.735,0.042,NVIDIA L4,136ed1b
cifar10,resnet18,5,lfssd,a6.0_l0.1_b64,500,5000,42,86.3100,95.9000,0.0000,95.9444,0.0000,-0.0444,0.0444,22.947,0.254,NVIDIA L4,136ed1b
cifar10,resnet18,5,lfssd,a6.0_l0.1_b64,5000,5000,42,86.2800,95.8667,0.0000,95.9444,0.0000,-0.0778,0.0778,24.929,2.236,NVIDIA L4,136ed1b
cifar10,resnet18,8,lfssd,a6.0_l0.1_b64,1,5000,42,10.1800,11.3111,0.0000,95.0000,0.0000,-83.6889,83.6889,23.545,0.039,NVIDIA L4,136ed1b
cifar10,resnet18,8,lfssd,a6.0_l0.1_b64,10,5000,42,52.3000,58.1111,0.0000,95.0000,0.0000,-36.8889,36.8889,23.538,0.032,NVIDIA L4,136ed1b
cifar10,resnet18,8,lfssd,a6.0_l0.1_b64,100,5000,42,85.5700,95.0778,0.0000,95.0000,0.0000,+0.0778,0.0778,23.576,0.070,NVIDIA L4,136ed1b
cifar10,resnet18,8,lfssd,a6.0_l0.1_b64,1000,5000,42,85.6000,95.1111,0.0000,95.0000,0.0000,+0.1111,0.1111,23.996,0.489,NVIDIA L4,136ed1b
cifar10,resnet18,8,lfssd,a6.0_l0.1_b64,25,5000,42,85.3600,94.8444,0.0000,95.0000,0.0000,-0.1556,0.1556,23.547,0.041,NVIDIA L4,136ed1b
cifar10,resnet18,8,lfssd,a6.0_l0.1_b64,5,5000,42,48.1000,53.4444,0.0000,95.0000,0.0000,-41.5556,41.5556,23.536,0.030,NVIDIA L4,136ed1b
cifar10,resnet18,8,lfssd,a6.0_l0.1_b64,50,5000,42,85.5800,95.0889,0.0000,95.0000,0.0000,+0.0889,0.0889,23.548,0.042,NVIDIA L4,136ed1b
cifar10,resnet18,8,lfssd,a6.0_l0.1_b64,500,5000,42,85.6000,95.1111,0.0000,95.0000,0.0000,+0.1111,0.1111,23.747,0.240,NVIDIA L4,136ed1b
cifar10,resnet18,8,lfssd,a6.0_l0.1_b64,5000,5000,42,85.5900,95.1000,0.0000,95.0000,0.0000,+0.1000,0.1000,26.227,2.721,NVIDIA L4,136ed1b
cifar100,resnet18,20,lfssd,a30.0_l0.5_b64,1,500,42,76.3500,77.1212,0.0000,77.8889,0.0000,-0.7677,0.7677,23.131,0.038,NVIDIA L4,136ed1b
cifar100,resnet18,20,lfssd,a30.0_l0.5_b64,10,500,42,76.4000,77.1717,0.0000,77.8889,0.0000,-0.7172,0.7172,23.119,0.026,NVIDIA L4,136ed1b
cifar100,resnet18,20,lfssd,a30.0_l0.5_b64,100,500,42,76.4600,77.2323,0.0000,77.8889,0.0000,-0.6566,0.6566,23.163,0.069,NVIDIA L4,136ed1b
cifar100,resnet18,20,lfssd,a30.0_l0.5_b64,25,500,42,76.3700,77.1414,0.0000,77.8889,0.0000,-0.7475,0.7475,23.131,0.037,NVIDIA L4,136ed1b
cifar100,resnet18,20,lfssd,a30.0_l0.5_b64,5,500,42,76.3400,77.1111,0.0000,77.8889,0.0000,-0.7778,0.7778,23.118,0.025,NVIDIA L4,136ed1b
cifar100,resnet18,20,lfssd,a30.0_l0.5_b64,50,500,42,76.4000,77.1717,0.0000,77.8889,0.0000,-0.7172,0.7172,23.137,0.043,NVIDIA L4,136ed1b
cifar100,resnet18,20,lfssd,a30.0_l0.5_b64,500,500,42,76.4100,77.1818,0.0000,77.8889,0.0000,-0.7071,0.7071,23.391,0.297,NVIDIA L4,136ed1b
cifar100,resnet18,3,lfssd,a30.0_l0.5_b64,1,500,42,67.7300,68.4141,0.0000,77.8788,0.0000,-9.4646,9.4646,23.638,0.032,NVIDIA L4,136ed1b
cifar100,resnet18,3,lfssd,a30.0_l0.5_b64,10,500,42,76.5800,77.3535,0.0000,77.8788,0.0000,-0.5253,0.5253,23.634,0.027,NVIDIA L4,136ed1b
cifar100,resnet18,3,lfssd,a30.0_l0.5_b64,100,500,42,76.8000,77.5758,0.0000,77.8788,0.0000,-0.3030,0.3030,23.676,0.070,NVIDIA L4,136ed1b
cifar100,resnet18,3,lfssd,a30.0_l0.5_b64,25,500,42,76.7900,77.5657,0.0000,77.8788,0.0000,-0.3131,0.3131,23.639,0.033,NVIDIA L4,136ed1b
cifar100,resnet18,3,lfssd,a30.0_l0.5_b64,5,500,42,76.5200,77.2929,0.0000,77.8788,0.0000,-0.5859,0.5859,23.639,0.032,NVIDIA L4,136ed1b
cifar100,resnet18,3,lfssd,a30.0_l0.5_b64,50,500,42,76.8300,77.6061,0.0000,77.8788,0.0000,-0.2727,0.2727,23.645,0.039,NVIDIA L4,136ed1b
cifar100,resnet18,3,lfssd,a30.0_l0.5_b64,500,500,42,76.8300,77.6061,0.0000,77.8788,0.0000,-0.2727,0.2727,23.830,0.224,NVIDIA L4,136ed1b
cifar100,resnet18,51,lfssd,a30.0_l0.5_b64,1,500,42,76.6500,77.1818,24.0000,77.7273,0.0000,-0.5455,24.5455,23.759,0.034,NVIDIA L4,136ed1b
cifar100,resnet18,51,lfssd,a30.0_l0.5_b64,10,500,42,76.6300,77.4040,0.0000,77.7273,0.0000,-0.3232,0.3232,23.751,0.025,NVIDIA L4,136ed1b
cifar100,resnet18,51,lfssd,a30.0_l0.5_b64,100,500,42,76.5700,77.3434,0.0000,77.7273,0.0000,-0.3838,0.3838,23.789,0.064,NVIDIA L4,136ed1b
cifar100,resnet18,51,lfssd,a30.0_l0.5_b64,25,500,42,76.5600,77.3333,0.0000,77.7273,0.0000,-0.3939,0.3939,23.760,0.034,NVIDIA L4,136ed1b
cifar100,resnet18,51,lfssd,a30.0_l0.5_b64,5,500,42,76.6000,77.3737,0.0000,77.7273,0.0000,-0.3535,0.3535,23.755,0.029,NVIDIA L4,136ed1b
cifar100,resnet18,51,lfssd,a30.0_l0.5_b64,50,500,42,76.6500,77.4242,0.0000,77.7273,0.0000,-0.3030,0.3030,23.768,0.043,NVIDIA L4,136ed1b
cifar100,resnet18,51,lfssd,a30.0_l0.5_b64,500,500,42,76.5800,77.3535,0.0000,77.7273,0.0000,-0.3737,0.3737,23.982,0.256,NVIDIA L4,136ed1b
cifar100,resnet18,69,lfssd,a30.0_l0.5_b64,1,500,42,76.9500,77.1313,59.0000,77.4949,0.0000,-0.3636,59.3636,24.396,0.033,NVIDIA L4,136ed1b
cifar100,resnet18,69,lfssd,a30.0_l0.5_b64,10,500,42,76.5800,77.3535,0.0000,77.4949,0.0000,-0.1414,0.1414,24.397,0.033,NVIDIA L4,136ed1b
cifar100,resnet18,69,lfssd,a30.0_l0.5_b64,100,500,42,76.5100,77.2828,0.0000,77.4949,0.0000,-0.2121,0.2121,24.425,0.062,NVIDIA L4,136ed1b
cifar100,resnet18,69,lfssd,a30.0_l0.5_b64,25,500,42,76.5900,77.3636,0.0000,77.4949,0.0000,-0.1313,0.1313,24.398,0.035,NVIDIA L4,136ed1b
cifar100,resnet18,69,lfssd,a30.0_l0.5_b64,5,500,42,76.5400,77.3131,0.0000,77.4949,0.0000,-0.1818,0.1818,24.393,0.029,NVIDIA L4,136ed1b
cifar100,resnet18,69,lfssd,a30.0_l0.5_b64,50,500,42,76.5400,77.3131,0.0000,77.4949,0.0000,-0.1818,0.1818,24.403,0.040,NVIDIA L4,136ed1b
cifar100,resnet18,69,lfssd,a30.0_l0.5_b64,500,500,42,76.4900,77.2626,0.0000,77.4949,0.0000,-0.2323,0.2323,24.655,0.292,NVIDIA L4,136ed1b
cifar100,resnet18,85,lfssd,a30.0_l0.5_b64,1,500,42,76.0800,76.8485,0.0000,77.5354,0.0000,-0.6869,0.6869,22.681,0.039,NVIDIA L4,136ed1b
cifar100,resnet18,85,lfssd,a30.0_l0.5_b64,10,500,42,76.5100,77.2828,0.0000,77.5354,0.0000,-0.2525,0.2525,22.679,0.037,NVIDIA L4,136ed1b
cifar100,resnet18,85,lfssd,a30.0_l0.5_b64,100,500,42,76.4500,77.2222,0.0000,77.5354,0.0000,-0.3131,0.3131,22.701,0.059,NVIDIA L4,136ed1b
cifar100,resnet18,85,lfssd,a30.0_l0.5_b64,25,500,42,76.4200,77.1919,0.0000,77.5354,0.0000,-0.3434,0.3434,22.679,0.037,NVIDIA L4,136ed1b
cifar100,resnet18,85,lfssd,a30.0_l0.5_b64,5,500,42,76.4700,77.2424,0.0000,77.5354,0.0000,-0.2929,0.2929,22.679,0.037,NVIDIA L4,136ed1b
cifar100,resnet18,85,lfssd,a30.0_l0.5_b64,50,500,42,76.4600,77.2323,0.0000,77.5354,0.0000,-0.3030,0.3030,22.683,0.041,NVIDIA L4,136ed1b
cifar100,resnet18,85,lfssd,a30.0_l0.5_b64,500,500,42,76.4700,77.2424,0.0000,77.5354,0.0000,-0.2929,0.2929,22.896,0.254,NVIDIA L4,136ed1b
cifar20,resnet18,10,lfssd,a10.0_l0.1_b64,1,2500,42,5.3400,5.6211,0.0000,85.8632,0.0000,-80.2421,80.2421,22.113,0.040,NVIDIA L4,136ed1b
cifar20,resnet18,10,lfssd,a10.0_l0.1_b64,10,2500,42,80.8600,85.1158,0.0000,85.8632,0.0000,-0.7474,0.7474,22.102,0.028,NVIDIA L4,136ed1b
cifar20,resnet18,10,lfssd,a10.0_l0.1_b64,100,2500,42,80.8700,85.1263,0.0000,85.8632,0.0000,-0.7368,0.7368,22.142,0.069,NVIDIA L4,136ed1b
cifar20,resnet18,10,lfssd,a10.0_l0.1_b64,1000,2500,42,81.0600,85.3263,0.0000,85.8632,0.0000,-0.5368,0.5368,22.552,0.478,NVIDIA L4,136ed1b
cifar20,resnet18,10,lfssd,a10.0_l0.1_b64,25,2500,42,80.9900,85.2526,0.0000,85.8632,0.0000,-0.6105,0.6105,22.112,0.039,NVIDIA L4,136ed1b
cifar20,resnet18,10,lfssd,a10.0_l0.1_b64,2500,2500,42,81.1000,85.3684,0.0000,85.8632,0.0000,-0.4947,0.4947,23.138,1.065,NVIDIA L4,136ed1b
cifar20,resnet18,10,lfssd,a10.0_l0.1_b64,5,2500,42,77.0800,81.1368,0.0000,85.8632,0.0000,-4.7263,4.7263,22.101,0.028,NVIDIA L4,136ed1b
cifar20,resnet18,10,lfssd,a10.0_l0.1_b64,50,2500,42,80.8900,85.1474,0.0000,85.8632,0.0000,-0.7158,0.7158,22.116,0.043,NVIDIA L4,136ed1b
cifar20,resnet18,10,lfssd,a10.0_l0.1_b64,500,2500,42,81.0700,85.3368,0.0000,85.8632,0.0000,-0.5263,0.5263,22.402,0.329,NVIDIA L4,136ed1b
cifar20,resnet18,14,lfssd,a10.0_l0.1_b64,1,2500,42,34.9700,36.7053,2.0000,85.0947,0.0000,-48.3895,50.3895,23.905,0.033,NVIDIA L4,136ed1b
cifar20,resnet18,14,lfssd,a10.0_l0.1_b64,10,2500,42,80.7700,85.0211,0.0000,85.0947,0.0000,-0.0737,0.0737,23.906,0.033,NVIDIA L4,136ed1b
cifar20,resnet18,14,lfssd,a10.0_l0.1_b64,100,2500,42,80.8200,85.0737,0.0000,85.0947,0.0000,-0.0211,0.0211,23.943,0.071,NVIDIA L4,136ed1b
cifar20,resnet18,14,lfssd,a10.0_l0.1_b64,1000,2500,42,80.8200,85.0737,0.0000,85.0947,0.0000,-0.0211,0.0211,24.389,0.516,NVIDIA L4,136ed1b
cifar20,resnet18,14,lfssd,a10.0_l0.1_b64,25,2500,42,80.7900,85.0421,0.0000,85.0947,0.0000,-0.0526,0.0526,23.912,0.039,NVIDIA L4,136ed1b
cifar20,resnet18,14,lfssd,a10.0_l0.1_b64,2500,2500,42,80.7500,85.0000,0.0000,85.0947,0.0000,-0.0947,0.0947,25.252,1.379,NVIDIA L4,136ed1b
cifar20,resnet18,14,lfssd,a10.0_l0.1_b64,5,2500,42,80.1500,84.3684,0.0000,85.0947,0.0000,-0.7263,0.7263,23.904,0.032,NVIDIA L4,136ed1b
cifar20,resnet18,14,lfssd,a10.0_l0.1_b64,50,2500,42,80.7400,84.9895,0.0000,85.0947,0.0000,-0.1053,0.1053,23.916,0.043,NVIDIA L4,136ed1b
cifar20,resnet18,14,lfssd,a10.0_l0.1_b64,500,2500,42,80.7900,85.0421,0.0000,85.0947,0.0000,-0.0526,0.0526,24.122,0.249,NVIDIA L4,136ed1b
cifar20,resnet18,19,lfssd,a10.0_l0.1_b64,1,2500,42,31.7600,33.4316,0.0000,86.0421,0.0000,-52.6105,52.6105,24.108,0.037,NVIDIA L4,136ed1b
cifar20,resnet18,19,lfssd,a10.0_l0.1_b64,10,2500,42,71.6900,75.4632,0.0000,86.0421,0.0000,-10.5789,10.5789,24.109,0.039,NVIDIA L4,136ed1b
cifar20,resnet18,19,lfssd,a10.0_l0.1_b64,100,2500,42,81.4400,85.7263,0.0000,86.0421,0.0000,-0.3158,0.3158,24.141,0.071,NVIDIA L4,136ed1b
cifar20,resnet18,19,lfssd,a10.0_l0.1_b64,1000,2500,42,81.4900,85.7789,0.0000,86.0421,0.0000,-0.2632,0.2632,24.587,0.517,NVIDIA L4,136ed1b
cifar20,resnet18,19,lfssd,a10.0_l0.1_b64,25,2500,42,81.3500,85.6316,0.0000,86.0421,0.0000,-0.4105,0.4105,24.107,0.037,NVIDIA L4,136ed1b
cifar20,resnet18,19,lfssd,a10.0_l0.1_b64,2500,2500,42,81.4600,85.7474,0.0000,86.0421,0.0000,-0.2947,0.2947,25.061,0.991,NVIDIA L4,136ed1b
cifar20,resnet18,19,lfssd,a10.0_l0.1_b64,5,2500,42,58.4700,61.5474,0.0000,86.0421,0.0000,-24.4947,24.4947,24.115,0.044,NVIDIA L4,136ed1b
cifar20,resnet18,19,lfssd,a10.0_l0.1_b64,50,2500,42,81.4300,85.7158,0.0000,86.0421,0.0000,-0.3263,0.3263,24.113,0.043,NVIDIA L4,136ed1b
cifar20,resnet18,19,lfssd,a10.0_l0.1_b64,500,2500,42,81.4600,85.7474,0.0000,86.0421,0.0000,-0.2947,0.2947,24.335,0.265,NVIDIA L4,136ed1b
cifar20,resnet18,3,lfssd,a10.0_l0.1_b64,1,2500,42,42.4900,44.3684,6.8000,85.9053,0.0000,-41.5368,48.3368,24.483,0.033,NVIDIA L4,136ed1b
cifar20,resnet18,3,lfssd,a10.0_l0.1_b64,10,2500,42,80.6900,84.9368,0.0000,85.9053,0.0000,-0.9684,0.9684,24.480,0.030,NVIDIA L4,136ed1b
cifar20,resnet18,3,lfssd,a10.0_l0.1_b64,100,2500,42,81.3100,85.5895,0.0000,85.9053,0.0000,-0.3158,0.3158,24.515,0.065,NVIDIA L4,136ed1b
cifar20,resnet18,3,lfssd,a10.0_l0.1_b64,1000,2500,42,81.3000,85.5789,0.0000,85.9053,0.0000,-0.3263,0.3263,24.984,0.534,NVIDIA L4,136ed1b
cifar20,resnet18,3,lfssd,a10.0_l0.1_b64,25,2500,42,81.0400,85.3053,0.0000,85.9053,0.0000,-0.6000,0.6000,24.486,0.036,NVIDIA L4,136ed1b
cifar20,resnet18,3,lfssd,a10.0_l0.1_b64,2500,2500,42,81.3100,85.5895,0.0000,85.9053,0.0000,-0.3158,0.3158,25.634,1.184,NVIDIA L4,136ed1b
cifar20,resnet18,3,lfssd,a10.0_l0.1_b64,5,2500,42,77.0300,81.0842,0.0000,85.9053,0.0000,-4.8211,4.8211,24.488,0.038,NVIDIA L4,136ed1b
cifar20,resnet18,3,lfssd,a10.0_l0.1_b64,50,2500,42,81.1900,85.4632,0.0000,85.9053,0.0000,-0.4421,0.4421,24.495,0.045,NVIDIA L4,136ed1b
cifar20,resnet18,3,lfssd,a10.0_l0.1_b64,500,2500,42,81.2500,85.5263,0.0000,85.9053,0.0000,-0.3789,0.3789,24.734,0.284,NVIDIA L4,136ed1b
cifar20,resnet18,4,lfssd,a10.0_l0.1_b64,1,2500,42,44.5600,46.9053,0.0000,85.5579,0.0000,-38.6526,38.6526,23.371,0.034,NVIDIA L4,136ed1b
cifar20,resnet18,4,lfssd,a10.0_l0.1_b64,10,2500,42,80.8800,85.1368,0.0000,85.5579,0.0000,-0.4211,0.4211,23.363,0.026,NVIDIA L4,136ed1b
cifar20,resnet18,4,lfssd,a10.0_l0.1_b64,100,2500,42,81.3400,85.6211,0.0000,85.5579,0.0000,+0.0632,0.0632,23.405,0.068,NVIDIA L4,136ed1b
cifar20,resnet18,4,lfssd,a10.0_l0.1_b64,1000,2500,42,81.2400,85.5158,0.0000,85.5579,0.0000,-0.0421,0.0421,23.856,0.519,NVIDIA L4,136ed1b
cifar20,resnet18,4,lfssd,a10.0_l0.1_b64,25,2500,42,81.1900,85.4632,0.0000,85.5579,0.0000,-0.0947,0.0947,23.374,0.037,NVIDIA L4,136ed1b
cifar20,resnet18,4,lfssd,a10.0_l0.1_b64,2500,2500,42,81.2600,85.5368,0.0000,85.5579,0.0000,-0.0211,0.0211,24.760,1.423,NVIDIA L4,136ed1b
cifar20,resnet18,4,lfssd,a10.0_l0.1_b64,5,2500,42,78.4600,82.5895,0.0000,85.5579,0.0000,-2.9684,2.9684,23.371,0.034,NVIDIA L4,136ed1b
cifar20,resnet18,4,lfssd,a10.0_l0.1_b64,50,2500,42,81.3000,85.5789,0.0000,85.5579,0.0000,+0.0211,0.0211,23.379,0.042,NVIDIA L4,136ed1b
cifar20,resnet18,4,lfssd,a10.0_l0.1_b64,500,2500,42,81.3400,85.6211,0.0000,85.5579,0.0000,+0.0632,0.0632,23.575,0.238,NVIDIA L4,136ed1b
