dataset,n,unact_delta,unact_worst_drop,ssd_fixed_alpha,ssd_fixed_delta,ssd_fixed_worst_drop,ssd_oracle_alpha,ssd_oracle_delta,ssd_oracle_worst_drop
cifar10,-1,0.0844,0.1333,8.0,0.2867,1.1334,8.0,0.2867,1.1334
cifar10,1,1.7178,0.2333,8.0,91.8489,0.9667,6.0,89.26,2.2
cifar10,5,0.2089,0.1555,8.0,89.8511,85.3445,6.0,87.4667,85.3445
cifar10,10,0.1867,0.1444,8.0,77.0178,85.3445,8.0,77.0178,85.3445
cifar10,25,0.1022,0.1666,8.0,85.3467,84.8778,20.0,77.4622,82.6222
cifar10,50,0.1511,0.1222,8.0,68.7311,85.2,10.0,65.4511,79.7778
cifar10,100,0.1689,0.1334,8.0,33.7622,34.7222,10.0,31.2,15.1111
cifar10,500,0.0867,0.1222,8.0,51.3889,1.2555,6.0,8.9089,3.7
cifar10,1000,0.0822,0.1222,8.0,25.1222,19.2223,6.0,23.0333,57.0334
cifar100,-1,1.1394,1.4849,50.0,0.5071,0.7475,50.0,0.5071,0.7475
cifar100,1,12.1899,1.798,50.0,33.7899,76.4848,50.0,33.7899,76.4848
cifar100,5,1.3738,1.5152,50.0,46.1435,76.8687,50.0,46.1435,76.8687
cifar100,10,1.2445,1.7071,50.0,45.5697,76.8687,15.0,25.1697,76.8687
cifar100,25,1.2182,1.6768,50.0,27.7657,71.2121,30.0,16.0404,76.3131
cifar100,50,1.2344,1.6465,50.0,12.8525,16.1818,30.0,7.3919,33.7677
cifar100,100,1.1637,1.4647,50.0,17.1031,5.8687,30.0,5.3131,23.5556
cifar20,-1,0.7895,1.2737,15.0,0.2589,0.4842,15.0,0.2589,0.4842
cifar20,1,7.499,2.4526,15.0,84.5263,80.6421,6.0,83.6821,80.6421
cifar20,5,0.7747,1.3263,15.0,72.9453,70.9158,50.0,64.6168,24.2
cifar20,10,0.7284,1.0,15.0,57.4632,79.2526,20.0,55.9074,80.3473
cifar20,25,0.7874,1.3369,15.0,58.0632,70.2105,6.0,57.1326,77.9053
cifar20,50,0.8126,1.3263,15.0,54.1642,11.2737,12.0,38.4169,13.7053
cifar20,100,0.7537,1.3263,15.0,39.2295,15.7263,10.0,22.4779,41.9895
cifar20,500,0.8105,1.3263,15.0,18.0211,0.8527,10.0,1.8295,3.1579
cifar20,1000,0.7747,1.3263,15.0,13.6147,0.9158,12.0,0.7179,1.3369
