dataset,arch,mode,method,config,forget_spec,k,request_idx,seed,post_overall,post_retain,post_forget,gold_retain,gold_forget,gap_retain,score,cum_time_s,params_damped_pct,eval_device,git_commit
cifar10,resnet18,sequential,ssd,a8.0_l1.0_b256_ov15.0,0,1,0,42,94.9700,94.8667,95.9000,95.1333,0.0000,-0.2667,96.1667,31.891,,NVIDIA A10,6e3d1db
cifar10,resnet18,sequential,ssd,a8.0_l1.0_b256_ov15.0,0-2,2,1,42,94.9700,95.1125,94.4000,95.5125,0.0000,-0.4000,94.8000,61.461,,NVIDIA A10,6e3d1db
cifar10,resnet18,sequential,ssd,a8.0_l1.0_b256_ov15.0,0-2-3,3,2,42,94.9800,96.0571,92.4667,97.3857,0.0000,-1.3286,93.7952,91.357,,NVIDIA A10,6e3d1db
cifar10,resnet18,sequential,ssd,a8.0_l1.0_b256_ov15.0,0-2-3-5,4,3,42,94.9800,96.6167,92.5250,,,,,121.969,,NVIDIA A10,6e3d1db
cifar10,resnet18,sequential,ssd,a8.0_l1.0_b256_ov15.0,0-2-3-5-8,5,4,42,94.9800,96.6000,93.3600,97.9200,0.0000,-1.3200,94.6800,151.355,,NVIDIA A10,6e3d1db
cifar10,resnet18,sequential,ssd,a8.0_l1.0_b256_ov30.0,0,1,0,42,94.9700,94.8667,95.9000,95.1333,0.0000,-0.2667,96.1667,29.102,,NVIDIA A10,6e3d1db
cifar10,resnet18,sequential,ssd,a8.0_l1.0_b256_ov30.0,0-2,2,1,42,94.9700,95.1125,94.4000,95.5125,0.0000,-0.4000,94.8000,58.236,,NVIDIA A10,6e3d1db
cifar10,resnet18,sequential,ssd,a8.0_l1.0_b256_ov30.0,0-2-3,3,2,42,94.9800,96.1000,92.3667,97.3857,0.0000,-1.2857,93.6524,89.444,,NVIDIA A10,6e3d1db
cifar10,resnet18,sequential,ssd,a8.0_l1.0_b256_ov30.0,0-2-3-5,4,3,42,94.9800,96.6833,92.4250,,,,,119.069,,NVIDIA A10,6e3d1db
cifar10,resnet18,sequential,ssd,a8.0_l1.0_b256_ov30.0,0-2-3-5-8,5,4,42,94.9800,96.6800,93.2800,97.9200,0.0000,-1.2400,94.5200,149.693,,NVIDIA A10,6e3d1db
cifar10,resnet18,sequential,ssd,a8.0_l1.0_b256_ov4.0,0,1,0,42,75.6400,84.0444,0.0000,95.1333,0.0000,-11.0889,11.0889,31.815,,NVIDIA A10,6e3d1db
cifar10,resnet18,sequential,ssd,a8.0_l1.0_b256_ov4.0,0-2,2,1,42,10.0000,12.5000,0.0000,95.5125,0.0000,-83.0125,83.0125,65.051,,NVIDIA A10,6e3d1db
cifar10,resnet18,sequential,ssd,a8.0_l1.0_b256_ov4.0,0-2-3,3,2,42,10.0000,0.0000,33.3333,97.3857,0.0000,-97.3857,130.7190,97.523,,NVIDIA A10,6e3d1db
cifar10,resnet18,sequential,ssd,a8.0_l1.0_b256_ov4.0,0-2-3-5,4,3,42,10.0000,0.0000,25.0000,,,,,128.322,,NVIDIA A10,6e3d1db
cifar10,resnet18,sequential,ssd,a8.0_l1.0_b256_ov4.0,0-2-3-5-8,5,4,42,10.0000,0.0000,20.0000,97.9200,0.0000,-97.9200,117.9200,165.296,,NVIDIA A10,6e3d1db
cifar10,resnet18,sequential,ssd,a8.0_l1.0_b256_ov50.0,0,1,0,42,94.9700,94.8667,95.9000,95.1333,0.0000,-0.2667,96.1667,29.550,,NVIDIA A10,6e3d1db
cifar10,resnet18,sequential,ssd,a8.0_l1.0_b256_ov50.0,0-2,2,1,42,94.9700,95.1125,94.4000,95.5125,0.0000,-0.4000,94.8000,58.651,,NVIDIA A10,6e3d1db
cifar10,resnet18,sequential,ssd,a8.0_l1.0_b256_ov50.0,0-2-3,3,2,42,94.9700,96.0857,92.3667,97.3857,0.0000,-1.3000,93.6667,88.411,,NVIDIA A10,6e3d1db
cifar10,resnet18,sequential,ssd,a8.0_l1.0_b256_ov50.0,0-2-3-5,4,3,42,94.9700,96.6667,92.4250,,,,,120.571,,NVIDIA A10,6e3d1db
cifar10,resnet18,sequential,ssd,a8.0_l1.0_b256_ov50.0,0-2-3-5-8,5,4,42,94.9700,96.6600,93.2800,97.9200,0.0000,-1.2600,94.5400,152.389,,NVIDIA A10,6e3d1db
cifar10,resnet18,sequential,ssd,a8.0_l1.0_b256_ov8.0,0,1,0,42,85.6200,95.1333,0.0000,95.1333,0.0000,+0.0000,0.0000,34.164,,NVIDIA A10,6e3d1db
cifar10,resnet18,sequential,ssd,a8.0_l1.0_b256_ov8.0,0-2,2,1,42,85.6200,95.3875,46.5500,95.5125,0.0000,-0.1250,46.6750,64.927,,NVIDIA A10,6e3d1db
cifar10,resnet18,sequential,ssd,a8.0_l1.0_b256_ov8.0,0-2-3,3,2,42,85.6200,96.1714,61.0000,97.3857,0.0000,-1.2143,62.2143,97.510,,NVIDIA A10,6e3d1db
cifar10,resnet18,sequential,ssd,a8.0_l1.0_b256_ov8.0,0-2-3-5,4,3,42,85.6200,96.8167,68.8250,,,,,128.241,,NVIDIA A10,6e3d1db
cifar10,resnet18,sequential,ssd,a8.0_l1.0_b256_ov8.0,0-2-3-5-8,5,4,42,85.6000,96.7600,74.4400,97.9200,0.0000,-1.1600,75.6000,158.950,,NVIDIA A10,6e3d1db
cifar10,resnet18,sequential,unact,p99.0_g0.01_k20_ov90.0,0,1,0,42,85.7400,95.2667,0.0000,95.1333,0.0000,+0.1333,0.1333,17.386,,NVIDIA A10,6e3d1db
cifar10,resnet18,sequential,unact,p99.0_g0.01_k20_ov90.0,0-2,2,1,42,76.5700,95.7125,0.0000,95.5125,0.0000,+0.2000,0.2000,37.065,,NVIDIA A10,6e3d1db
cifar10,resnet18,sequential,unact,p99.0_g0.01_k20_ov90.0,0-2-3,3,2,42,66.8000,95.4286,0.0000,97.3857,0.0000,-1.9571,1.9571,57.228,,NVIDIA A10,6e3d1db
cifar10,resnet18,sequential,unact,p99.0_g0.01_k20_ov90.0,0-2-3-5,4,3,42,58.2000,95.7167,1.9250,,,,,78.079,,NVIDIA A10,6e3d1db
cifar10,resnet18,sequential,unact,p99.0_g0.01_k20_ov90.0,0-2-3-5-8,5,4,42,48.7800,94.7800,2.7800,97.9200,0.0000,-3.1400,5.9200,97.727,,NVIDIA A10,6e3d1db
cifar10,resnet18,sequential,unact,p99.0_g0.01_k20_ov95.0,0,1,0,42,85.7200,95.2444,0.0000,95.1333,0.0000,+0.1111,0.1111,19.036,,NVIDIA A10,6e3d1db
cifar10,resnet18,sequential,unact,p99.0_g0.01_k20_ov95.0,0-2,2,1,42,76.6000,95.7500,0.0000,95.5125,0.0000,+0.2375,0.2375,36.883,,NVIDIA A10,6e3d1db
cifar10,resnet18,sequential,unact,p99.0_g0.01_k20_ov95.0,0-2-3,3,2,42,67.5900,96.5571,0.0000,97.3857,0.0000,-0.8286,0.8286,55.964,,NVIDIA A10,6e3d1db
cifar10,resnet18,sequential,unact,p99.0_g0.01_k20_ov95.0,0-2-3-5,4,3,42,58.9600,97.7000,0.8500,,,,,76.008,,NVIDIA A10,6e3d1db
cifar10,resnet18,sequential,unact,p99.0_g0.01_k20_ov95.0,0-2-3-5-8,5,4,42,49.5800,97.7600,1.4000,97.9200,0.0000,-0.1600,1.5600,94.939,,NVIDIA A10,6e3d1db
cifar10,resnet18,sequential,unact,p99.0_g0.01_k20_ov99.0,0,1,0,42,85.6200,95.1333,0.0000,95.1333,0.0000,+0.0000,0.0000,18.442,,NVIDIA A10,6e3d1db
cifar10,resnet18,sequential,unact,p99.0_g0.01_k20_ov99.0,0-2,2,1,42,76.5400,95.6750,0.0000,95.5125,0.0000,+0.1625,0.1625,38.110,,NVIDIA A10,6e3d1db
cifar10,resnet18,sequential,unact,p99.0_g0.01_k20_ov99.0,0-2-3,3,2,42,68.2600,97.5143,0.0000,97.3857,0.0000,+0.1286,0.1286,57.633,,NVIDIA A10,6e3d1db
cifar10,resnet18,sequential,unact,p99.0_g0.01_k20_ov99.0,0-2-3-5,4,3,42,58.8900,97.9500,0.3000,,,,,76.383,,NVIDIA A10,6e3d1db
cifar10,resnet18,sequential,unact,p99.0_g0.01_k20_ov99.0,0-2-3-5-8,5,4,42,49.2600,98.1200,0.4000,97.9200,0.0000,+0.2000,0.6000,94.564,,NVIDIA A10,6e3d1db
cifar10,resnet18,sequential,unact,p99.0_g0.01_k20_ov99.5,0,1,0,42,91.1500,95.2333,54.4000,95.1333,0.0000,+0.1000,54.5000,18.095,,NVIDIA A10,6e3d1db
cifar10,resnet18,sequential,unact,p99.0_g0.01_k20_ov99.5,0-2,2,1,42,88.0300,95.8000,56.9500,95.5125,0.0000,+0.2875,57.2375,36.851,,NVIDIA A10,6e3d1db
cifar10,resnet18,sequential,unact,p99.0_g0.01_k20_ov99.5,0-2-3,3,2,42,82.7900,97.4429,48.6000,97.3857,0.0000,+0.0571,48.6571,57.309,,NVIDIA A10,6e3d1db
cifar10,resnet18,sequential,unact,p99.0_g0.01_k20_ov99.5,0-2-3-5,4,3,42,73.6000,98.1833,36.7250,,,,,77.282,,NVIDIA A10,6e3d1db
cifar10,resnet18,sequential,unact,p99.0_g0.01_k20_ov99.5,0-2-3-5-8,5,4,42,66.4000,98.4000,34.4000,97.9200,0.0000,+0.4800,34.8800,96.385,,NVIDIA A10,6e3d1db
cifar10,resnet18,simultaneous,ssd,a8.0_l1.0_b256_ov15.0,0,1,0,42,94.9700,94.8667,95.9000,95.1333,0.0000,-0.2667,96.1667,35.165,,NVIDIA A10,6e3d1db
cifar10,resnet18,simultaneous,ssd,a8.0_l1.0_b256_ov15.0,0-2,2,0,42,94.9800,95.1250,94.4000,95.5125,0.0000,-0.3875,94.7875,34.408,,NVIDIA A10,6e3d1db
cifar10,resnet18,simultaneous,ssd,a8.0_l1.0_b256_ov15.0,0-2-3,3,0,42,94.9800,96.0857,92.4000,97.3857,0.0000,-1.3000,93.7000,34.204,,NVIDIA A10,6e3d1db
cifar10,resnet18,simultaneous,ssd,a8.0_l1.0_b256_ov15.0,0-2-3-5-8,5,0,42,94.9700,96.6600,93.2800,97.9200,0.0000,-1.2600,94.5400,41.951,,NVIDIA A10,6e3d1db
cifar10,resnet18,simultaneous,ssd,a8.0_l1.0_b256_ov30.0,0,1,0,42,94.9700,94.8667,95.9000,95.1333,0.0000,-0.2667,96.1667,32.351,,NVIDIA A10,6e3d1db
cifar10,resnet18,simultaneous,ssd,a8.0_l1.0_b256_ov30.0,0-2,2,0,42,94.9600,95.1125,94.3500,95.5125,0.0000,-0.4000,94.7500,32.886,,NVIDIA A10,6e3d1db
cifar10,resnet18,simultaneous,ssd,a8.0_l1.0_b256_ov30.0,0-2-3,3,0,42,94.9700,96.0857,92.3667,97.3857,0.0000,-1.3000,93.6667,34.712,,NVIDIA A10,6e3d1db
cifar10,resnet18,simultaneous,ssd,a8.0_l1.0_b256_ov30.0,0-2-3-5-8,5,0,42,94.9700,96.6600,93.2800,97.9200,0.0000,-1.2600,94.5400,38.566,,NVIDIA A10,6e3d1db
cifar10,resnet18,simultaneous,ssd,a8.0_l1.0_b256_ov4.0,0,1,0,42,75.6400,84.0444,0.0000,95.1333,0.0000,-11.0889,11.0889,32.903,,NVIDIA A10,6e3d1db
cifar10,resnet18,simultaneous,ssd,a8.0_l1.0_b256_ov4.0,0-2,2,0,42,76.5800,95.6750,0.2000,95.5125,0.0000,+0.1625,0.3625,35.238,,NVIDIA A10,6e3d1db
cifar10,resnet18,simultaneous,ssd,a8.0_l1.0_b256_ov4.0,0-2-3,3,0,42,95.0800,96.1714,92.5333,97.3857,0.0000,-1.2143,93.7476,36.389,,NVIDIA A10,6e3d1db
cifar10,resnet18,simultaneous,ssd,a8.0_l1.0_b256_ov4.0,0-2-3-5-8,5,0,42,94.9700,96.6600,93.2800,97.9200,0.0000,-1.2600,94.5400,40.730,,NVIDIA A10,6e3d1db
cifar10,resnet18,simultaneous,ssd,a8.0_l1.0_b256_ov50.0,0,1,0,42,94.9700,94.8667,95.9000,95.1333,0.0000,-0.2667,96.1667,33.874,,NVIDIA A10,6e3d1db
cifar10,resnet18,simultaneous,ssd,a8.0_l1.0_b256_ov50.0,0-2,2,0,42,94.9700,95.1125,94.4000,95.5125,0.0000,-0.4000,94.8000,34.332,,NVIDIA A10,6e3d1db
cifar10,resnet18,simultaneous,ssd,a8.0_l1.0_b256_ov50.0,0-2-3,3,0,42,94.9700,96.0857,92.3667,97.3857,0.0000,-1.3000,93.6667,35.533,,NVIDIA A10,6e3d1db
cifar10,resnet18,simultaneous,ssd,a8.0_l1.0_b256_ov50.0,0-2-3-5-8,5,0,42,94.9700,96.6600,93.2800,97.9200,0.0000,-1.2600,94.5400,41.254,,NVIDIA A10,6e3d1db
cifar10,resnet18,simultaneous,ssd,a8.0_l1.0_b256_ov8.0,0,1,0,42,85.6200,95.1333,0.0000,95.1333,0.0000,+0.0000,0.0000,32.048,,NVIDIA A10,6e3d1db
cifar10,resnet18,simultaneous,ssd,a8.0_l1.0_b256_ov8.0,0-2,2,0,42,94.9700,95.1125,94.4000,95.5125,0.0000,-0.4000,94.8000,34.402,,NVIDIA A10,6e3d1db
cifar10,resnet18,simultaneous,ssd,a8.0_l1.0_b256_ov8.0,0-2-3,3,0,42,95.0000,96.1143,92.4000,97.3857,0.0000,-1.2714,93.6714,40.116,,NVIDIA A10,6e3d1db
cifar10,resnet18,simultaneous,ssd,a8.0_l1.0_b256_ov8.0,0-2-3-5-8,5,0,42,94.9900,96.6800,93.3000,97.9200,0.0000,-1.2400,94.5400,39.856,,NVIDIA A10,6e3d1db
cifar10,resnet18,simultaneous,unact,p99.0_g0.01_k20_ov90.0,0,1,0,42,85.7400,95.2667,0.0000,95.1333,0.0000,+0.1333,0.1333,21.335,,NVIDIA A10,6e3d1db
cifar10,resnet18,simultaneous,unact,p99.0_g0.01_k20_ov90.0,0-2,2,0,42,76.6700,95.8375,0.0000,95.5125,0.0000,+0.3250,0.3250,34.346,,NVIDIA A10,6e3d1db
cifar10,resnet18,simultaneous,unact,p99.0_g0.01_k20_ov90.0,0-2-3,3,0,42,67.8900,96.9857,0.0000,97.3857,0.0000,-0.4000,0.4000,50.717,,NVIDIA A10,6e3d1db
cifar10,resnet18,simultaneous,unact,p99.0_g0.01_k20_ov90.0,0-2-3-5-8,5,0,42,49.6800,97.9400,1.4200,97.9200,0.0000,+0.0200,1.4400,79.766,,NVIDIA A10,6e3d1db
cifar10,resnet18,simultaneous,unact,p99.0_g0.01_k20_ov95.0,0,1,0,42,85.7200,95.2444,0.0000,95.1333,0.0000,+0.1111,0.1111,18.003,,NVIDIA A10,6e3d1db
cifar10,resnet18,simultaneous,unact,p99.0_g0.01_k20_ov95.0,0-2,2,0,42,76.6400,95.8000,0.0000,95.5125,0.0000,+0.2875,0.2875,33.250,,NVIDIA A10,6e3d1db
cifar10,resnet18,simultaneous,unact,p99.0_g0.01_k20_ov95.0,0-2-3,3,0,42,67.6500,96.6429,0.0000,97.3857,0.0000,-0.7429,0.7429,48.344,,NVIDIA A10,6e3d1db
cifar10,resnet18,simultaneous,unact,p99.0_g0.01_k20_ov95.0,0-2-3-5-8,5,0,42,49.4800,97.8600,1.1000,97.9200,0.0000,-0.0600,1.1600,82.415,,NVIDIA A10,6e3d1db
cifar10,resnet18,simultaneous,unact,p99.0_g0.01_k20_ov99.0,0,1,0,42,85.6200,95.1333,0.0000,95.1333,0.0000,+0.0000,0.0000,18.305,,NVIDIA A10,6e3d1db
cifar10,resnet18,simultaneous,unact,p99.0_g0.01_k20_ov99.0,0-2,2,0,42,87.6400,95.8000,55.0000,95.5125,0.0000,+0.2875,55.2875,32.209,,NVIDIA A10,6e3d1db
cifar10,resnet18,simultaneous,unact,p99.0_g0.01_k20_ov99.0,0-2-3,3,0,42,89.9000,97.4000,72.4000,97.3857,0.0000,+0.0143,72.4143,49.055,,NVIDIA A10,6e3d1db
cifar10,resnet18,simultaneous,unact,p99.0_g0.01_k20_ov99.0,0-2-3-5-8,5,0,42,91.3400,98.3600,84.3200,97.9200,0.0000,+0.4400,84.7600,78.703,,NVIDIA A10,6e3d1db
cifar10,resnet18,simultaneous,unact,p99.0_g0.01_k20_ov99.5,0,1,0,42,91.1500,95.2333,54.4000,95.1333,0.0000,+0.1000,54.5000,17.825,,NVIDIA A10,6e3d1db
cifar10,resnet18,simultaneous,unact,p99.0_g0.01_k20_ov99.5,0-2,2,0,42,93.4100,95.7500,84.0500,95.5125,0.0000,+0.2375,84.2875,33.768,,NVIDIA A10,6e3d1db
cifar10,resnet18,simultaneous,unact,p99.0_g0.01_k20_ov99.5,0-2-3,3,0,42,93.1800,97.2429,83.7000,97.3857,0.0000,-0.1429,83.8429,49.838,,NVIDIA A10,6e3d1db
cifar10,resnet18,simultaneous,unact,p99.0_g0.01_k20_ov99.5,0-2-3-5-8,5,0,42,93.8200,98.0000,89.6400,97.9200,0.0000,+0.0800,89.7200,82.175,,NVIDIA A10,6e3d1db
cifar100,resnet18,sequential,ssd,a50.0_l0.5_b64_ov15.0,3,1,0,42,69.6800,70.3838,0.0000,77.8788,0.0000,-7.4949,7.4949,26.558,,NVIDIA A10,6e3d1db
cifar100,resnet18,sequential,ssd,a50.0_l0.5_b64_ov15.0,3-20,2,1,42,68.8300,70.2347,0.0000,77.5918,0.0000,-7.3571,7.3571,54.008,,NVIDIA A10,6e3d1db
cifar100,resnet18,sequential,ssd,a50.0_l0.5_b64_ov15.0,3-20-51,3,2,42,66.8700,68.9381,0.0000,77.6598,0.0000,-8.7216,8.7216,81.530,,NVIDIA A10,6e3d1db
cifar100,resnet18,sequential,ssd,a50.0_l0.5_b64_ov15.0,3-20-51-69,4,3,42,65.7400,68.4792,0.0000,,,,,108.746,,NVIDIA A10,6e3d1db
cifar100,resnet18,sequential,ssd,a50.0_l0.5_b64_ov15.0,3-20-51-69-85,5,4,42,18.0900,19.0421,0.0000,77.4526,0.0000,-58.4105,58.4105,135.596,,NVIDIA A10,6e3d1db
cifar100,resnet18,sequential,ssd,a50.0_l0.5_b64_ov30.0,3,1,0,42,75.0800,75.8384,0.0000,77.8788,0.0000,-2.0404,2.0404,27.325,,NVIDIA A10,6e3d1db
cifar100,resnet18,sequential,ssd,a50.0_l0.5_b64_ov30.0,3-20,2,1,42,74.1500,75.6633,0.0000,77.5918,0.0000,-1.9286,1.9286,54.698,,NVIDIA A10,6e3d1db
cifar100,resnet18,sequential,ssd,a50.0_l0.5_b64_ov30.0,3-20-51,3,2,42,73.5300,75.8041,0.0000,77.6598,0.0000,-1.8557,1.8557,82.282,,NVIDIA A10,6e3d1db
cifar100,resnet18,sequential,ssd,a50.0_l0.5_b64_ov30.0,3-20-51-69,4,3,42,73.5300,75.6771,22.0000,,,,,109.209,,NVIDIA A10,6e3d1db
cifar100,resnet18,sequential,ssd,a50.0_l0.5_b64_ov30.0,3-20-51-69-85,5,4,42,71.7700,74.6316,17.4000,77.4526,0.0000,-2.8211,20.2211,136.695,,NVIDIA A10,6e3d1db
cifar100,resnet18,sequential,ssd,a50.0_l0.5_b64_ov4.0,3,1,0,42,4.2800,4.3232,0.0000,77.8788,0.0000,-73.5556,73.5556,25.530,,NVIDIA A10,6e3d1db
cifar100,resnet18,sequential,ssd,a50.0_l0.5_b64_ov4.0,3-20,2,1,42,0.9100,0.9286,0.0000,77.5918,0.0000,-76.6633,76.6633,52.139,,NVIDIA A10,6e3d1db
cifar100,resnet18,sequential,ssd,a50.0_l0.5_b64_ov4.0,3-20-51,3,2,42,1.0000,1.0309,0.0000,77.6598,0.0000,-76.6289,76.6289,79.045,,NVIDIA A10,6e3d1db
cifar100,resnet18,sequential,ssd,a50.0_l0.5_b64_ov4.0,3-20-51-69,4,3,42,1.0000,1.0417,0.0000,,,,,105.631,,NVIDIA A10,6e3d1db
cifar100,resnet18,sequential,ssd,a50.0_l0.5_b64_ov4.0,3-20-51-69-85,5,4,42,1.0000,1.0526,0.0000,77.4526,0.0000,-76.4000,76.4000,133.493,,NVIDIA A10,6e3d1db
cifar100,resnet18,sequential,ssd,a50.0_l0.5_b64_ov50.0,3,1,0,42,76.3900,77.1616,0.0000,77.8788,0.0000,-0.7172,0.7172,27.496,,NVIDIA A10,6e3d1db
cifar100,resnet18,sequential,ssd,a50.0_l0.5_b64_ov50.0,3-20,2,1,42,75.5900,77.1327,0.0000,77.5918,0.0000,-0.4592,0.4592,55.108,,NVIDIA A10,6e3d1db
cifar100,resnet18,sequential,ssd,a50.0_l0.5_b64_ov50.0,3-20-51,3,2,42,74.9300,77.2371,0.3333,77.6598,0.0000,-0.4227,0.7560,82.234,,NVIDIA A10,6e3d1db
cifar100,resnet18,sequential,ssd,a50.0_l0.5_b64_ov50.0,3-20-51-69,4,3,42,74.2900,77.3750,0.2500,,,,,109.606,,NVIDIA A10,6e3d1db
cifar100,resnet18,sequential,ssd,a50.0_l0.5_b64_ov50.0,3-20-51-69-85,5,4,42,73.5300,77.2632,2.6000,77.4526,0.0000,-0.1895,2.7895,137.385,,NVIDIA A10,6e3d1db
cifar100,resnet18,sequential,ssd,a50.0_l0.5_b64_ov8.0,3,1,0,42,43.5000,43.9394,0.0000,77.8788,0.0000,-33.9394,33.9394,26.879,,NVIDIA A10,6e3d1db
cifar100,resnet18,sequential,ssd,a50.0_l0.5_b64_ov8.0,3-20,2,1,42,34.4100,35.1122,0.0000,77.5918,0.0000,-42.4796,42.4796,53.384,,NVIDIA A10,6e3d1db
cifar100,resnet18,sequential,ssd,a50.0_l0.5_b64_ov8.0,3-20-51,3,2,42,1.0500,1.0825,0.0000,77.6598,0.0000,-76.5773,76.5773,80.338,,NVIDIA A10,6e3d1db
cifar100,resnet18,sequential,ssd,a50.0_l0.5_b64_ov8.0,3-20-51-69,4,3,42,1.0100,1.0521,0.0000,,,,,107.322,,NVIDIA A10,6e3d1db
cifar100,resnet18,sequential,ssd,a50.0_l0.5_b64_ov8.0,3-20-51-69-85,5,4,42,1.0100,1.0632,0.0000,77.4526,0.0000,-76.3895,76.3895,134.612,,NVIDIA A10,6e3d1db
cifar100,resnet18,sequential,unact,p90.0_g0.3_k1_ov90.0,3,1,0,42,75.6300,76.3939,0.0000,77.8788,0.0000,-1.4848,1.4848,3.440,,NVIDIA A10,6e3d1db
cifar100,resnet18,sequential,unact,p90.0_g0.3_k1_ov90.0,3-20,2,1,42,73.5400,75.0000,2.0000,77.5918,0.0000,-2.5918,4.5918,6.890,,NVIDIA A10,6e3d1db
cifar100,resnet18,sequential,unact,p90.0_g0.3_k1_ov90.0,3-20-51,3,2,42,72.6200,74.8247,1.3333,77.6598,0.0000,-2.8351,4.1684,10.433,,NVIDIA A10,6e3d1db
cifar100,resnet18,sequential,unact,p90.0_g0.3_k1_ov90.0,3-20-51-69,4,3,42,70.5500,73.4375,1.2500,,,,,13.961,,NVIDIA A10,6e3d1db
cifar100,resnet18,sequential,unact,p90.0_g0.3_k1_ov90.0,3-20-51-69-85,5,4,42,67.9300,71.4211,1.6000,77.4526,0.0000,-6.0316,7.6316,17.503,,NVIDIA A10,6e3d1db
cifar100,resnet18,sequential,unact,p90.0_g0.3_k1_ov95.0,3,1,0,42,76.5100,77.2626,2.0000,77.8788,0.0000,-0.6162,2.6162,3.547,,NVIDIA A10,6e3d1db
cifar100,resnet18,sequential,unact,p90.0_g0.3_k1_ov95.0,3-20,2,1,42,75.5500,76.9286,8.0000,77.5918,0.0000,-0.6633,8.6633,7.073,,NVIDIA A10,6e3d1db
cifar100,resnet18,sequential,unact,p90.0_g0.3_k1_ov95.0,3-20-51,3,2,42,74.9400,77.0309,7.3333,77.6598,0.0000,-0.6289,7.9622,10.597,,NVIDIA A10,6e3d1db
cifar100,resnet18,sequential,unact,p90.0_g0.3_k1_ov95.0,3-20-51-69,4,3,42,73.9100,76.6354,8.5000,,,,,14.091,,NVIDIA A10,6e3d1db
cifar100,resnet18,sequential,unact,p90.0_g0.3_k1_ov95.0,3-20-51-69-85,5,4,42,72.9500,76.3053,9.2000,77.4526,0.0000,-1.1474,10.3474,17.632,,NVIDIA A10,6e3d1db
cifar100,resnet18,sequential,unact,p90.0_g0.3_k1_ov99.0,3,1,0,42,76.9900,77.4242,34.0000,77.8788,0.0000,-0.4545,34.4545,3.296,,NVIDIA A10,6e3d1db
cifar100,resnet18,sequential,unact,p90.0_g0.3_k1_ov99.0,3-20,2,1,42,76.7300,77.2245,52.5000,77.5918,0.0000,-0.3673,52.8673,6.737,,NVIDIA A10,6e3d1db
cifar100,resnet18,sequential,unact,p90.0_g0.3_k1_ov99.0,3-20-51,3,2,42,76.7100,77.3918,54.6667,77.6598,0.0000,-0.2680,54.9347,10.276,,NVIDIA A10,6e3d1db
cifar100,resnet18,sequential,unact,p90.0_g0.3_k1_ov99.0,3-20-51-69,4,3,42,76.6000,77.4583,56.0000,,,,,13.769,,NVIDIA A10,6e3d1db
cifar100,resnet18,sequential,unact,p90.0_g0.3_k1_ov99.0,3-20-51-69-85,5,4,42,76.4100,77.3474,58.6000,77.4526,0.0000,-0.1053,58.7053,17.322,,NVIDIA A10,6e3d1db
cifar100,resnet18,sequential,unact,p90.0_g0.3_k1_ov99.5,3,1,0,42,77.1100,77.4141,47.0000,77.8788,0.0000,-0.4646,47.4646,3.529,,NVIDIA A10,6e3d1db
cifar100,resnet18,sequential,unact,p90.0_g0.3_k1_ov99.5,3-20,2,1,42,77.0100,77.3061,62.5000,77.5918,0.0000,-0.2857,62.7857,7.044,,NVIDIA A10,6e3d1db
cifar100,resnet18,sequential,unact,p90.0_g0.3_k1_ov99.5,3-20-51,3,2,42,77.0400,77.4948,62.3333,77.6598,0.0000,-0.1649,62.4983,10.570,,NVIDIA A10,6e3d1db
cifar100,resnet18,sequential,unact,p90.0_g0.3_k1_ov99.5,3-20-51-69,4,3,42,77.0000,77.5000,65.0000,,,,,14.138,,NVIDIA A10,6e3d1db
cifar100,resnet18,sequential,unact,p90.0_g0.3_k1_ov99.5,3-20-51-69-85,5,4,42,76.9200,77.4000,67.8000,77.4526,0.0000,-0.0526,67.8526,17.658,,NVIDIA A10,6e3d1db
cifar100,resnet18,simultaneous,ssd,a50.0_l0.5_b64_ov15.0,3,1,0,42,69.6800,70.3838,0.0000,77.8788,0.0000,-7.4949,7.4949,29.801,,NVIDIA A10,6e3d1db
cifar100,resnet18,simultaneous,ssd,a50.0_l0.5_b64_ov15.0,3-20,2,0,42,75.5100,77.0510,0.0000,77.5918,0.0000,-0.5408,0.5408,29.386,,NVIDIA A10,6e3d1db
cifar100,resnet18,simultaneous,ssd,a50.0_l0.5_b64_ov15.0,3-20-51,3,0,42,74.9900,77.3093,0.0000,77.6598,0.0000,-0.3505,0.3505,29.712,,NVIDIA A10,6e3d1db
cifar100,resnet18,simultaneous,ssd,a50.0_l0.5_b64_ov15.0,3-20-51-69-85,5,0,42,74.2300,77.4211,13.6000,77.4526,0.0000,-0.0316,13.6316,28.765,,NVIDIA A10,6e3d1db
cifar100,resnet18,simultaneous,ssd,a50.0_l0.5_b64_ov30.0,3,1,0,42,75.0800,75.8384,0.0000,77.8788,0.0000,-2.0404,2.0404,28.113,,NVIDIA A10,6e3d1db
cifar100,resnet18,simultaneous,ssd,a50.0_l0.5_b64_ov30.0,3-20,2,0,42,76.5600,77.2449,43.0000,77.5918,0.0000,-0.3469,43.3469,28.881,,NVIDIA A10,6e3d1db
cifar100,resnet18,simultaneous,ssd,a50.0_l0.5_b64_ov30.0,3-20-51,3,0,42,76.5900,77.5567,45.3333,77.6598,0.0000,-0.1031,45.4364,30.212,,NVIDIA A10,6e3d1db
cifar100,resnet18,simultaneous,ssd,a50.0_l0.5_b64_ov30.0,3-20-51-69-85,5,0,42,77.3500,77.1579,81.0000,77.4526,0.0000,-0.2947,81.2947,30.048,,NVIDIA A10,6e3d1db
cifar100,resnet18,simultaneous,ssd,a50.0_l0.5_b64_ov4.0,3,1,0,42,4.2800,4.3232,0.0000,77.8788,0.0000,-73.5556,73.5556,28.784,,NVIDIA A10,6e3d1db
cifar100,resnet18,simultaneous,ssd,a50.0_l0.5_b64_ov4.0,3-20,2,0,42,65.2200,66.5510,0.0000,77.5918,0.0000,-11.0408,11.0408,29.640,,NVIDIA A10,6e3d1db
cifar100,resnet18,simultaneous,ssd,a50.0_l0.5_b64_ov4.0,3-20-51,3,0,42,66.5800,68.6392,0.0000,77.6598,0.0000,-9.0206,9.0206,28.922,,NVIDIA A10,6e3d1db
cifar100,resnet18,simultaneous,ssd,a50.0_l0.5_b64_ov4.0,3-20-51-69-85,5,0,42,72.5800,76.4000,0.0000,77.4526,0.0000,-1.0526,1.0526,30.378,,NVIDIA A10,6e3d1db
cifar100,resnet18,simultaneous,ssd,a50.0_l0.5_b64_ov50.0,3,1,0,42,76.3900,77.1616,0.0000,77.8788,0.0000,-0.7172,0.7172,30.208,,NVIDIA A10,6e3d1db
cifar100,resnet18,simultaneous,ssd,a50.0_l0.5_b64_ov50.0,3-20,2,0,42,76.7200,77.3469,46.0000,77.5918,0.0000,-0.2449,46.2449,29.997,,NVIDIA A10,6e3d1db
cifar100,resnet18,simultaneous,ssd,a50.0_l0.5_b64_ov50.0,3-20-51,3,0,42,77.3600,77.3505,77.6667,77.6598,0.0000,-0.3093,77.9759,29.271,,NVIDIA A10,6e3d1db
cifar100,resnet18,simultaneous,ssd,a50.0_l0.5_b64_ov50.0,3-20-51-69-85,5,0,42,77.3500,77.1579,81.0000,77.4526,0.0000,-0.2947,81.2947,29.533,,NVIDIA A10,6e3d1db
cifar100,resnet18,simultaneous,ssd,a50.0_l0.5_b64_ov8.0,3,1,0,42,43.5000,43.9394,0.0000,77.8788,0.0000,-33.9394,33.9394,28.198,,NVIDIA A10,6e3d1db
cifar100,resnet18,simultaneous,ssd,a50.0_l0.5_b64_ov8.0,3-20,2,0,42,73.2300,74.7245,0.0000,77.5918,0.0000,-2.8673,2.8673,29.441,,NVIDIA A10,6e3d1db
cifar100,resnet18,simultaneous,ssd,a50.0_l0.5_b64_ov8.0,3-20-51,3,0,42,74.2200,76.5155,0.0000,77.6598,0.0000,-1.1443,1.1443,30.564,,NVIDIA A10,6e3d1db
cifar100,resnet18,simultaneous,ssd,a50.0_l0.5_b64_ov8.0,3-20-51-69-85,5,0,42,73.5500,77.4211,0.0000,77.4526,0.0000,-0.0316,0.0316,29.986,,NVIDIA A10,6e3d1db
cifar100,resnet18,simultaneous,unact,p90.0_g0.3_k1_ov90.0,3,1,0,42,75.6300,76.3939,0.0000,77.8788,0.0000,-1.4848,1.4848,3.520,,NVIDIA A10,6e3d1db
cifar100,resnet18,simultaneous,unact,p90.0_g0.3_k1_ov90.0,3-20,2,0,42,75.2900,76.6224,10.0000,77.5918,0.0000,-0.9694,10.9694,3.657,,NVIDIA A10,6e3d1db
cifar100,resnet18,simultaneous,unact,p90.0_g0.3_k1_ov90.0,3-20-51,3,0,42,75.2000,76.8866,20.6667,77.6598,0.0000,-0.7732,21.4399,3.645,,NVIDIA A10,6e3d1db
cifar100,resnet18,simultaneous,unact,p90.0_g0.3_k1_ov90.0,3-20-51-69-85,5,0,42,75.3000,76.9895,43.2000,77.4526,0.0000,-0.4632,43.6632,3.775,,NVIDIA A10,6e3d1db
cifar100,resnet18,simultaneous,unact,p90.0_g0.3_k1_ov95.0,3,1,0,42,76.5100,77.2626,2.0000,77.8788,0.0000,-0.6162,2.6162,3.588,,NVIDIA A10,6e3d1db
cifar100,resnet18,simultaneous,unact,p90.0_g0.3_k1_ov95.0,3-20,2,0,42,76.1700,77.1020,30.5000,77.5918,0.0000,-0.4898,30.9898,3.546,,NVIDIA A10,6e3d1db
cifar100,resnet18,simultaneous,unact,p90.0_g0.3_k1_ov95.0,3-20-51,3,0,42,76.2500,77.2268,44.6667,77.6598,0.0000,-0.4330,45.0997,3.676,,NVIDIA A10,6e3d1db
cifar100,resnet18,simultaneous,unact,p90.0_g0.3_k1_ov95.0,3-20-51-69-85,5,0,42,76.5300,77.2947,62.0000,77.4526,0.0000,-0.1579,62.1579,3.965,,NVIDIA A10,6e3d1db
cifar100,resnet18,simultaneous,unact,p90.0_g0.3_k1_ov99.0,3,1,0,42,76.9900,77.4242,34.0000,77.8788,0.0000,-0.4545,34.4545,3.565,,NVIDIA A10,6e3d1db
cifar100,resnet18,simultaneous,unact,p90.0_g0.3_k1_ov99.0,3-20,2,0,42,76.9900,77.2449,64.5000,77.5918,0.0000,-0.3469,64.8469,3.575,,NVIDIA A10,6e3d1db
cifar100,resnet18,simultaneous,unact,p90.0_g0.3_k1_ov99.0,3-20-51,3,0,42,77.1300,77.4536,66.6667,77.6598,0.0000,-0.2062,66.8729,3.655,,NVIDIA A10,6e3d1db
cifar100,resnet18,simultaneous,unact,p90.0_g0.3_k1_ov99.0,3-20-51-69-85,5,0,42,77.2800,77.3474,76.0000,77.4526,0.0000,-0.1053,76.1053,3.776,,NVIDIA A10,6e3d1db
cifar100,resnet18,simultaneous,unact,p90.0_g0.3_k1_ov99.5,3,1,0,42,77.1100,77.4141,47.0000,77.8788,0.0000,-0.4646,47.4646,3.510,,NVIDIA A10,6e3d1db
cifar100,resnet18,simultaneous,unact,p90.0_g0.3_k1_ov99.5,3-20,2,0,42,77.1300,77.2857,69.5000,77.5918,0.0000,-0.3061,69.8061,3.625,,NVIDIA A10,6e3d1db
cifar100,resnet18,simultaneous,unact,p90.0_g0.3_k1_ov99.5,3-20-51,3,0,42,77.2500,77.3711,73.3333,77.6598,0.0000,-0.2887,73.6220,3.608,,NVIDIA A10,6e3d1db
cifar100,resnet18,simultaneous,unact,p90.0_g0.3_k1_ov99.5,3-20-51-69-85,5,0,42,77.2900,77.2421,78.2000,77.4526,0.0000,-0.2105,78.4105,3.757,,NVIDIA A10,6e3d1db
cifar20,resnet18,sequential,ssd,a15.0_l1.0_b512_ov15.0,3,1,0,42,81.2000,85.4737,0.0000,85.9053,0.0000,-0.4316,0.4316,29.829,,NVIDIA A10,6e3d1db
cifar20,resnet18,sequential,ssd,a15.0_l1.0_b512_ov15.0,3-4,2,1,42,81.1800,85.3556,43.6000,85.2222,0.0000,+0.1333,43.7333,60.112,,NVIDIA A10,6e3d1db
cifar20,resnet18,sequential,ssd,a15.0_l1.0_b512_ov15.0,3-4-10,3,2,42,80.9300,85.2824,56.2667,85.3882,0.0000,-0.1059,56.3725,89.179,,NVIDIA A10,6e3d1db
cifar20,resnet18,sequential,ssd,a15.0_l1.0_b512_ov15.0,3-4-10-14,4,3,42,80.9600,84.8125,65.5500,,,,,117.691,,NVIDIA A10,6e3d1db
cifar20,resnet18,sequential,ssd,a15.0_l1.0_b512_ov15.0,3-4-10-14-19,5,4,42,80.9500,84.9733,68.8800,85.1600,0.0000,-0.1867,69.0667,146.211,,NVIDIA A10,6e3d1db
cifar20,resnet18,sequential,ssd,a15.0_l1.0_b512_ov30.0,3,1,0,42,85.3500,85.3368,85.6000,85.9053,0.0000,-0.5684,86.1684,31.435,,NVIDIA A10,6e3d1db
cifar20,resnet18,sequential,ssd,a15.0_l1.0_b512_ov30.0,3-4,2,1,42,85.3500,85.1889,86.8000,85.2222,0.0000,-0.0333,86.8333,62.072,,NVIDIA A10,6e3d1db
cifar20,resnet18,sequential,ssd,a15.0_l1.0_b512_ov30.0,3-4-10,3,2,42,85.3500,84.8471,88.2000,85.3882,0.0000,-0.5412,88.7412,92.513,,NVIDIA A10,6e3d1db
cifar20,resnet18,sequential,ssd,a15.0_l1.0_b512_ov30.0,3-4-10-14,4,3,42,85.3500,84.3125,89.5000,,,,,122.927,,NVIDIA A10,6e3d1db
cifar20,resnet18,sequential,ssd,a15.0_l1.0_b512_ov30.0,3-4-10-14-19,5,4,42,85.3500,84.1467,88.9600,85.1600,0.0000,-1.0133,89.9733,151.863,,NVIDIA A10,6e3d1db
cifar20,resnet18,sequential,ssd,a15.0_l1.0_b512_ov4.0,3,1,0,42,65.8500,69.3158,0.0000,85.9053,0.0000,-16.5895,16.5895,27.131,,NVIDIA A10,6e3d1db
cifar20,resnet18,sequential,ssd,a15.0_l1.0_b512_ov4.0,3-4,2,1,42,5.0000,5.5556,0.0000,85.2222,0.0000,-79.6667,79.6667,55.637,,NVIDIA A10,6e3d1db
cifar20,resnet18,sequential,ssd,a15.0_l1.0_b512_ov4.0,3-4-10,3,2,42,5.0000,5.8824,0.0000,85.3882,0.0000,-79.5059,79.5059,83.280,,NVIDIA A10,6e3d1db
cifar20,resnet18,sequential,ssd,a15.0_l1.0_b512_ov4.0,3-4-10-14,4,3,42,5.0000,6.2500,0.0000,,,,,113.729,,NVIDIA A10,6e3d1db
cifar20,resnet18,sequential,ssd,a15.0_l1.0_b512_ov4.0,3-4-10-14-19,5,4,42,5.0000,6.6667,0.0000,85.1600,0.0000,-78.4933,78.4933,142.270,,NVIDIA A10,6e3d1db
cifar20,resnet18,sequential,ssd,a15.0_l1.0_b512_ov50.0,3,1,0,42,85.3500,85.3368,85.6000,85.9053,0.0000,-0.5684,86.1684,30.021,,NVIDIA A10,6e3d1db
cifar20,resnet18,sequential,ssd,a15.0_l1.0_b512_ov50.0,3-4,2,1,42,85.3500,85.1889,86.8000,85.2222,0.0000,-0.0333,86.8333,61.081,,NVIDIA A10,6e3d1db
cifar20,resnet18,sequential,ssd,a15.0_l1.0_b512_ov50.0,3-4-10,3,2,42,85.3500,84.8471,88.2000,85.3882,0.0000,-0.5412,88.7412,92.676,,NVIDIA A10,6e3d1db
cifar20,resnet18,sequential,ssd,a15.0_l1.0_b512_ov50.0,3-4-10-14,4,3,42,85.3500,84.3125,89.5000,,,,,122.492,,NVIDIA A10,6e3d1db
cifar20,resnet18,sequential,ssd,a15.0_l1.0_b512_ov50.0,3-4-10-14-19,5,4,42,85.3500,84.1467,88.9600,85.1600,0.0000,-1.0133,89.9733,152.577,,NVIDIA A10,6e3d1db
cifar20,resnet18,sequential,ssd,a15.0_l1.0_b512_ov8.0,3,1,0,42,77.8100,81.9053,0.0000,85.9053,0.0000,-4.0000,4.0000,28.218,,NVIDIA A10,6e3d1db
cifar20,resnet18,sequential,ssd,a15.0_l1.0_b512_ov8.0,3-4,2,1,42,45.0100,50.0111,0.0000,85.2222,0.0000,-35.2111,35.2111,56.215,,NVIDIA A10,6e3d1db
cifar20,resnet18,sequential,ssd,a15.0_l1.0_b512_ov8.0,3-4-10,3,2,42,44.9900,47.2235,32.3333,85.3882,0.0000,-38.1647,70.4980,84.607,,NVIDIA A10,6e3d1db
cifar20,resnet18,sequential,ssd,a15.0_l1.0_b512_ov8.0,3-4-10-14,4,3,42,8.8500,5.3375,22.9000,,,,,112.817,,NVIDIA A10,6e3d1db
cifar20,resnet18,sequential,ssd,a15.0_l1.0_b512_ov8.0,3-4-10-14-19,5,4,42,5.0000,0.0000,20.0000,85.1600,0.0000,-85.1600,105.1600,140.663,,NVIDIA A10,6e3d1db
cifar20,resnet18,sequential,unact,p99.0_g0.1_k20_ov90.0,3,1,0,42,76.1200,80.1263,0.0000,85.9053,0.0000,-5.7789,5.7789,10.860,,NVIDIA A10,6e3d1db
cifar20,resnet18,sequential,unact,p99.0_g0.1_k20_ov90.0,3-4,2,1,42,66.5000,73.8889,0.0000,85.2222,0.0000,-11.3333,11.3333,22.089,,NVIDIA A10,6e3d1db
cifar20,resnet18,sequential,unact,p99.0_g0.1_k20_ov90.0,3-4-10,3,2,42,48.0500,56.5294,0.0000,85.3882,0.0000,-28.8588,28.8588,33.106,,NVIDIA A10,6e3d1db
cifar20,resnet18,sequential,unact,p99.0_g0.1_k20_ov90.0,3-4-10-14,4,3,42,18.0200,22.5250,0.0000,,,,,44.176,,NVIDIA A10,6e3d1db
cifar20,resnet18,sequential,unact,p99.0_g0.1_k20_ov90.0,3-4-10-14-19,5,4,42,7.4600,9.9467,0.0000,85.1600,0.0000,-75.2133,75.2133,54.652,,NVIDIA A10,6e3d1db
cifar20,resnet18,sequential,unact,p99.0_g0.1_k20_ov95.0,3,1,0,42,77.5500,81.6316,0.0000,85.9053,0.0000,-4.2737,4.2737,11.219,,NVIDIA A10,6e3d1db
cifar20,resnet18,sequential,unact,p99.0_g0.1_k20_ov95.0,3-4,2,1,42,74.2200,82.4667,0.0000,85.2222,0.0000,-2.7556,2.7556,22.268,,NVIDIA A10,6e3d1db
cifar20,resnet18,sequential,unact,p99.0_g0.1_k20_ov95.0,3-4-10,3,2,42,66.2200,77.9059,0.0000,85.3882,0.0000,-7.4824,7.4824,32.743,,NVIDIA A10,6e3d1db
cifar20,resnet18,sequential,unact,p99.0_g0.1_k20_ov95.0,3-4-10-14,4,3,42,55.8700,69.8375,0.0000,,,,,43.867,,NVIDIA A10,6e3d1db
cifar20,resnet18,sequential,unact,p99.0_g0.1_k20_ov95.0,3-4-10-14-19,5,4,42,25.6600,34.2133,0.0000,85.1600,0.0000,-50.9467,50.9467,54.644,,NVIDIA A10,6e3d1db
cifar20,resnet18,sequential,unact,p99.0_g0.1_k20_ov99.0,3,1,0,42,81.0100,85.2737,0.0000,85.9053,0.0000,-0.6316,0.6316,10.869,,NVIDIA A10,6e3d1db
cifar20,resnet18,sequential,unact,p99.0_g0.1_k20_ov99.0,3-4,2,1,42,76.3500,84.8333,0.0000,85.2222,0.0000,-0.3889,0.3889,21.537,,NVIDIA A10,6e3d1db
cifar20,resnet18,sequential,unact,p99.0_g0.1_k20_ov99.0,3-4-10,3,2,42,70.1700,82.5529,0.0000,85.3882,0.0000,-2.8353,2.8353,32.972,,NVIDIA A10,6e3d1db
cifar20,resnet18,sequential,unact,p99.0_g0.1_k20_ov99.0,3-4-10-14,4,3,42,63.6100,79.5125,0.0000,,,,,43.232,,NVIDIA A10,6e3d1db
cifar20,resnet18,sequential,unact,p99.0_g0.1_k20_ov99.0,3-4-10-14-19,5,4,42,52.6600,70.1467,0.2000,85.1600,0.0000,-15.0133,15.2133,54.440,,NVIDIA A10,6e3d1db
cifar20,resnet18,sequential,unact,p99.0_g0.1_k20_ov99.5,3,1,0,42,81.8000,85.4947,11.6000,85.9053,0.0000,-0.4105,12.0105,10.640,,NVIDIA A10,6e3d1db
cifar20,resnet18,sequential,unact,p99.0_g0.1_k20_ov99.5,3-4,2,1,42,77.7900,85.3111,10.1000,85.2222,0.0000,+0.0889,10.1889,21.346,,NVIDIA A10,6e3d1db
cifar20,resnet18,sequential,unact,p99.0_g0.1_k20_ov99.5,3-4-10,3,2,42,72.5500,84.1294,6.9333,85.3882,0.0000,-1.2588,8.1922,31.769,,NVIDIA A10,6e3d1db
cifar20,resnet18,sequential,unact,p99.0_g0.1_k20_ov99.5,3-4-10-14,4,3,42,67.6400,83.7625,3.1500,,,,,42.405,,NVIDIA A10,6e3d1db
cifar20,resnet18,sequential,unact,p99.0_g0.1_k20_ov99.5,3-4-10-14-19,5,4,42,62.7100,82.9067,2.1200,85.1600,0.0000,-2.2533,4.3733,52.661,,NVIDIA A10,6e3d1db
cifar20,resnet18,simultaneous,ssd,a15.0_l1.0_b512_ov15.0,3,1,0,42,81.2000,85.4737,0.0000,85.9053,0.0000,-0.4316,0.4316,28.455,,NVIDIA A10,6e3d1db
cifar20,resnet18,simultaneous,ssd,a15.0_l1.0_b512_ov15.0,3-4,2,0,42,85.3500,85.1889,86.8000,85.2222,0.0000,-0.0333,86.8333,30.861,,NVIDIA A10,6e3d1db
cifar20,resnet18,simultaneous,ssd,a15.0_l1.0_b512_ov15.0,3-4-10,3,0,42,85.3500,84.8471,88.2000,85.3882,0.0000,-0.5412,88.7412,30.033,,NVIDIA A10,6e3d1db
cifar20,resnet18,simultaneous,ssd,a15.0_l1.0_b512_ov15.0,3-4-10-14-19,5,0,42,85.3500,84.1467,88.9600,85.1600,0.0000,-1.0133,89.9733,33.493,,NVIDIA A10,6e3d1db
cifar20,resnet18,simultaneous,ssd,a15.0_l1.0_b512_ov30.0,3,1,0,42,85.3500,85.3368,85.6000,85.9053,0.0000,-0.5684,86.1684,28.074,,NVIDIA A10,6e3d1db
cifar20,resnet18,simultaneous,ssd,a15.0_l1.0_b512_ov30.0,3-4,2,0,42,85.3500,85.1889,86.8000,85.2222,0.0000,-0.0333,86.8333,30.907,,NVIDIA A10,6e3d1db
cifar20,resnet18,simultaneous,ssd,a15.0_l1.0_b512_ov30.0,3-4-10,3,0,42,85.3500,84.8471,88.2000,85.3882,0.0000,-0.5412,88.7412,29.038,,NVIDIA A10,6e3d1db
cifar20,resnet18,simultaneous,ssd,a15.0_l1.0_b512_ov30.0,3-4-10-14-19,5,0,42,85.3500,84.1467,88.9600,85.1600,0.0000,-1.0133,89.9733,33.533,,NVIDIA A10,6e3d1db
cifar20,resnet18,simultaneous,ssd,a15.0_l1.0_b512_ov4.0,3,1,0,42,65.8500,69.3158,0.0000,85.9053,0.0000,-16.5895,16.5895,28.337,,NVIDIA A10,6e3d1db
cifar20,resnet18,simultaneous,ssd,a15.0_l1.0_b512_ov4.0,3-4,2,0,42,76.0700,84.5222,0.0000,85.2222,0.0000,-0.7000,0.7000,28.115,,NVIDIA A10,6e3d1db
cifar20,resnet18,simultaneous,ssd,a15.0_l1.0_b512_ov4.0,3-4-10,3,0,42,73.1300,85.6588,2.1333,85.3882,0.0000,+0.2706,2.4039,29.464,,NVIDIA A10,6e3d1db
cifar20,resnet18,simultaneous,ssd,a15.0_l1.0_b512_ov4.0,3-4-10-14-19,5,0,42,85.2900,84.2933,88.2800,85.1600,0.0000,-0.8667,89.1467,31.689,,NVIDIA A10,6e3d1db
cifar20,resnet18,simultaneous,ssd,a15.0_l1.0_b512_ov50.0,3,1,0,42,85.3500,85.3368,85.6000,85.9053,0.0000,-0.5684,86.1684,28.350,,NVIDIA A10,6e3d1db
cifar20,resnet18,simultaneous,ssd,a15.0_l1.0_b512_ov50.0,3-4,2,0,42,85.3500,85.1889,86.8000,85.2222,0.0000,-0.0333,86.8333,30.986,,NVIDIA A10,6e3d1db
cifar20,resnet18,simultaneous,ssd,a15.0_l1.0_b512_ov50.0,3-4-10,3,0,42,85.3500,84.8471,88.2000,85.3882,0.0000,-0.5412,88.7412,30.442,,NVIDIA A10,6e3d1db
cifar20,resnet18,simultaneous,ssd,a15.0_l1.0_b512_ov50.0,3-4-10-14-19,5,0,42,85.3500,84.1467,88.9600,85.1600,0.0000,-1.0133,89.9733,32.358,,NVIDIA A10,6e3d1db
cifar20,resnet18,simultaneous,ssd,a15.0_l1.0_b512_ov8.0,3,1,0,42,77.8100,81.9053,0.0000,85.9053,0.0000,-4.0000,4.0000,27.829,,NVIDIA A10,6e3d1db
cifar20,resnet18,simultaneous,ssd,a15.0_l1.0_b512_ov8.0,3-4,2,0,42,78.2200,85.6000,11.8000,85.2222,0.0000,+0.3778,12.1778,29.284,,NVIDIA A10,6e3d1db
cifar20,resnet18,simultaneous,ssd,a15.0_l1.0_b512_ov8.0,3-4-10,3,0,42,85.3500,84.8471,88.2000,85.3882,0.0000,-0.5412,88.7412,29.932,,NVIDIA A10,6e3d1db
cifar20,resnet18,simultaneous,ssd,a15.0_l1.0_b512_ov8.0,3-4-10-14-19,5,0,42,85.3300,84.1200,88.9600,85.1600,0.0000,-1.0400,90.0000,31.094,,NVIDIA A10,6e3d1db
cifar20,resnet18,simultaneous,unact,p99.0_g0.1_k20_ov90.0,3,1,0,42,76.1200,80.1263,0.0000,85.9053,0.0000,-5.7789,5.7789,10.903,,NVIDIA A10,6e3d1db
cifar20,resnet18,simultaneous,unact,p99.0_g0.1_k20_ov90.0,3-4,2,0,42,71.8300,79.8111,0.0000,85.2222,0.0000,-5.4111,5.4111,16.973,,NVIDIA A10,6e3d1db
cifar20,resnet18,simultaneous,unact,p99.0_g0.1_k20_ov90.0,3-4-10,3,0,42,66.0800,77.7412,0.0000,85.3882,0.0000,-7.6471,7.6471,25.488,,NVIDIA A10,6e3d1db
cifar20,resnet18,simultaneous,unact,p99.0_g0.1_k20_ov90.0,3-4-10-14-19,5,0,42,17.3800,23.1067,0.2000,85.1600,0.0000,-62.0533,62.2533,39.584,,NVIDIA A10,6e3d1db
cifar20,resnet18,simultaneous,unact,p99.0_g0.1_k20_ov95.0,3,1,0,42,77.5500,81.6316,0.0000,85.9053,0.0000,-4.2737,4.2737,10.907,,NVIDIA A10,6e3d1db
cifar20,resnet18,simultaneous,unact,p99.0_g0.1_k20_ov95.0,3-4,2,0,42,74.1300,82.3667,0.0000,85.2222,0.0000,-2.8556,2.8556,17.439,,NVIDIA A10,6e3d1db
cifar20,resnet18,simultaneous,unact,p99.0_g0.1_k20_ov95.0,3-4-10,3,0,42,67.6600,79.5294,0.4000,85.3882,0.0000,-5.8588,6.2588,25.741,,NVIDIA A10,6e3d1db
cifar20,resnet18,simultaneous,unact,p99.0_g0.1_k20_ov95.0,3-4-10-14-19,5,0,42,56.8100,75.4133,1.0000,85.1600,0.0000,-9.7467,10.7467,40.073,,NVIDIA A10,6e3d1db
cifar20,resnet18,simultaneous,unact,p99.0_g0.1_k20_ov99.0,3,1,0,42,81.0100,85.2737,0.0000,85.9053,0.0000,-0.6316,0.6316,11.848,,NVIDIA A10,6e3d1db
cifar20,resnet18,simultaneous,unact,p99.0_g0.1_k20_ov99.0,3-4,2,0,42,78.1800,85.3667,13.5000,85.2222,0.0000,+0.1444,13.6444,17.509,,NVIDIA A10,6e3d1db
cifar20,resnet18,simultaneous,unact,p99.0_g0.1_k20_ov99.0,3-4-10,3,0,42,77.0100,85.1529,30.8667,85.3882,0.0000,-0.2353,31.1020,25.038,,NVIDIA A10,6e3d1db
cifar20,resnet18,simultaneous,unact,p99.0_g0.1_k20_ov99.0,3-4-10-14-19,5,0,42,79.0700,85.3067,60.3600,85.1600,0.0000,+0.1467,60.5067,38.836,,NVIDIA A10,6e3d1db
cifar20,resnet18,simultaneous,unact,p99.0_g0.1_k20_ov99.5,3,1,0,42,81.8000,85.4947,11.6000,85.9053,0.0000,-0.4105,12.0105,10.821,,NVIDIA A10,6e3d1db
cifar20,resnet18,simultaneous,unact,p99.0_g0.1_k20_ov99.5,3-4,2,0,42,82.3900,85.6000,53.5000,85.2222,0.0000,+0.3778,53.8778,18.271,,NVIDIA A10,6e3d1db
cifar20,resnet18,simultaneous,unact,p99.0_g0.1_k20_ov99.5,3-4-10,3,0,42,82.3400,85.6706,63.4667,85.3882,0.0000,+0.2824,63.7490,24.946,,NVIDIA A10,6e3d1db
cifar20,resnet18,simultaneous,unact,p99.0_g0.1_k20_ov99.5,3-4-10-14-19,5,0,42,83.5300,85.5200,77.5600,85.1600,0.0000,+0.3600,77.9200,37.619,,NVIDIA A10,6e3d1db
