dataset,arch,forget_class,alpha,lambda,batch_size,seed,eval_retain_n,eval_dtype,base_overall,base_retain,base_forget,post_overall,post_retain,post_forget,gold_retain,gold_forget,gap_retain,gap_forget,score,params_damped_pct,importance_time_s,modify_time_s,method_time_s,eval_device,git_commit
cifar10,vit_b16,0,10.0,0.1,128,42,2000,bf16,,98.1500,98.7000,,98.1500,98.7000,98.2000,0.0000,-0.0500,+98.7000,98.7500,0.0030,1938.431,0.040,1938.471,NVIDIA A10,6e3d1db
cifar10,vit_b16,0,10.0,0.5,128,42,2000,bf16,,98.1500,98.7000,,98.1500,98.7000,98.2000,0.0000,-0.0500,+98.7000,98.7500,0.0030,1938.431,0.039,1938.470,NVIDIA A10,6e3d1db
cifar10,vit_b16,0,10.0,1.0,128,42,2000,bf16,,98.1500,98.7000,,98.1500,98.7000,98.2000,0.0000,-0.0500,+98.7000,98.7500,0.0030,1938.431,0.038,1938.469,NVIDIA A10,6e3d1db
cifar10,vit_b16,0,15.0,0.1,128,42,2000,bf16,,98.1500,98.7000,,98.1500,98.7000,98.2000,0.0000,-0.0500,+98.7000,98.7500,0.0000,1938.431,0.039,1938.470,NVIDIA A10,6e3d1db
cifar10,vit_b16,0,15.0,0.5,128,42,2000,bf16,,98.1500,98.7000,,98.1500,98.7000,98.2000,0.0000,-0.0500,+98.7000,98.7500,0.0000,1938.431,0.042,1938.473,NVIDIA A10,6e3d1db
cifar10,vit_b16,0,15.0,1.0,128,42,2000,bf16,,98.1500,98.7000,,98.1500,98.7000,98.2000,0.0000,-0.0500,+98.7000,98.7500,0.0000,1938.431,0.043,1938.473,NVIDIA A10,6e3d1db
cifar10,vit_b16,0,2.0,0.1,128,42,2000,bf16,,98.1500,98.7000,,85.1000,0.0000,98.2000,0.0000,-13.1000,+0.0000,13.1000,7.1552,1938.431,0.043,1938.474,NVIDIA A10,6e3d1db
cifar10,vit_b16,0,2.0,0.5,128,42,2000,bf16,,98.1500,98.7000,,88.4000,0.9000,98.2000,0.0000,-9.8000,+0.9000,10.7000,7.1552,1938.431,0.045,1938.476,NVIDIA A10,6e3d1db
cifar10,vit_b16,0,2.0,1.0,128,42,2000,bf16,,98.1500,98.7000,,93.2500,8.7000,98.2000,0.0000,-4.9500,+8.7000,13.6500,7.1552,1938.431,0.045,1938.476,NVIDIA A10,6e3d1db
cifar10,vit_b16,0,25.0,0.1,128,42,2000,bf16,,98.1500,98.7000,,98.1500,98.7000,98.2000,0.0000,-0.0500,+98.7000,98.7500,0.0000,1938.431,0.042,1938.473,NVIDIA A10,6e3d1db
cifar10,vit_b16,0,25.0,0.5,128,42,2000,bf16,,98.1500,98.7000,,98.1500,98.7000,98.2000,0.0000,-0.0500,+98.7000,98.7500,0.0000,1938.431,0.042,1938.473,NVIDIA A10,6e3d1db
cifar10,vit_b16,0,25.0,1.0,128,42,2000,bf16,,98.1500,98.7000,,98.1500,98.7000,98.2000,0.0000,-0.0500,+98.7000,98.7500,0.0000,1938.431,0.042,1938.473,NVIDIA A10,6e3d1db
cifar10,vit_b16,0,5.0,0.1,128,42,2000,bf16,,98.1500,98.7000,,97.9500,43.5000,98.2000,0.0000,-0.2500,+43.5000,43.7500,0.5543,1938.431,0.044,1938.475,NVIDIA A10,6e3d1db
cifar10,vit_b16,0,5.0,0.5,128,42,2000,bf16,,98.1500,98.7000,,98.0000,51.3000,98.2000,0.0000,-0.2000,+51.3000,51.5000,0.5543,1938.431,0.045,1938.475,NVIDIA A10,6e3d1db
cifar10,vit_b16,0,5.0,1.0,128,42,2000,bf16,,98.1500,98.7000,,98.0000,61.4000,98.2000,0.0000,-0.2000,+61.4000,61.6000,0.5543,1938.431,0.042,1938.473,NVIDIA A10,6e3d1db
cifar10,vit_b16,0,50.0,0.1,128,42,2000,bf16,,98.1500,98.7000,,98.1500,98.7000,98.2000,0.0000,-0.0500,+98.7000,98.7500,0.0000,1938.431,0.042,1938.473,NVIDIA A10,6e3d1db
cifar10,vit_b16,0,50.0,0.5,128,42,2000,bf16,,98.1500,98.7000,,98.1500,98.7000,98.2000,0.0000,-0.0500,+98.7000,98.7500,0.0000,1938.431,0.042,1938.473,NVIDIA A10,6e3d1db
cifar10,vit_b16,0,50.0,1.0,128,42,2000,bf16,,98.1500,98.7000,,98.1500,98.7000,98.2000,0.0000,-0.0500,+98.7000,98.7500,0.0000,1938.431,0.042,1938.473,NVIDIA A10,6e3d1db
cifar10,vit_b16,2,10.0,0.1,128,42,2000,bf16,,98.0500,98.7000,,98.1500,98.2000,98.3500,0.0000,-0.2000,+98.2000,98.4000,0.0095,1166.384,0.034,1166.419,NVIDIA A10,6e3d1db
cifar10,vit_b16,2,10.0,0.5,128,42,2000,bf16,,98.0500,98.7000,,98.1500,98.2000,98.3500,0.0000,-0.2000,+98.2000,98.4000,0.0095,1166.384,0.034,1166.419,NVIDIA A10,6e3d1db
cifar10,vit_b16,2,10.0,1.0,128,42,2000,bf16,,98.0500,98.7000,,98.1000,98.2000,98.3500,0.0000,-0.2500,+98.2000,98.4500,0.0095,1166.384,0.035,1166.419,NVIDIA A10,6e3d1db
cifar10,vit_b16,2,15.0,0.1,128,42,2000,bf16,,98.0500,98.7000,,98.1000,98.7000,98.3500,0.0000,-0.2500,+98.7000,98.9500,0.0004,1166.384,0.033,1166.418,NVIDIA A10,6e3d1db
cifar10,vit_b16,2,15.0,0.5,128,42,2000,bf16,,98.0500,98.7000,,98.1500,98.7000,98.3500,0.0000,-0.2000,+98.7000,98.9000,0.0004,1166.384,0.033,1166.417,NVIDIA A10,6e3d1db
cifar10,vit_b16,2,15.0,1.0,128,42,2000,bf16,,98.0500,98.7000,,98.1000,98.7000,98.3500,0.0000,-0.2500,+98.7000,98.9500,0.0004,1166.384,0.033,1166.417,NVIDIA A10,6e3d1db
cifar10,vit_b16,2,2.0,0.1,128,42,2000,bf16,,98.0500,98.7000,,12.2000,0.0000,98.3500,0.0000,-86.1500,+0.0000,86.1500,15.5132,1166.384,0.054,1166.438,NVIDIA A10,6e3d1db
cifar10,vit_b16,2,2.0,0.5,128,42,2000,bf16,,98.0500,98.7000,,11.7500,0.0000,98.3500,0.0000,-86.6000,+0.0000,86.6000,15.5132,1166.384,0.041,1166.426,NVIDIA A10,6e3d1db
cifar10,vit_b16,2,2.0,1.0,128,42,2000,bf16,,98.0500,98.7000,,19.4000,0.0000,98.3500,0.0000,-78.9500,+0.0000,78.9500,15.5132,1166.384,0.041,1166.425,NVIDIA A10,6e3d1db
cifar10,vit_b16,2,25.0,0.1,128,42,2000,bf16,,98.0500,98.7000,,98.0500,98.7000,98.3500,0.0000,-0.3000,+98.7000,99.0000,0.0000,1166.384,0.032,1166.417,NVIDIA A10,6e3d1db
cifar10,vit_b16,2,25.0,0.5,128,42,2000,bf16,,98.0500,98.7000,,98.0500,98.7000,98.3500,0.0000,-0.3000,+98.7000,99.0000,0.0000,1166.384,0.033,1166.417,NVIDIA A10,6e3d1db
cifar10,vit_b16,2,25.0,1.0,128,42,2000,bf16,,98.0500,98.7000,,98.0500,98.7000,98.3500,0.0000,-0.3000,+98.7000,99.0000,0.0000,1166.384,0.033,1166.417,NVIDIA A10,6e3d1db
cifar10,vit_b16,2,5.0,0.1,128,42,2000,bf16,,98.0500,98.7000,,98.0000,1.6000,98.3500,0.0000,-0.3500,+1.6000,1.9500,1.1792,1166.384,0.038,1166.423,NVIDIA A10,6e3d1db
cifar10,vit_b16,2,5.0,0.5,128,42,2000,bf16,,98.0500,98.7000,,98.0500,5.2000,98.3500,0.0000,-0.3000,+5.2000,5.5000,1.1792,1166.384,0.038,1166.422,NVIDIA A10,6e3d1db
cifar10,vit_b16,2,5.0,1.0,128,42,2000,bf16,,98.0500,98.7000,,98.0500,20.2000,98.3500,0.0000,-0.3000,+20.2000,20.5000,1.1792,1166.384,0.038,1166.423,NVIDIA A10,6e3d1db
cifar10,vit_b16,2,50.0,0.1,128,42,2000,bf16,,98.0500,98.7000,,98.0500,98.7000,98.3500,0.0000,-0.3000,+98.7000,99.0000,0.0000,1166.384,0.033,1166.417,NVIDIA A10,6e3d1db
cifar10,vit_b16,2,50.0,0.5,128,42,2000,bf16,,98.0500,98.7000,,98.0500,98.7000,98.3500,0.0000,-0.3000,+98.7000,99.0000,0.0000,1166.384,0.033,1166.417,NVIDIA A10,6e3d1db
cifar10,vit_b16,2,50.0,1.0,128,42,2000,bf16,,98.0500,98.7000,,98.0500,98.7000,98.3500,0.0000,-0.3000,+98.7000,99.0000,0.0000,1166.384,0.033,1166.417,NVIDIA A10,6e3d1db
cifar10,vit_b16,3,10.0,0.1,128,42,2000,bf16,,98.7000,96.6000,,98.7000,96.5000,98.9000,0.0000,-0.2000,+96.5000,96.7000,0.1098,1222.722,0.036,1222.758,NVIDIA A10,6e3d1db
cifar10,vit_b16,3,10.0,0.5,128,42,2000,bf16,,98.7000,96.6000,,98.7000,96.5000,98.9000,0.0000,-0.2000,+96.5000,96.7000,0.1098,1222.722,0.036,1222.758,NVIDIA A10,6e3d1db
cifar10,vit_b16,3,10.0,1.0,128,42,2000,bf16,,98.7000,96.6000,,98.7500,96.5000,98.9000,0.0000,-0.1500,+96.5000,96.6500,0.1098,1222.722,0.036,1222.758,NVIDIA A10,6e3d1db
cifar10,vit_b16,3,15.0,0.1,128,42,2000,bf16,,98.7000,96.6000,,98.7500,96.4000,98.9000,0.0000,-0.1500,+96.4000,96.5500,0.0420,1222.722,0.036,1222.758,NVIDIA A10,6e3d1db
cifar10,vit_b16,3,15.0,0.5,128,42,2000,bf16,,98.7000,96.6000,,98.7500,96.4000,98.9000,0.0000,-0.1500,+96.4000,96.5500,0.0420,1222.722,0.035,1222.757,NVIDIA A10,6e3d1db
cifar10,vit_b16,3,15.0,1.0,128,42,2000,bf16,,98.7000,96.6000,,98.7000,96.4000,98.9000,0.0000,-0.2000,+96.4000,96.6000,0.0420,1222.722,0.036,1222.758,NVIDIA A10,6e3d1db
cifar10,vit_b16,3,2.0,0.1,128,42,2000,bf16,,98.7000,96.6000,,10.9000,0.0000,98.9000,0.0000,-88.0000,+0.0000,88.0000,50.9100,1222.722,0.049,1222.771,NVIDIA A10,6e3d1db
cifar10,vit_b16,3,2.0,0.5,128,42,2000,bf16,,98.7000,96.6000,,10.9000,0.0000,98.9000,0.0000,-88.0000,+0.0000,88.0000,50.9100,1222.722,0.049,1222.771,NVIDIA A10,6e3d1db
cifar10,vit_b16,3,2.0,1.0,128,42,2000,bf16,,98.7000,96.6000,,11.5000,0.0000,98.9000,0.0000,-87.4000,+0.0000,87.4000,50.9100,1222.722,0.050,1222.772,NVIDIA A10,6e3d1db
cifar10,vit_b16,3,25.0,0.1,128,42,2000,bf16,,98.7000,96.6000,,98.7000,96.4000,98.9000,0.0000,-0.2000,+96.4000,96.6000,0.0139,1222.722,0.035,1222.757,NVIDIA A10,6e3d1db
cifar10,vit_b16,3,25.0,0.5,128,42,2000,bf16,,98.7000,96.6000,,98.7500,96.3000,98.9000,0.0000,-0.1500,+96.3000,96.4500,0.0139,1222.722,0.035,1222.757,NVIDIA A10,6e3d1db
cifar10,vit_b16,3,25.0,1.0,128,42,2000,bf16,,98.7000,96.6000,,98.7500,96.3000,98.9000,0.0000,-0.1500,+96.3000,96.4500,0.0139,1222.722,0.035,1222.757,NVIDIA A10,6e3d1db
cifar10,vit_b16,3,5.0,0.1,128,42,2000,bf16,,98.7000,96.6000,,95.9500,23.3000,98.9000,0.0000,-2.9500,+23.3000,26.2500,3.2958,1222.722,0.041,1222.763,NVIDIA A10,6e3d1db
cifar10,vit_b16,3,5.0,0.5,128,42,2000,bf16,,98.7000,96.6000,,96.5000,33.9000,98.9000,0.0000,-2.4000,+33.9000,36.3000,3.2958,1222.722,0.039,1222.761,NVIDIA A10,6e3d1db
cifar10,vit_b16,3,5.0,1.0,128,42,2000,bf16,,98.7000,96.6000,,97.2000,46.3000,98.9000,0.0000,-1.7000,+46.3000,48.0000,3.2958,1222.722,0.040,1222.762,NVIDIA A10,6e3d1db
cifar10,vit_b16,3,50.0,0.1,128,42,2000,bf16,,98.7000,96.6000,,98.7000,96.5000,98.9000,0.0000,-0.2000,+96.5000,96.7000,0.0030,1222.722,0.034,1222.755,NVIDIA A10,6e3d1db
cifar10,vit_b16,3,50.0,0.5,128,42,2000,bf16,,98.7000,96.6000,,98.7000,96.5000,98.9000,0.0000,-0.2000,+96.5000,96.7000,0.0030,1222.722,0.034,1222.756,NVIDIA A10,6e3d1db
cifar10,vit_b16,3,50.0,1.0,128,42,2000,bf16,,98.7000,96.6000,,98.7000,96.5000,98.9000,0.0000,-0.2000,+96.5000,96.7000,0.0030,1222.722,0.033,1222.755,NVIDIA A10,6e3d1db
cifar10,vit_b16,5,10.0,0.1,128,42,2000,bf16,,97.9000,96.7000,,97.9000,96.7000,98.5500,0.0000,-0.6500,+96.7000,97.3500,0.0012,1163.761,0.034,1163.795,NVIDIA A10,6e3d1db
cifar10,vit_b16,5,10.0,0.5,128,42,2000,bf16,,97.9000,96.7000,,97.9000,96.7000,98.5500,0.0000,-0.6500,+96.7000,97.3500,0.0012,1163.761,0.034,1163.795,NVIDIA A10,6e3d1db
cifar10,vit_b16,5,10.0,1.0,128,42,2000,bf16,,97.9000,96.7000,,97.9000,96.7000,98.5500,0.0000,-0.6500,+96.7000,97.3500,0.0012,1163.761,0.035,1163.796,NVIDIA A10,6e3d1db
cifar10,vit_b16,5,15.0,0.1,128,42,2000,bf16,,97.9000,96.7000,,97.9000,96.7000,98.5500,0.0000,-0.6500,+96.7000,97.3500,0.0001,1163.761,0.040,1163.802,NVIDIA A10,6e3d1db
cifar10,vit_b16,5,15.0,0.5,128,42,2000,bf16,,97.9000,96.7000,,97.9000,96.7000,98.5500,0.0000,-0.6500,+96.7000,97.3500,0.0001,1163.761,0.033,1163.794,NVIDIA A10,6e3d1db
cifar10,vit_b16,5,15.0,1.0,128,42,2000,bf16,,97.9000,96.7000,,97.9000,96.7000,98.5500,0.0000,-0.6500,+96.7000,97.3500,0.0001,1163.761,0.033,1163.794,NVIDIA A10,6e3d1db
cifar10,vit_b16,5,2.0,0.1,128,42,2000,bf16,,97.9000,96.7000,,9.6000,0.0000,98.5500,0.0000,-88.9500,+0.0000,88.9500,40.0379,1163.761,0.046,1163.807,NVIDIA A10,6e3d1db
cifar10,vit_b16,5,2.0,0.5,128,42,2000,bf16,,97.9000,96.7000,,9.6000,0.0000,98.5500,0.0000,-88.9500,+0.0000,88.9500,40.0379,1163.761,0.047,1163.808,NVIDIA A10,6e3d1db
cifar10,vit_b16,5,2.0,1.0,128,42,2000,bf16,,97.9000,96.7000,,10.5500,0.0000,98.5500,0.0000,-88.0000,+0.0000,88.0000,40.0379,1163.761,0.048,1163.809,NVIDIA A10,6e3d1db
cifar10,vit_b16,5,25.0,0.1,128,42,2000,bf16,,97.9000,96.7000,,97.9000,96.7000,98.5500,0.0000,-0.6500,+96.7000,97.3500,0.0000,1163.761,0.033,1163.794,NVIDIA A10,6e3d1db
cifar10,vit_b16,5,25.0,0.5,128,42,2000,bf16,,97.9000,96.7000,,97.9000,96.7000,98.5500,0.0000,-0.6500,+96.7000,97.3500,0.0000,1163.761,0.033,1163.794,NVIDIA A10,6e3d1db
cifar10,vit_b16,5,25.0,1.0,128,42,2000,bf16,,97.9000,96.7000,,97.9000,96.7000,98.5500,0.0000,-0.6500,+96.7000,97.3500,0.0000,1163.761,0.033,1163.795,NVIDIA A10,6e3d1db
cifar10,vit_b16,5,5.0,0.1,128,42,2000,bf16,,97.9000,96.7000,,92.4500,2.8000,98.5500,0.0000,-6.1000,+2.8000,8.9000,3.6648,1163.761,0.039,1163.800,NVIDIA A10,6e3d1db
cifar10,vit_b16,5,5.0,0.5,128,42,2000,bf16,,97.9000,96.7000,,94.1000,5.8000,98.5500,0.0000,-4.4500,+5.8000,10.2500,3.6648,1163.761,0.039,1163.800,NVIDIA A10,6e3d1db
cifar10,vit_b16,5,5.0,1.0,128,42,2000,bf16,,97.9000,96.7000,,95.3500,8.7000,98.5500,0.0000,-3.2000,+8.7000,11.9000,3.6648,1163.761,0.039,1163.800,NVIDIA A10,6e3d1db
cifar10,vit_b16,5,50.0,0.1,128,42,2000,bf16,,97.9000,96.7000,,97.9000,96.7000,98.5500,0.0000,-0.6500,+96.7000,97.3500,0.0000,1163.761,0.033,1163.794,NVIDIA A10,6e3d1db
cifar10,vit_b16,5,50.0,0.5,128,42,2000,bf16,,97.9000,96.7000,,97.9000,96.7000,98.5500,0.0000,-0.6500,+96.7000,97.3500,0.0000,1163.761,0.033,1163.794,NVIDIA A10,6e3d1db
cifar10,vit_b16,5,50.0,1.0,128,42,2000,bf16,,97.9000,96.7000,,97.9000,96.7000,98.5500,0.0000,-0.6500,+96.7000,97.3500,0.0000,1163.761,0.033,1163.794,NVIDIA A10,6e3d1db
cifar10,vit_b16,8,10.0,0.1,128,42,2000,bf16,,98.4000,98.7000,,11.3000,0.0000,98.0000,0.0000,-86.7000,+0.0000,86.7000,11.7891,1306.944,0.040,1306.985,NVIDIA A10,6e3d1db
cifar10,vit_b16,8,10.0,0.5,128,42,2000,bf16,,98.4000,98.7000,,11.3000,0.0000,98.0000,0.0000,-86.7000,+0.0000,86.7000,11.7891,1306.944,0.042,1306.986,NVIDIA A10,6e3d1db
cifar10,vit_b16,8,10.0,1.0,128,42,2000,bf16,,98.4000,98.7000,,11.3000,0.0000,98.0000,0.0000,-86.7000,+0.0000,86.7000,11.7891,1306.944,0.042,1306.986,NVIDIA A10,6e3d1db
cifar10,vit_b16,8,15.0,0.1,128,42,2000,bf16,,98.4000,98.7000,,67.8500,19.2000,98.0000,0.0000,-30.1500,+19.2000,49.3500,6.9752,1306.944,0.040,1306.984,NVIDIA A10,6e3d1db
cifar10,vit_b16,8,15.0,0.5,128,42,2000,bf16,,98.4000,98.7000,,70.2500,21.7000,98.0000,0.0000,-27.7500,+21.7000,49.4500,6.9752,1306.944,0.041,1306.985,NVIDIA A10,6e3d1db
cifar10,vit_b16,8,15.0,1.0,128,42,2000,bf16,,98.4000,98.7000,,73.6500,25.1000,98.0000,0.0000,-24.3500,+25.1000,49.4500,6.9752,1306.944,0.039,1306.984,NVIDIA A10,6e3d1db
cifar10,vit_b16,8,2.0,0.1,128,42,2000,bf16,,98.4000,98.7000,,11.3500,0.0000,98.0000,0.0000,-86.6500,+0.0000,86.6500,44.3590,1306.944,0.059,1307.003,NVIDIA A10,6e3d1db
cifar10,vit_b16,8,2.0,0.5,128,42,2000,bf16,,98.4000,98.7000,,11.5000,0.0000,98.0000,0.0000,-86.5000,+0.0000,86.5000,44.3590,1306.944,0.050,1306.994,NVIDIA A10,6e3d1db
cifar10,vit_b16,8,2.0,1.0,128,42,2000,bf16,,98.4000,98.7000,,14.8500,0.0000,98.0000,0.0000,-83.1500,+0.0000,83.1500,44.3590,1306.944,0.051,1306.995,NVIDIA A10,6e3d1db
cifar10,vit_b16,8,25.0,0.1,128,42,2000,bf16,,98.4000,98.7000,,94.2000,84.2000,98.0000,0.0000,-3.8000,+84.2000,88.0000,3.0993,1306.944,0.040,1306.984,NVIDIA A10,6e3d1db
cifar10,vit_b16,8,25.0,0.5,128,42,2000,bf16,,98.4000,98.7000,,94.4000,84.9000,98.0000,0.0000,-3.6000,+84.9000,88.5000,3.0993,1306.944,0.050,1306.995,NVIDIA A10,6e3d1db
cifar10,vit_b16,8,25.0,1.0,128,42,2000,bf16,,98.4000,98.7000,,94.6500,85.0000,98.0000,0.0000,-3.3500,+85.0000,88.3500,3.0993,1306.944,0.039,1306.983,NVIDIA A10,6e3d1db
cifar10,vit_b16,8,5.0,0.1,128,42,2000,bf16,,98.4000,98.7000,,10.5000,0.0000,98.0000,0.0000,-87.5000,+0.0000,87.5000,23.4893,1306.944,0.045,1306.989,NVIDIA A10,6e3d1db
cifar10,vit_b16,8,5.0,0.5,128,42,2000,bf16,,98.4000,98.7000,,11.5500,0.0000,98.0000,0.0000,-86.4500,+0.0000,86.4500,23.4893,1306.944,0.046,1306.990,NVIDIA A10,6e3d1db
cifar10,vit_b16,8,5.0,1.0,128,42,2000,bf16,,98.4000,98.7000,,11.9000,0.0000,98.0000,0.0000,-86.1000,+0.0000,86.1000,23.4893,1306.944,0.054,1306.998,NVIDIA A10,6e3d1db
cifar10,vit_b16,8,50.0,0.1,128,42,2000,bf16,,98.4000,98.7000,,97.9500,96.5000,98.0000,0.0000,-0.0500,+96.5000,96.5500,0.7882,1306.944,0.038,1306.982,NVIDIA A10,6e3d1db
cifar10,vit_b16,8,50.0,0.5,128,42,2000,bf16,,98.4000,98.7000,,98.0000,96.5000,98.0000,0.0000,+0.0000,+96.5000,96.5000,0.7882,1306.944,0.038,1306.982,NVIDIA A10,6e3d1db
cifar10,vit_b16,8,50.0,1.0,128,42,2000,bf16,,98.4000,98.7000,,98.0000,96.5000,98.0000,0.0000,+0.0000,+96.5000,96.5000,0.7882,1306.944,0.039,1306.983,NVIDIA A10,6e3d1db
