dataset,arch,scope,token_pool,forget_class,percentile,gamma,iters,seed,profile_n,eval_retain_n,eval_dtype,base_overall,base_retain,base_forget,post_overall,post_retain,post_forget,gold_retain,gold_forget,gap_retain,gap_forget,score,n_blocks_touched,units_total,units_per_round,cum_units,cum_coverage_pct,coverage_bound_pct,overlap_prev,params_damped_pct,method_time_s,eval_device,git_commit
cifar10,vit_b16,ffn_dla_last2,cls,0,75.0,0.1,5,42,0,0,fp32,98.2900,98.2333,98.8000,92.2400,97.0000,49.4000,98.2778,0.0000,-1.2778,+49.4000,50.6778,2,3072,768.00,1543.50,50.24,100.00,333,5.5296,242.178,NVIDIA A10,136ed1b
cifar10,vit_b16,ffn_dla_last2,cls,2,75.0,0.1,5,42,0,0,fp32,98.2900,98.2444,98.7000,85.9400,92.4667,27.2000,98.4111,0.0000,-5.9444,+27.2000,33.1444,2,3072,768.00,1535.00,49.97,100.00,239,5.4991,241.476,NVIDIA A10,136ed1b
cifar10,vit_b16,ffn_dla_last2,cls,3,75.0,0.1,1,42,500,2000,bf16,,98.7000,96.6000,,98.6000,54.9000,98.9000,0.0000,-0.3000,+54.9000,55.2000,2,3072,768.00,768.00,25.00,25.00,-1,2.7513,1.958,NVIDIA A10,6e3d1db
cifar10,vit_b16,ffn_dla_last2,cls,3,75.0,0.1,10,42,500,2000,bf16,,98.7000,96.6000,,97.6500,22.0000,98.9000,0.0000,-1.2500,+22.0000,23.2500,2,3072,768.00,1557.50,50.70,100.00,75,5.5797,11.445,NVIDIA A10,6e3d1db
cifar10,vit_b16,ffn_dla_last2,cls,3,75.0,0.1,20,42,500,2000,bf16,,98.7000,96.6000,,97.6500,22.0000,98.9000,0.0000,-1.2500,+22.0000,23.2500,2,3072,768.00,1557.50,50.70,100.00,75,5.5797,23.062,NVIDIA A10,6e3d1db
cifar10,vit_b16,ffn_dla_last2,cls,3,75.0,0.1,3,42,500,2000,bf16,,98.7000,96.6000,,97.8500,26.5000,98.9000,0.0000,-1.0500,+26.5000,27.5500,2,3072,768.00,1421.50,46.27,75.00,505,5.0925,3.929,NVIDIA A10,6e3d1db
cifar10,vit_b16,ffn_dla_last2,cls,3,75.0,0.1,5,42,0,0,fp32,98.2900,98.4778,96.6000,89.9000,97.5333,21.2000,98.8222,0.0000,-1.2889,+21.2000,22.4889,2,3072,768.00,1552.50,50.54,100.00,286,5.5618,242.714,NVIDIA A10,136ed1b
cifar10,vit_b16,ffn_dla_last2,cls,3,75.0,0.1,5,42,500,2000,bf16,,98.7000,96.6000,,97.5500,21.3000,98.9000,0.0000,-1.3500,+21.3000,22.6500,2,3072,768.00,1553.00,50.55,100.00,289,5.5636,6.019,NVIDIA A10,6e3d1db
cifar10,vit_b16,ffn_dla_last2,cls,3,75.0,0.3,1,42,500,2000,bf16,,98.7000,96.6000,,98.5500,81.1000,98.9000,0.0000,-0.3500,+81.1000,81.4500,2,3072,768.00,768.00,25.00,25.00,-1,2.7513,2.513,NVIDIA A10,6e3d1db
cifar10,vit_b16,ffn_dla_last2,cls,3,75.0,0.3,10,42,500,2000,bf16,,98.7000,96.6000,,97.6500,21.5000,98.9000,0.0000,-1.2500,+21.5000,22.7500,2,3072,768.00,1555.50,50.63,100.00,135,5.5726,12.535,NVIDIA A10,6e3d1db
cifar10,vit_b16,ffn_dla_last2,cls,3,75.0,0.3,20,42,500,2000,bf16,,98.7000,96.6000,,97.6500,21.9000,98.9000,0.0000,-1.2500,+21.9000,23.1500,2,3072,768.00,1557.00,50.68,100.00,75,5.5779,24.204,NVIDIA A10,6e3d1db
cifar10,vit_b16,ffn_dla_last2,cls,3,75.0,0.3,3,42,500,2000,bf16,,98.7000,96.6000,,98.5500,47.8000,98.9000,0.0000,-0.3500,+47.8000,48.1500,2,3072,768.00,1243.50,40.48,75.00,627,4.4548,4.563,NVIDIA A10,6e3d1db
cifar10,vit_b16,ffn_dla_last2,cls,3,75.0,0.3,5,42,500,2000,bf16,,98.7000,96.6000,,97.8500,27.7000,98.9000,0.0000,-1.0500,+27.7000,28.7500,2,3072,768.00,1462.50,47.61,100.00,603,5.2394,6.571,NVIDIA A10,6e3d1db
cifar10,vit_b16,ffn_dla_last2,cls,3,85.0,0.1,1,42,500,2000,bf16,,98.7000,96.6000,,98.3000,65.2000,98.9000,0.0000,-0.6000,+65.2000,65.8000,2,3072,461.00,461.00,15.01,15.01,-1,1.6515,2.168,NVIDIA A10,6e3d1db
cifar10,vit_b16,ffn_dla_last2,cls,3,85.0,0.1,10,42,500,2000,bf16,,98.7000,96.6000,,97.6500,21.7000,98.9000,0.0000,-1.2500,+21.7000,22.9500,2,3072,461.00,1556.50,50.67,100.00,10,5.5761,11.931,NVIDIA A10,6e3d1db
cifar10,vit_b16,ffn_dla_last2,cls,3,85.0,0.1,20,42,500,2000,bf16,,98.7000,96.6000,,97.6500,21.9000,98.9000,0.0000,-1.2500,+21.9000,23.1500,2,3072,461.00,1557.00,50.68,100.00,0,5.5779,22.798,NVIDIA A10,6e3d1db
cifar10,vit_b16,ffn_dla_last2,cls,3,85.0,0.1,3,42,500,2000,bf16,,98.7000,96.6000,,98.4000,39.5000,98.9000,0.0000,-0.5000,+39.5000,40.0000,2,3072,461.00,1202.50,39.14,45.02,132,4.3079,4.320,NVIDIA A10,6e3d1db
cifar10,vit_b16,ffn_dla_last2,cls,3,85.0,0.1,5,42,500,2000,bf16,,98.7000,96.6000,,97.8500,25.9000,98.9000,0.0000,-1.0500,+25.9000,26.9500,2,3072,461.00,1413.00,46.00,75.03,69,5.0621,6.489,NVIDIA A10,6e3d1db
cifar10,vit_b16,ffn_dla_last2,cls,3,85.0,0.3,1,42,500,2000,bf16,,98.7000,96.6000,,98.3500,79.9000,98.9000,0.0000,-0.5500,+79.9000,80.4500,2,3072,461.00,461.00,15.01,15.01,-1,1.6515,2.079,NVIDIA A10,6e3d1db
cifar10,vit_b16,ffn_dla_last2,cls,3,85.0,0.3,10,42,500,2000,bf16,,98.7000,96.6000,,97.8000,23.5000,98.9000,0.0000,-1.1000,+23.5000,24.6000,2,3072,461.00,1509.50,49.14,100.00,176,5.4078,11.553,NVIDIA A10,6e3d1db
cifar10,vit_b16,ffn_dla_last2,cls,3,85.0,0.3,20,42,500,2000,bf16,,98.7000,96.6000,,97.6500,21.8000,98.9000,0.0000,-1.2500,+21.8000,23.0500,2,3072,461.00,1557.50,50.70,100.00,5,5.5797,22.379,NVIDIA A10,6e3d1db
cifar10,vit_b16,ffn_dla_last2,cls,3,85.0,0.3,3,42,500,2000,bf16,,98.7000,96.6000,,98.7500,57.8000,98.9000,0.0000,-0.1500,+57.8000,57.9500,2,3072,461.00,876.00,28.52,45.02,242,3.1383,4.205,NVIDIA A10,6e3d1db
cifar10,vit_b16,ffn_dla_last2,cls,3,85.0,0.3,5,42,500,2000,bf16,,98.7000,96.6000,,98.4500,44.2000,98.9000,0.0000,-0.4500,+44.2000,44.6500,2,3072,461.00,1198.50,39.01,75.03,327,4.2936,6.298,NVIDIA A10,6e3d1db
cifar10,vit_b16,ffn_dla_last2,cls,3,90.0,0.1,1,42,500,2000,bf16,,98.7000,96.6000,,98.9500,70.9000,98.9000,0.0000,+0.0500,+70.9000,70.9500,2,3072,308.00,308.00,10.03,10.03,-1,1.1034,2.271,NVIDIA A10,6e3d1db
cifar10,vit_b16,ffn_dla_last2,cls,3,90.0,0.1,10,42,500,2000,bf16,,98.7000,96.6000,,97.8000,22.3000,98.9000,0.0000,-1.1000,+22.3000,23.4000,2,3072,308.00,1533.00,49.90,100.00,96,5.4920,13.258,NVIDIA A10,6e3d1db
cifar10,vit_b16,ffn_dla_last2,cls,3,90.0,0.1,20,42,500,2000,bf16,,98.7000,96.6000,,97.6500,21.9000,98.9000,0.0000,-1.2500,+21.9000,23.1500,2,3072,308.00,1558.00,50.72,100.00,0,5.5815,24.965,NVIDIA A10,6e3d1db
cifar10,vit_b16,ffn_dla_last2,cls,3,90.0,0.1,3,42,500,2000,bf16,,98.7000,96.6000,,98.6500,45.6000,98.9000,0.0000,-0.2500,+45.6000,45.8500,2,3072,308.00,897.50,29.22,30.08,22,3.2153,5.183,NVIDIA A10,6e3d1db
cifar10,vit_b16,ffn_dla_last2,cls,3,90.0,0.1,5,42,500,2000,bf16,,98.7000,96.6000,,98.2500,37.5000,98.9000,0.0000,-0.6500,+37.5000,38.1500,2,3072,308.00,1243.00,40.46,50.13,66,4.4530,7.480,NVIDIA A10,6e3d1db
cifar10,vit_b16,ffn_dla_last2,cls,3,90.0,0.3,1,42,500,2000,bf16,,98.7000,96.6000,,98.9000,82.0000,98.9000,0.0000,+0.0000,+82.0000,82.0000,2,3072,308.00,308.00,10.03,10.03,-1,1.1034,2.179,NVIDIA A10,6e3d1db
cifar10,vit_b16,ffn_dla_last2,cls,3,90.0,0.3,10,42,500,2000,bf16,,98.7000,96.6000,,98.1000,30.9000,98.9000,0.0000,-0.8000,+30.9000,31.7000,2,3072,308.00,1338.50,43.57,100.00,137,4.7952,12.872,NVIDIA A10,6e3d1db
cifar10,vit_b16,ffn_dla_last2,cls,3,90.0,0.3,20,42,500,2000,bf16,,98.7000,96.6000,,97.6500,21.7000,98.9000,0.0000,-1.2500,+21.7000,22.9500,2,3072,308.00,1549.00,50.42,100.00,33,5.5493,24.255,NVIDIA A10,6e3d1db
cifar10,vit_b16,ffn_dla_last2,cls,3,90.0,0.3,3,42,500,2000,bf16,,98.7000,96.6000,,98.6500,65.6000,98.9000,0.0000,-0.2500,+65.6000,65.8500,2,3072,308.00,648.50,21.11,30.08,151,2.3232,4.413,NVIDIA A10,6e3d1db
cifar10,vit_b16,ffn_dla_last2,cls,3,90.0,0.3,5,42,500,2000,bf16,,98.7000,96.6000,,98.6000,53.6000,98.9000,0.0000,-0.3000,+53.6000,53.9000,2,3072,308.00,916.00,29.82,50.13,158,3.2816,7.213,NVIDIA A10,6e3d1db
cifar10,vit_b16,ffn_dla_last2,cls,3,95.0,0.1,1,42,500,2000,bf16,,98.7000,96.6000,,99.0500,78.8000,98.9000,0.0000,+0.1500,+78.8000,78.9500,2,3072,154.00,154.00,5.01,5.01,-1,0.5517,2.303,NVIDIA A10,6e3d1db
cifar10,vit_b16,ffn_dla_last2,cls,3,95.0,0.1,10,42,500,2000,bf16,,98.7000,96.6000,,98.2500,36.0000,98.9000,0.0000,-0.6500,+36.0000,36.6500,2,3072,154.00,1238.00,40.30,50.13,13,4.4351,12.702,NVIDIA A10,6e3d1db
cifar10,vit_b16,ffn_dla_last2,cls,3,95.0,0.1,20,42,500,2000,bf16,,98.7000,96.6000,,97.7500,22.4000,98.9000,0.0000,-1.1500,+22.4000,23.5500,2,3072,154.00,1531.50,49.85,100.00,19,5.4866,24.334,NVIDIA A10,6e3d1db
cifar10,vit_b16,ffn_dla_last2,cls,3,95.0,0.1,3,42,500,2000,bf16,,98.7000,96.6000,,98.3000,64.5000,98.9000,0.0000,-0.6000,+64.5000,65.1000,2,3072,154.00,460.00,14.97,15.04,1,1.6479,4.592,NVIDIA A10,6e3d1db
cifar10,vit_b16,ffn_dla_last2,cls,3,95.0,0.1,5,42,500,2000,bf16,,98.7000,96.6000,,98.6000,53.1000,98.9000,0.0000,-0.3000,+53.1000,53.4000,2,3072,154.00,759.00,24.71,25.07,2,2.7191,6.888,NVIDIA A10,6e3d1db
cifar10,vit_b16,ffn_dla_last2,cls,3,95.0,0.3,1,42,500,2000,bf16,,98.7000,96.6000,,99.0000,85.1000,98.9000,0.0000,+0.1000,+85.1000,85.2000,2,3072,154.00,154.00,5.01,5.01,-1,0.5517,2.291,NVIDIA A10,6e3d1db
cifar10,vit_b16,ffn_dla_last2,cls,3,95.0,0.3,10,42,500,2000,bf16,,98.7000,96.6000,,98.6500,52.5000,98.9000,0.0000,-0.2500,+52.5000,52.7500,2,3072,154.00,900.50,29.31,50.13,53,3.2260,13.354,NVIDIA A10,6e3d1db
cifar10,vit_b16,ffn_dla_last2,cls,3,95.0,0.3,20,42,500,2000,bf16,,98.7000,96.6000,,98.0500,29.9000,98.9000,0.0000,-0.8500,+29.9000,30.7500,2,3072,154.00,1333.50,43.41,100.00,53,4.7772,24.955,NVIDIA A10,6e3d1db
cifar10,vit_b16,ffn_dla_last2,cls,3,95.0,0.3,3,42,500,2000,bf16,,98.7000,96.6000,,98.4000,74.1000,98.9000,0.0000,-0.5000,+74.1000,74.6000,2,3072,154.00,372.00,12.11,15.04,61,1.3327,5.194,NVIDIA A10,6e3d1db
cifar10,vit_b16,ffn_dla_last2,cls,3,95.0,0.3,5,42,500,2000,bf16,,98.7000,96.6000,,98.5500,65.9000,98.9000,0.0000,-0.3500,+65.9000,66.2500,2,3072,154.00,551.00,17.94,25.07,56,1.9739,7.518,NVIDIA A10,6e3d1db
cifar10,vit_b16,ffn_dla_last2,cls,5,75.0,0.1,5,42,0,0,fp32,98.2900,98.4667,96.7000,94.3800,97.8778,62.9000,98.7111,0.0000,-0.8333,+62.9000,63.7333,2,3072,768.00,1572.50,51.19,100.00,346,5.6335,243.427,NVIDIA A10,136ed1b
cifar10,vit_b16,ffn_dla_last2,cls,8,75.0,0.1,5,42,0,0,fp32,98.2900,98.2333,98.8000,87.6700,92.3667,45.4000,98.1000,0.0000,-5.7333,+45.4000,51.1333,2,3072,768.00,1553.50,50.57,100.00,292,5.5654,240.703,NVIDIA A10,136ed1b
cifar10,vit_b16,ffn_dla_last4,cls,0,85.0,0.1,5,42,0,0,fp32,98.2900,98.2333,98.8000,84.3000,93.6667,0.0000,98.2778,0.0000,-4.6111,+0.0000,4.6111,4,3072,461.00,1386.75,45.14,75.03,319,9.9360,236.938,NVIDIA L4,67e4a93
cifar10,vit_b16,ffn_dla_last4,cls,2,85.0,0.1,5,42,0,0,fp32,98.2900,98.2444,98.7000,76.8000,85.3333,0.0000,98.4111,0.0000,-13.0778,+0.0000,13.0778,4,3072,461.00,1399.75,45.56,75.03,266,10.0292,229.434,NVIDIA L4,67e4a93
cifar10,vit_b16,ffn_dla_last4,cls,3,75.0,0.1,1,42,500,2000,bf16,,98.7000,96.6000,,98.5500,46.7000,98.9000,0.0000,-0.3500,+46.7000,47.0500,4,3072,768.00,768.00,25.00,25.00,-1,5.5027,2.668,NVIDIA A10,6e3d1db
cifar10,vit_b16,ffn_dla_last4,cls,3,75.0,0.1,10,42,500,2000,bf16,,98.7000,96.6000,,95.9500,0.1000,98.9000,0.0000,-2.9500,+0.1000,3.0500,4,3072,768.00,1528.50,49.76,100.00,220,10.9517,13.378,NVIDIA A10,6e3d1db
cifar10,vit_b16,ffn_dla_last4,cls,3,75.0,0.1,20,42,500,2000,bf16,,98.7000,96.6000,,95.9500,0.1000,98.9000,0.0000,-2.9500,+0.1000,3.0500,4,3072,768.00,1528.50,49.76,100.00,159,10.9517,26.769,NVIDIA A10,6e3d1db
cifar10,vit_b16,ffn_dla_last4,cls,3,75.0,0.1,3,42,500,2000,bf16,,98.7000,96.6000,,98.0000,2.0000,98.9000,0.0000,-0.9000,+2.0000,2.9000,4,3072,768.00,1351.75,44.00,75.00,1086,9.6852,5.357,NVIDIA A10,6e3d1db
cifar10,vit_b16,ffn_dla_last4,cls,3,75.0,0.1,5,42,500,2000,bf16,,98.7000,96.6000,,95.4000,0.2000,98.9000,0.0000,-3.5000,+0.2000,3.7000,4,3072,768.00,1497.25,48.74,100.00,796,10.7278,7.866,NVIDIA A10,6e3d1db
cifar10,vit_b16,ffn_dla_last4,cls,3,75.0,0.3,1,42,500,2000,bf16,,98.7000,96.6000,,98.3000,85.0000,98.9000,0.0000,-0.6000,+85.0000,85.6000,4,3072,768.00,768.00,25.00,25.00,-1,5.5027,2.629,NVIDIA A10,6e3d1db
cifar10,vit_b16,ffn_dla_last4,cls,3,75.0,0.3,10,42,500,2000,bf16,,98.7000,96.6000,,95.5500,0.1000,98.9000,0.0000,-3.3500,+0.1000,3.4500,4,3072,768.00,1511.50,49.20,100.00,472,10.8299,14.162,NVIDIA A10,6e3d1db
cifar10,vit_b16,ffn_dla_last4,cls,3,75.0,0.3,20,42,500,2000,bf16,,98.7000,96.6000,,95.9500,0.1000,98.9000,0.0000,-2.9500,+0.1000,3.0500,4,3072,768.00,1529.00,49.77,100.00,161,10.9552,25.117,NVIDIA A10,6e3d1db
cifar10,vit_b16,ffn_dla_last4,cls,3,75.0,0.3,3,42,500,2000,bf16,,98.7000,96.6000,,97.9500,13.9000,98.9000,0.0000,-0.9500,+13.9000,14.8500,4,3072,768.00,1151.50,37.48,75.00,1595,8.2505,5.286,NVIDIA A10,6e3d1db
cifar10,vit_b16,ffn_dla_last4,cls,3,75.0,0.3,5,42,500,2000,bf16,,98.7000,96.6000,,97.9000,4.9000,98.9000,0.0000,-1.0000,+4.9000,5.9000,4,3072,768.00,1372.25,44.67,100.00,1206,9.8321,7.922,NVIDIA A10,6e3d1db
cifar10,vit_b16,ffn_dla_last4,cls,3,85.0,0.1,1,42,500,2000,bf16,,98.7000,96.6000,,98.2000,54.0000,98.9000,0.0000,-0.7000,+54.0000,54.7000,4,3072,461.00,461.00,15.01,15.01,-1,3.3031,2.218,NVIDIA A10,6e3d1db
cifar10,vit_b16,ffn_dla_last4,cls,3,85.0,0.1,10,42,500,2000,bf16,,98.7000,96.6000,,95.6000,0.1000,98.9000,0.0000,-3.3000,+0.1000,3.4000,4,3072,461.00,1514.00,49.28,100.00,173,10.8478,13.348,NVIDIA A10,6e3d1db
cifar10,vit_b16,ffn_dla_last4,cls,3,85.0,0.1,20,42,500,2000,bf16,,98.7000,96.6000,,95.8000,0.1000,98.9000,0.0000,-3.1000,+0.1000,3.2000,4,3072,461.00,1527.50,49.72,100.00,3,10.9445,25.095,NVIDIA A10,6e3d1db
cifar10,vit_b16,ffn_dla_last4,cls,3,85.0,0.1,3,42,500,2000,bf16,,98.7000,96.6000,,97.9000,7.2000,98.9000,0.0000,-1.0000,+7.2000,8.2000,4,3072,461.00,1106.25,36.01,45.02,359,7.9262,5.137,NVIDIA A10,6e3d1db
cifar10,vit_b16,ffn_dla_last4,cls,3,85.0,0.1,5,42,0,0,fp32,98.2900,98.4778,96.6000,87.8000,97.3778,1.6000,98.8222,0.0000,-1.4444,+1.6000,3.0444,4,3072,461.00,1344.75,43.77,75.03,295,9.6351,231.592,NVIDIA L4,67e4a93
cifar10,vit_b16,ffn_dla_last4,cls,3,85.0,0.1,5,42,500,2000,bf16,,98.7000,96.6000,,97.8500,1.6000,98.9000,0.0000,-1.0500,+1.6000,2.6500,4,3072,461.00,1344.25,43.76,75.03,287,9.6315,7.468,NVIDIA A10,6e3d1db
cifar10,vit_b16,ffn_dla_last4,cls,3,85.0,0.3,1,42,500,2000,bf16,,98.7000,96.6000,,98.1500,78.7000,98.9000,0.0000,-0.7500,+78.7000,79.4500,4,3072,461.00,461.00,15.01,15.01,-1,3.3031,2.637,NVIDIA A10,6e3d1db
cifar10,vit_b16,ffn_dla_last4,cls,3,85.0,0.3,10,42,500,2000,bf16,,98.7000,96.6000,,97.2500,1.4000,98.9000,0.0000,-1.6500,+1.4000,3.0500,4,3072,461.00,1417.00,46.13,100.00,435,10.1528,13.576,NVIDIA A10,6e3d1db
cifar10,vit_b16,ffn_dla_last4,cls,3,85.0,0.3,20,42,500,2000,bf16,,98.7000,96.6000,,95.5000,0.1000,98.9000,0.0000,-3.4000,+0.1000,3.5000,4,3072,461.00,1521.75,49.54,100.00,141,10.9033,25.365,NVIDIA A10,6e3d1db
cifar10,vit_b16,ffn_dla_last4,cls,3,85.0,0.3,3,42,500,2000,bf16,,98.7000,96.6000,,98.2500,49.1000,98.9000,0.0000,-0.6500,+49.1000,49.7500,4,3072,461.00,830.75,27.04,45.02,619,5.9523,4.820,NVIDIA A10,6e3d1db
cifar10,vit_b16,ffn_dla_last4,cls,3,85.0,0.3,5,42,500,2000,bf16,,98.7000,96.6000,,98.1000,10.1000,98.9000,0.0000,-0.8000,+10.1000,10.9000,4,3072,461.00,1120.50,36.47,75.03,748,8.0284,7.001,NVIDIA A10,6e3d1db
cifar10,vit_b16,ffn_dla_last4,cls,3,90.0,0.1,1,42,500,2000,bf16,,98.7000,96.6000,,99.1000,64.8000,98.9000,0.0000,+0.2000,+64.8000,65.0000,4,3072,308.00,308.00,10.03,10.03,-1,2.2068,2.384,NVIDIA A10,6e3d1db
cifar10,vit_b16,ffn_dla_last4,cls,3,90.0,0.1,10,42,500,2000,bf16,,98.7000,96.6000,,96.3500,0.3000,98.9000,0.0000,-2.5500,+0.3000,2.8500,4,3072,308.00,1451.50,47.25,100.00,196,10.4000,13.100,NVIDIA A10,6e3d1db
cifar10,vit_b16,ffn_dla_last4,cls,3,90.0,0.1,20,42,500,2000,bf16,,98.7000,96.6000,,95.7500,0.1000,98.9000,0.0000,-3.1500,+0.1000,3.2500,4,3072,308.00,1526.50,49.69,100.00,45,10.9373,25.099,NVIDIA A10,6e3d1db
cifar10,vit_b16,ffn_dla_last4,cls,3,90.0,0.1,3,42,500,2000,bf16,,98.7000,96.6000,,98.2000,36.6000,98.9000,0.0000,-0.7000,+36.6000,37.3000,4,3072,308.00,839.75,27.34,30.08,106,6.0168,4.773,NVIDIA A10,6e3d1db
cifar10,vit_b16,ffn_dla_last4,cls,3,90.0,0.1,5,42,500,2000,bf16,,98.7000,96.6000,,97.9000,4.8000,98.9000,0.0000,-1.0000,+4.8000,5.8000,4,3072,308.00,1139.25,37.08,50.13,170,8.1627,7.147,NVIDIA A10,6e3d1db
cifar10,vit_b16,ffn_dla_last4,cls,3,90.0,0.3,1,42,500,2000,bf16,,98.7000,96.6000,,99.0000,79.9000,98.9000,0.0000,+0.1000,+79.9000,80.0000,4,3072,308.00,308.00,10.03,10.03,-1,2.2068,2.317,NVIDIA A10,6e3d1db
cifar10,vit_b16,ffn_dla_last4,cls,3,90.0,0.3,10,42,500,2000,bf16,,98.7000,96.6000,,98.0500,5.9000,98.9000,0.0000,-0.8500,+5.9000,6.7500,4,3072,308.00,1245.00,40.53,100.00,308,8.9204,13.832,NVIDIA A10,6e3d1db
cifar10,vit_b16,ffn_dla_last4,cls,3,90.0,0.3,20,42,500,2000,bf16,,98.7000,96.6000,,95.3000,0.1000,98.9000,0.0000,-3.6000,+0.1000,3.7000,4,3072,308.00,1476.25,48.06,100.00,124,10.5773,25.839,NVIDIA A10,6e3d1db
cifar10,vit_b16,ffn_dla_last4,cls,3,90.0,0.3,3,42,500,2000,bf16,,98.7000,96.6000,,98.3000,56.2000,98.9000,0.0000,-0.6000,+56.2000,56.8000,4,3072,308.00,609.75,19.85,30.08,353,4.3688,4.680,NVIDIA A10,6e3d1db
cifar10,vit_b16,ffn_dla_last4,cls,3,90.0,0.3,5,42,500,2000,bf16,,98.7000,96.6000,,98.3500,45.5000,98.9000,0.0000,-0.5500,+45.5000,46.0500,4,3072,308.00,863.00,28.09,50.13,408,6.1834,7.744,NVIDIA A10,6e3d1db
cifar10,vit_b16,ffn_dla_last4,cls,3,95.0,0.1,1,42,500,2000,bf16,,98.7000,96.6000,,99.0500,72.0000,98.9000,0.0000,+0.1500,+72.0000,72.1500,4,3072,154.00,154.00,5.01,5.01,-1,1.1034,2.393,NVIDIA A10,6e3d1db
cifar10,vit_b16,ffn_dla_last4,cls,3,95.0,0.1,10,42,500,2000,bf16,,98.7000,96.6000,,98.0000,4.9000,98.9000,0.0000,-0.9000,+4.9000,5.8000,4,3072,154.00,1127.25,36.69,50.13,64,8.0767,13.365,NVIDIA A10,6e3d1db
cifar10,vit_b16,ffn_dla_last4,cls,3,95.0,0.1,20,42,500,2000,bf16,,98.7000,96.6000,,96.3000,0.3000,98.9000,0.0000,-2.6000,+0.3000,2.9000,4,3072,154.00,1449.75,47.19,100.00,68,10.3874,25.589,NVIDIA A10,6e3d1db
cifar10,vit_b16,ffn_dla_last4,cls,3,95.0,0.1,3,42,500,2000,bf16,,98.7000,96.6000,,98.7000,54.6000,98.9000,0.0000,-0.2000,+54.6000,54.8000,4,3072,154.00,443.50,14.44,15.04,24,3.1777,4.821,NVIDIA A10,6e3d1db
cifar10,vit_b16,ffn_dla_last4,cls,3,95.0,0.1,5,42,500,2000,bf16,,98.7000,96.6000,,98.3000,38.1000,98.9000,0.0000,-0.6000,+38.1000,38.7000,4,3072,154.00,712.25,23.19,25.07,26,5.1033,7.238,NVIDIA A10,6e3d1db
cifar10,vit_b16,ffn_dla_last4,cls,3,95.0,0.3,1,42,500,2000,bf16,,98.7000,96.6000,,99.0000,81.1000,98.9000,0.0000,+0.1000,+81.1000,81.2000,4,3072,154.00,154.00,5.01,5.01,-1,1.1034,3.001,NVIDIA A10,6e3d1db
cifar10,vit_b16,ffn_dla_last4,cls,3,95.0,0.3,10,42,500,2000,bf16,,98.7000,96.6000,,98.3000,42.5000,98.9000,0.0000,-0.6000,+42.5000,43.1000,4,3072,154.00,844.50,27.49,50.13,145,6.0508,13.829,NVIDIA A10,6e3d1db
cifar10,vit_b16,ffn_dla_last4,cls,3,95.0,0.3,20,42,500,2000,bf16,,98.7000,96.6000,,97.9500,5.2000,98.9000,0.0000,-0.9500,+5.2000,6.1500,4,3072,154.00,1236.00,40.23,100.00,140,8.8559,25.959,NVIDIA A10,6e3d1db
cifar10,vit_b16,ffn_dla_last4,cls,3,95.0,0.3,3,42,500,2000,bf16,,98.7000,96.6000,,98.9000,69.2000,98.9000,0.0000,+0.0000,+69.2000,69.2000,4,3072,154.00,356.00,11.59,15.04,118,2.5507,5.391,NVIDIA A10,6e3d1db
cifar10,vit_b16,ffn_dla_last4,cls,3,95.0,0.3,5,42,500,2000,bf16,,98.7000,96.6000,,98.1500,60.8000,98.9000,0.0000,-0.7500,+60.8000,61.5500,4,3072,154.00,518.25,16.87,25.07,139,3.7132,7.789,NVIDIA A10,6e3d1db
cifar10,vit_b16,ffn_dla_last4,cls,5,85.0,0.1,5,42,0,0,fp32,98.2900,98.4667,96.7000,87.7900,96.0556,13.4000,98.7111,0.0000,-2.6556,+13.4000,16.0556,4,3072,461.00,1340.25,43.63,75.03,354,9.6029,227.053,NVIDIA L4,67e4a93
cifar10,vit_b16,ffn_dla_last4,cls,8,85.0,0.1,5,42,0,0,fp32,98.2900,98.2333,98.8000,79.4900,87.2333,9.8000,98.1000,0.0000,-10.8667,+9.8000,20.6667,4,3072,461.00,1334.50,43.44,75.03,350,9.5617,276.463,NVIDIA L4,67e4a93
cifar10,vit_b16,ffn_pos_last4,cls,0,90.0,0.1,10,42,0,0,fp32,98.2900,98.2333,98.8000,94.3700,93.9111,98.5000,98.2778,0.0000,-4.3667,+98.5000,102.8667,4,3072,308.00,990.25,32.23,100.00,386,7.0951,426.405,NVIDIA A10,6e3d1db
cifar10,vit_b16,ffn_pos_last4,cls,2,90.0,0.1,10,42,0,0,fp32,98.2900,98.2444,98.7000,95.5100,95.3889,96.6000,98.4111,0.0000,-3.0222,+96.6000,99.6222,4,3072,308.00,1020.00,33.20,100.00,531,7.3083,425.470,NVIDIA A10,6e3d1db
cifar10,vit_b16,ffn_pos_last4,cls,3,90.0,0.1,1,42,500,2000,bf16,,98.7000,96.6000,,97.2500,84.5000,98.9000,0.0000,-1.6500,+84.5000,86.1500,4,3072,308.00,308.00,10.03,10.03,-1,2.2068,1.212,NVIDIA A10,6e3d1db
cifar10,vit_b16,ffn_pos_last4,cls,3,90.0,0.1,10,42,0,0,fp32,98.2900,98.4778,96.6000,92.6400,95.8556,63.7000,98.8222,0.0000,-2.9667,+63.7000,66.6667,4,3072,308.00,1132.50,36.87,100.00,382,8.1143,417.317,NVIDIA A10,6e3d1db
cifar10,vit_b16,ffn_pos_last4,cls,3,90.0,0.1,10,42,500,2000,bf16,,98.7000,96.6000,,97.1000,79.3000,98.9000,0.0000,-1.8000,+79.3000,81.1000,4,3072,308.00,773.00,25.16,100.00,606,5.5385,12.167,NVIDIA A10,6e3d1db
cifar10,vit_b16,ffn_pos_last4,cls,3,90.0,0.1,20,42,500,2000,bf16,,98.7000,96.6000,,97.2500,80.6000,98.9000,0.0000,-1.6500,+80.6000,82.2500,4,3072,308.00,783.50,25.50,100.00,611,5.6138,24.430,NVIDIA A10,6e3d1db
cifar10,vit_b16,ffn_pos_last4,cls,3,90.0,0.1,3,42,500,2000,bf16,,98.7000,96.6000,,97.3500,82.1000,98.9000,0.0000,-1.5500,+82.1000,83.6500,4,3072,308.00,524.75,17.08,30.08,657,3.7598,3.652,NVIDIA A10,6e3d1db
cifar10,vit_b16,ffn_pos_last4,cls,3,90.0,0.1,5,42,500,2000,bf16,,98.7000,96.6000,,97.7500,85.9000,98.9000,0.0000,-1.1500,+85.9000,87.0500,4,3072,308.00,667.75,21.74,50.13,604,4.7844,6.090,NVIDIA A10,6e3d1db
cifar10,vit_b16,ffn_pos_last4,cls,3,90.0,0.3,1,42,500,2000,bf16,,98.7000,96.6000,,97.7500,88.0000,98.9000,0.0000,-1.1500,+88.0000,89.1500,4,3072,308.00,308.00,10.03,10.03,-1,2.2068,1.823,NVIDIA A10,6e3d1db
cifar10,vit_b16,ffn_pos_last4,cls,3,90.0,0.3,10,42,500,2000,bf16,,98.7000,96.6000,,97.8500,84.4000,98.9000,0.0000,-1.0500,+84.4000,85.4500,4,3072,308.00,712.75,23.20,100.00,603,5.1068,13.040,NVIDIA A10,6e3d1db
cifar10,vit_b16,ffn_pos_last4,cls,3,90.0,0.3,20,42,500,2000,bf16,,98.7000,96.6000,,97.2000,80.7000,98.9000,0.0000,-1.7000,+80.7000,82.4000,4,3072,308.00,781.50,25.44,100.00,612,5.5994,25.353,NVIDIA A10,6e3d1db
cifar10,vit_b16,ffn_pos_last4,cls,3,90.0,0.3,3,42,500,2000,bf16,,98.7000,96.6000,,96.8500,83.3000,98.9000,0.0000,-2.0500,+83.3000,85.3500,4,3072,308.00,454.50,14.79,30.08,824,3.2565,4.338,NVIDIA A10,6e3d1db
cifar10,vit_b16,ffn_pos_last4,cls,3,90.0,0.3,5,42,500,2000,bf16,,98.7000,96.6000,,97.4000,84.9000,98.9000,0.0000,-1.5000,+84.9000,86.4000,4,3072,308.00,563.00,18.33,50.13,671,4.0339,6.827,NVIDIA A10,6e3d1db
cifar10,vit_b16,ffn_pos_last4,cls,3,95.0,0.1,1,42,500,2000,bf16,,98.7000,96.6000,,97.1500,86.7000,98.9000,0.0000,-1.7500,+86.7000,88.4500,4,3072,154.00,154.00,5.01,5.01,-1,1.1034,1.047,NVIDIA A10,6e3d1db
cifar10,vit_b16,ffn_pos_last4,cls,3,95.0,0.1,10,42,500,2000,bf16,,98.7000,96.6000,,97.6000,84.3000,98.9000,0.0000,-1.3000,+84.3000,85.6000,4,3072,154.00,624.00,20.31,50.13,192,4.4709,11.889,NVIDIA A10,6e3d1db
cifar10,vit_b16,ffn_pos_last4,cls,3,95.0,0.1,20,42,500,2000,bf16,,98.7000,96.6000,,97.3000,80.3000,98.9000,0.0000,-1.6000,+80.3000,81.9000,4,3072,154.00,734.25,23.90,100.00,178,5.2609,23.714,NVIDIA A10,6e3d1db
cifar10,vit_b16,ffn_pos_last4,cls,3,95.0,0.1,3,42,500,2000,bf16,,98.7000,96.6000,,97.1500,82.7000,98.9000,0.0000,-1.7500,+82.7000,84.4500,4,3072,154.00,302.75,9.86,15.04,247,2.1692,3.667,NVIDIA A10,6e3d1db
cifar10,vit_b16,ffn_pos_last4,cls,3,95.0,0.1,5,42,500,2000,bf16,,98.7000,96.6000,,97.2000,82.7000,98.9000,0.0000,-1.7000,+82.7000,84.4000,4,3072,154.00,420.50,13.69,25.07,204,3.0129,5.997,NVIDIA A10,6e3d1db
cifar10,vit_b16,ffn_pos_last4,cls,3,95.0,0.3,1,42,500,2000,bf16,,98.7000,96.6000,,97.7500,90.3000,98.9000,0.0000,-1.1500,+90.3000,91.4500,4,3072,154.00,154.00,5.01,5.01,-1,1.1034,1.205,NVIDIA A10,6e3d1db
cifar10,vit_b16,ffn_pos_last4,cls,3,95.0,0.3,10,42,500,2000,bf16,,98.7000,96.6000,,97.4500,84.3000,98.9000,0.0000,-1.4500,+84.3000,85.7500,4,3072,154.00,506.25,16.48,50.13,211,3.6273,12.184,NVIDIA A10,6e3d1db
cifar10,vit_b16,ffn_pos_last4,cls,3,95.0,0.3,20,42,500,2000,bf16,,98.7000,96.6000,,97.8000,84.5000,98.9000,0.0000,-1.1000,+84.5000,85.6000,4,3072,154.00,672.00,21.88,100.00,193,4.8149,24.153,NVIDIA A10,6e3d1db
cifar10,vit_b16,ffn_pos_last4,cls,3,95.0,0.3,3,42,500,2000,bf16,,98.7000,96.6000,,97.4500,84.5000,98.9000,0.0000,-1.4500,+84.5000,85.9500,4,3072,154.00,251.00,8.17,15.04,348,1.7984,3.263,NVIDIA A10,6e3d1db
cifar10,vit_b16,ffn_pos_last4,cls,3,95.0,0.3,5,42,500,2000,bf16,,98.7000,96.6000,,97.2000,83.6000,98.9000,0.0000,-1.7000,+83.6000,85.3000,4,3072,154.00,335.00,10.90,25.07,241,2.4003,5.822,NVIDIA A10,6e3d1db
cifar10,vit_b16,ffn_pos_last4,cls,3,99.0,0.1,1,42,500,2000,bf16,,98.7000,96.6000,,98.6500,90.1000,98.9000,0.0000,-0.2500,+90.1000,90.3500,4,3072,31.00,31.00,1.01,1.01,-1,0.2221,1.172,NVIDIA A10,6e3d1db
cifar10,vit_b16,ffn_pos_last4,cls,3,99.0,0.1,10,42,500,2000,bf16,,98.7000,96.6000,,97.4000,87.5000,98.9000,0.0000,-1.5000,+87.5000,89.0000,4,3072,31.00,210.50,6.85,10.09,0,1.5082,11.833,NVIDIA A10,6e3d1db
cifar10,vit_b16,ffn_pos_last4,cls,3,99.0,0.1,20,42,500,2000,bf16,,98.7000,96.6000,,97.3500,88.6000,98.9000,0.0000,-1.5500,+88.6000,90.1500,4,3072,31.00,353.25,11.50,20.18,1,2.5310,23.662,NVIDIA A10,6e3d1db
cifar10,vit_b16,ffn_pos_last4,cls,3,99.0,0.1,3,42,500,2000,bf16,,98.7000,96.6000,,98.3000,89.5000,98.9000,0.0000,-0.6000,+89.5000,90.1000,4,3072,31.00,77.75,2.53,3.03,3,0.5571,3.556,NVIDIA A10,6e3d1db
cifar10,vit_b16,ffn_pos_last4,cls,3,99.0,0.1,5,42,500,2000,bf16,,98.7000,96.6000,,97.9000,89.5000,98.9000,0.0000,-1.0000,+89.5000,90.5000,4,3072,31.00,122.25,3.98,5.05,0,0.8759,5.936,NVIDIA A10,6e3d1db
cifar10,vit_b16,ffn_pos_last4,cls,3,99.0,0.3,1,42,500,2000,bf16,,98.7000,96.6000,,98.6000,91.2000,98.9000,0.0000,-0.3000,+91.2000,91.5000,4,3072,31.00,31.00,1.01,1.01,-1,0.2221,1.161,NVIDIA A10,6e3d1db
cifar10,vit_b16,ffn_pos_last4,cls,3,99.0,0.3,10,42,500,2000,bf16,,98.7000,96.6000,,97.2500,89.4000,98.9000,0.0000,-1.6500,+89.4000,91.0500,4,3072,31.00,163.00,5.31,10.09,0,1.1679,11.668,NVIDIA A10,6e3d1db
cifar10,vit_b16,ffn_pos_last4,cls,3,99.0,0.3,20,42,500,2000,bf16,,98.7000,96.6000,,97.3000,88.2000,98.9000,0.0000,-1.6000,+88.2000,89.8000,4,3072,31.00,276.00,8.98,20.18,0,1.9775,23.496,NVIDIA A10,6e3d1db
cifar10,vit_b16,ffn_pos_last4,cls,3,99.0,0.3,3,42,500,2000,bf16,,98.7000,96.6000,,98.7500,90.0000,98.9000,0.0000,-0.1500,+90.0000,90.1500,4,3072,31.00,62.00,2.02,3.03,37,0.4442,3.478,NVIDIA A10,6e3d1db
cifar10,vit_b16,ffn_pos_last4,cls,3,99.0,0.3,5,42,500,2000,bf16,,98.7000,96.6000,,98.2500,89.9000,98.9000,0.0000,-0.6500,+89.9000,90.5500,4,3072,31.00,94.00,3.06,5.05,4,0.6735,5.817,NVIDIA A10,6e3d1db
cifar10,vit_b16,ffn_pos_last4,cls,3,99.5,0.1,1,42,500,2000,bf16,,98.7000,96.6000,,98.8500,90.0000,98.9000,0.0000,-0.0500,+90.0000,90.0500,4,3072,16.00,16.00,0.52,0.52,-1,0.1146,1.203,NVIDIA A10,6e3d1db
cifar10,vit_b16,ffn_pos_last4,cls,3,99.5,0.1,10,42,500,2000,bf16,,98.7000,96.6000,,97.9500,89.3000,98.9000,0.0000,-0.9500,+89.3000,90.2500,4,3072,16.00,124.75,4.06,5.21,0,0.8938,12.083,NVIDIA A10,6e3d1db
cifar10,vit_b16,ffn_pos_last4,cls,3,99.5,0.1,20,42,500,2000,bf16,,98.7000,96.6000,,97.3500,87.2000,98.9000,0.0000,-1.5500,+87.2000,88.7500,4,3072,16.00,216.50,7.05,10.42,0,1.5512,24.263,NVIDIA A10,6e3d1db
cifar10,vit_b16,ffn_pos_last4,cls,3,99.5,0.1,3,42,500,2000,bf16,,98.7000,96.6000,,98.7000,90.1000,98.9000,0.0000,-0.2000,+90.1000,90.3000,4,3072,16.00,41.75,1.36,1.56,2,0.2991,3.635,NVIDIA A10,6e3d1db
cifar10,vit_b16,ffn_pos_last4,cls,3,99.5,0.1,5,42,500,2000,bf16,,98.7000,96.6000,,98.3500,89.8000,98.9000,0.0000,-0.5500,+89.8000,90.3500,4,3072,16.00,67.50,2.20,2.60,0,0.4836,6.044,NVIDIA A10,6e3d1db
cifar10,vit_b16,ffn_pos_last4,cls,3,99.5,0.3,1,42,500,2000,bf16,,98.7000,96.6000,,98.8000,90.7000,98.9000,0.0000,-0.1000,+90.7000,90.8000,4,3072,16.00,16.00,0.52,0.52,-1,0.1146,1.493,NVIDIA A10,6e3d1db
cifar10,vit_b16,ffn_pos_last4,cls,3,99.5,0.3,10,42,500,2000,bf16,,98.7000,96.6000,,98.1500,89.9000,98.9000,0.0000,-0.7500,+89.9000,90.6500,4,3072,16.00,96.00,3.12,5.21,0,0.6878,12.480,NVIDIA A10,6e3d1db
cifar10,vit_b16,ffn_pos_last4,cls,3,99.5,0.3,20,42,500,2000,bf16,,98.7000,96.6000,,97.2500,89.4000,98.9000,0.0000,-1.6500,+89.4000,91.0500,4,3072,16.00,167.25,5.44,10.42,0,1.1983,24.698,NVIDIA A10,6e3d1db
cifar10,vit_b16,ffn_pos_last4,cls,3,99.5,0.3,3,42,500,2000,bf16,,98.7000,96.6000,,98.7000,89.7000,98.9000,0.0000,-0.2000,+89.7000,89.9000,4,3072,16.00,32.50,1.06,1.56,16,0.2329,3.921,NVIDIA A10,6e3d1db
cifar10,vit_b16,ffn_pos_last4,cls,3,99.5,0.3,5,42,500,2000,bf16,,98.7000,96.6000,,98.6500,89.8000,98.9000,0.0000,-0.2500,+89.8000,90.0500,4,3072,16.00,51.75,1.68,2.60,0,0.3708,6.359,NVIDIA A10,6e3d1db
cifar10,vit_b16,ffn_pos_last4,cls,5,90.0,0.1,10,42,0,0,fp32,98.2900,98.4667,96.7000,92.9700,92.2333,99.6000,98.7111,0.0000,-6.4778,+99.6000,106.0778,4,3072,308.00,997.25,32.46,100.00,441,7.1453,438.544,NVIDIA A10,6e3d1db
cifar10,vit_b16,ffn_pos_last4,cls,8,90.0,0.1,10,42,0,0,fp32,98.2900,98.2333,98.8000,95.3700,95.0000,98.7000,98.1000,0.0000,-3.1000,+98.7000,101.8000,4,3072,308.00,891.25,29.01,100.00,499,6.3858,375.537,NVIDIA A10,6e3d1db
cifar10,vit_b16,head_dla,cls,0,75.0,0.1,5,42,0,0,fp32,98.2900,98.2333,98.8000,88.4100,98.2333,0.0000,98.2778,0.0000,-0.0444,+0.0000,0.0444,1,768,192.00,533.00,69.40,100.00,0,0.0062,240.546,NVIDIA A10,136ed1b
cifar10,vit_b16,head_dla,cls,2,75.0,0.1,5,42,0,0,fp32,98.2900,98.2444,98.7000,88.4300,98.2111,0.4000,98.4111,0.0000,-0.2000,+0.4000,0.6000,1,768,192.00,553.00,72.01,100.00,0,0.0064,240.215,NVIDIA A10,136ed1b
cifar10,vit_b16,head_dla,cls,3,50.0,0.01,1,42,500,2000,bf16,,98.7000,96.6000,,98.9500,1.2000,98.9000,0.0000,+0.0500,+1.2000,1.2500,1,768,384.00,384.00,50.00,50.00,-1,0.0045,2.457,NVIDIA A10,6e3d1db
cifar10,vit_b16,head_dla,cls,3,50.0,0.01,10,42,500,2000,bf16,,98.7000,96.6000,,98.8000,0.0000,98.9000,0.0000,-0.1000,+0.0000,0.1000,1,768,384.00,591.00,76.95,100.00,177,0.0069,13.515,NVIDIA A10,6e3d1db
cifar10,vit_b16,head_dla,cls,3,50.0,0.01,20,42,500,2000,bf16,,98.7000,96.6000,,98.8000,0.0000,98.9000,0.0000,-0.1000,+0.0000,0.1000,1,768,384.00,591.00,76.95,100.00,177,0.0069,25.725,NVIDIA A10,6e3d1db
cifar10,vit_b16,head_dla,cls,3,50.0,0.01,3,42,500,2000,bf16,,98.7000,96.6000,,98.8000,0.0000,98.9000,0.0000,-0.1000,+0.0000,0.1000,1,768,384.00,591.00,76.95,100.00,177,0.0069,4.906,NVIDIA A10,6e3d1db
cifar10,vit_b16,head_dla,cls,3,50.0,0.01,5,42,500,2000,bf16,,98.7000,96.6000,,98.8000,0.0000,98.9000,0.0000,-0.1000,+0.0000,0.1000,1,768,384.00,591.00,76.95,100.00,177,0.0069,7.362,NVIDIA A10,6e3d1db
cifar10,vit_b16,head_dla,cls,3,50.0,0.1,1,42,500,2000,bf16,,98.7000,96.6000,,99.0000,59.8000,98.9000,0.0000,+0.1000,+59.8000,59.9000,1,768,384.00,384.00,50.00,50.00,-1,0.0045,2.453,NVIDIA A10,6e3d1db
cifar10,vit_b16,head_dla,cls,3,50.0,0.1,10,42,500,2000,bf16,,98.7000,96.6000,,98.8000,0.0000,98.9000,0.0000,-0.1000,+0.0000,0.1000,1,768,384.00,591.00,76.95,100.00,177,0.0069,13.497,NVIDIA A10,6e3d1db
cifar10,vit_b16,head_dla,cls,3,50.0,0.1,20,42,500,2000,bf16,,98.7000,96.6000,,98.8000,0.0000,98.9000,0.0000,-0.1000,+0.0000,0.1000,1,768,384.00,591.00,76.95,100.00,177,0.0069,25.819,NVIDIA A10,6e3d1db
cifar10,vit_b16,head_dla,cls,3,50.0,0.1,3,42,500,2000,bf16,,98.7000,96.6000,,98.8000,0.0000,98.9000,0.0000,-0.1000,+0.0000,0.1000,1,768,384.00,570.00,74.22,100.00,198,0.0066,4.915,NVIDIA A10,6e3d1db
cifar10,vit_b16,head_dla,cls,3,50.0,0.1,5,42,500,2000,bf16,,98.7000,96.6000,,98.8500,0.0000,98.9000,0.0000,-0.0500,+0.0000,0.0500,1,768,384.00,591.00,76.95,100.00,177,0.0069,7.361,NVIDIA A10,6e3d1db
cifar10,vit_b16,head_dla,cls,3,50.0,0.3,1,42,500,2000,bf16,,98.7000,96.6000,,99.0000,87.8000,98.9000,0.0000,+0.1000,+87.8000,87.9000,1,768,384.00,384.00,50.00,50.00,-1,0.0045,2.476,NVIDIA A10,6e3d1db
cifar10,vit_b16,head_dla,cls,3,50.0,0.3,10,42,500,2000,bf16,,98.7000,96.6000,,98.8500,0.0000,98.9000,0.0000,-0.0500,+0.0000,0.0500,1,768,384.00,591.00,76.95,100.00,177,0.0069,13.639,NVIDIA A10,6e3d1db
cifar10,vit_b16,head_dla,cls,3,50.0,0.3,20,42,500,2000,bf16,,98.7000,96.6000,,98.8000,0.0000,98.9000,0.0000,-0.1000,+0.0000,0.1000,1,768,384.00,591.00,76.95,100.00,177,0.0069,25.946,NVIDIA A10,6e3d1db
cifar10,vit_b16,head_dla,cls,3,50.0,0.3,3,42,500,2000,bf16,,98.7000,96.6000,,98.9500,0.6000,98.9000,0.0000,+0.0500,+0.6000,0.6500,1,768,384.00,518.00,67.45,100.00,250,0.0060,4.941,NVIDIA A10,6e3d1db
cifar10,vit_b16,head_dla,cls,3,50.0,0.3,5,42,500,2000,bf16,,98.7000,96.6000,,98.8000,0.0000,98.9000,0.0000,-0.1000,+0.0000,0.1000,1,768,384.00,570.00,74.22,100.00,198,0.0066,7.429,NVIDIA A10,6e3d1db
cifar10,vit_b16,head_dla,cls,3,75.0,0.01,1,42,500,2000,bf16,,98.7000,96.6000,,98.9500,75.4000,98.9000,0.0000,+0.0500,+75.4000,75.4500,1,768,192.00,192.00,25.00,25.00,-1,0.0022,2.410,NVIDIA A10,6e3d1db
cifar10,vit_b16,head_dla,cls,3,75.0,0.01,10,42,500,2000,bf16,,98.7000,96.6000,,98.8000,0.0000,98.9000,0.0000,-0.1000,+0.0000,0.1000,1,768,192.00,591.00,76.95,100.00,0,0.0069,13.347,NVIDIA A10,6e3d1db
cifar10,vit_b16,head_dla,cls,3,75.0,0.01,20,42,500,2000,bf16,,98.7000,96.6000,,98.8000,0.0000,98.9000,0.0000,-0.1000,+0.0000,0.1000,1,768,192.00,591.00,76.95,100.00,0,0.0069,25.702,NVIDIA A10,6e3d1db
cifar10,vit_b16,head_dla,cls,3,75.0,0.01,3,42,500,2000,bf16,,98.7000,96.6000,,98.7000,0.0000,98.9000,0.0000,-0.2000,+0.0000,0.2000,1,768,192.00,539.00,70.18,75.00,0,0.0063,4.866,NVIDIA A10,6e3d1db
cifar10,vit_b16,head_dla,cls,3,75.0,0.01,5,42,500,2000,bf16,,98.7000,96.6000,,98.8000,0.0000,98.9000,0.0000,-0.1000,+0.0000,0.1000,1,768,192.00,585.00,76.17,100.00,0,0.0068,7.280,NVIDIA A10,6e3d1db
cifar10,vit_b16,head_dla,cls,3,75.0,0.1,1,42,500,2000,bf16,,98.7000,96.6000,,98.9000,82.6000,98.9000,0.0000,+0.0000,+82.6000,82.6000,1,768,192.00,192.00,25.00,25.00,-1,0.0022,2.441,NVIDIA A10,6e3d1db
cifar10,vit_b16,head_dla,cls,3,75.0,0.1,10,42,500,2000,bf16,,98.7000,96.6000,,98.8500,0.0000,98.9000,0.0000,-0.0500,+0.0000,0.0500,1,768,192.00,591.00,76.95,100.00,0,0.0069,13.474,NVIDIA A10,6e3d1db
cifar10,vit_b16,head_dla,cls,3,75.0,0.1,20,42,500,2000,bf16,,98.7000,96.6000,,98.8000,0.0000,98.9000,0.0000,-0.1000,+0.0000,0.1000,1,768,192.00,591.00,76.95,100.00,0,0.0069,25.825,NVIDIA A10,6e3d1db
cifar10,vit_b16,head_dla,cls,3,75.0,0.1,3,42,500,2000,bf16,,98.7000,96.6000,,98.9500,1.5000,98.9000,0.0000,+0.0500,+1.5000,1.5500,1,768,192.00,455.00,59.24,75.00,0,0.0053,4.897,NVIDIA A10,6e3d1db
cifar10,vit_b16,head_dla,cls,3,75.0,0.1,5,42,0,0,fp32,98.2900,98.4778,96.6000,88.8700,98.7444,0.0000,98.8222,0.0000,-0.0778,+0.0000,0.0778,1,768,192.00,548.00,71.35,100.00,0,0.0064,240.639,NVIDIA A10,136ed1b
cifar10,vit_b16,head_dla,cls,3,75.0,0.1,5,42,500,2000,bf16,,98.7000,96.6000,,98.9000,0.0000,98.9000,0.0000,+0.0000,+0.0000,0.0000,1,768,192.00,544.00,70.83,100.00,0,0.0063,7.333,NVIDIA A10,6e3d1db
cifar10,vit_b16,head_dla,cls,3,75.0,0.3,1,42,500,2000,bf16,,98.7000,96.6000,,98.8000,89.7000,98.9000,0.0000,-0.1000,+89.7000,89.8000,1,768,192.00,192.00,25.00,25.00,-1,0.0022,2.444,NVIDIA A10,6e3d1db
cifar10,vit_b16,head_dla,cls,3,75.0,0.3,10,42,500,2000,bf16,,98.7000,96.6000,,98.8000,0.0000,98.9000,0.0000,-0.1000,+0.0000,0.1000,1,768,192.00,570.00,74.22,100.00,0,0.0066,13.472,NVIDIA A10,6e3d1db
cifar10,vit_b16,head_dla,cls,3,75.0,0.3,20,42,500,2000,bf16,,98.7000,96.6000,,98.8500,0.0000,98.9000,0.0000,-0.0500,+0.0000,0.0500,1,768,192.00,591.00,76.95,100.00,0,0.0069,25.904,NVIDIA A10,6e3d1db
cifar10,vit_b16,head_dla,cls,3,75.0,0.3,3,42,500,2000,bf16,,98.7000,96.6000,,99.0500,65.9000,98.9000,0.0000,+0.1500,+65.9000,66.0500,1,768,192.00,370.00,48.18,75.00,35,0.0043,4.871,NVIDIA A10,6e3d1db
cifar10,vit_b16,head_dla,cls,3,75.0,0.3,5,42,500,2000,bf16,,98.7000,96.6000,,98.9500,2.9000,98.9000,0.0000,+0.0500,+2.9000,2.9500,1,768,192.00,481.00,62.63,100.00,0,0.0056,7.314,NVIDIA A10,6e3d1db
cifar10,vit_b16,head_dla,cls,3,85.0,0.01,1,42,500,2000,bf16,,98.7000,96.6000,,98.8500,86.8000,98.9000,0.0000,-0.0500,+86.8000,86.8500,1,768,116.00,116.00,15.10,15.10,-1,0.0014,2.452,NVIDIA A10,6e3d1db
cifar10,vit_b16,head_dla,cls,3,85.0,0.01,10,42,500,2000,bf16,,98.7000,96.6000,,98.8000,0.0000,98.9000,0.0000,-0.1000,+0.0000,0.1000,1,768,116.00,591.00,76.95,100.00,0,0.0069,13.515,NVIDIA A10,6e3d1db
cifar10,vit_b16,head_dla,cls,3,85.0,0.01,20,42,500,2000,bf16,,98.7000,96.6000,,98.8000,0.0000,98.9000,0.0000,-0.1000,+0.0000,0.1000,1,768,116.00,591.00,76.95,100.00,0,0.0069,25.863,NVIDIA A10,6e3d1db
cifar10,vit_b16,head_dla,cls,3,85.0,0.01,3,42,500,2000,bf16,,98.7000,96.6000,,99.0000,4.5000,98.9000,0.0000,+0.1000,+4.5000,4.6000,1,768,116.00,348.00,45.31,45.31,0,0.0041,4.875,NVIDIA A10,6e3d1db
cifar10,vit_b16,head_dla,cls,3,85.0,0.01,5,42,500,2000,bf16,,98.7000,96.6000,,98.7000,0.0000,98.9000,0.0000,-0.2000,+0.0000,0.2000,1,768,116.00,541.00,70.44,75.52,0,0.0063,7.334,NVIDIA A10,6e3d1db
cifar10,vit_b16,head_dla,cls,3,85.0,0.1,1,42,500,2000,bf16,,98.7000,96.6000,,98.8500,88.4000,98.9000,0.0000,-0.0500,+88.4000,88.4500,1,768,116.00,116.00,15.10,15.10,-1,0.0014,2.459,NVIDIA A10,6e3d1db
cifar10,vit_b16,head_dla,cls,3,85.0,0.1,10,42,500,2000,bf16,,98.7000,96.6000,,98.8500,0.0000,98.9000,0.0000,-0.0500,+0.0000,0.0500,1,768,116.00,570.00,74.22,100.00,0,0.0066,13.573,NVIDIA A10,6e3d1db
cifar10,vit_b16,head_dla,cls,3,85.0,0.1,20,42,500,2000,bf16,,98.7000,96.6000,,98.8000,0.0000,98.9000,0.0000,-0.1000,+0.0000,0.1000,1,768,116.00,591.00,76.95,100.00,0,0.0069,25.886,NVIDIA A10,6e3d1db
cifar10,vit_b16,head_dla,cls,3,85.0,0.1,3,42,500,2000,bf16,,98.7000,96.6000,,99.0000,62.6000,98.9000,0.0000,+0.1000,+62.6000,62.7000,1,768,116.00,320.00,41.67,45.31,0,0.0037,4.927,NVIDIA A10,6e3d1db
cifar10,vit_b16,head_dla,cls,3,85.0,0.1,5,42,500,2000,bf16,,98.7000,96.6000,,98.9500,1.5000,98.9000,0.0000,+0.0500,+1.5000,1.5500,1,768,116.00,459.00,59.77,75.52,0,0.0053,7.392,NVIDIA A10,6e3d1db
cifar10,vit_b16,head_dla,cls,3,85.0,0.3,1,42,500,2000,bf16,,98.7000,96.6000,,98.7500,92.0000,98.9000,0.0000,-0.1500,+92.0000,92.1500,1,768,116.00,116.00,15.10,15.10,-1,0.0014,2.436,NVIDIA A10,6e3d1db
cifar10,vit_b16,head_dla,cls,3,85.0,0.3,10,42,500,2000,bf16,,98.7000,96.6000,,98.9500,0.5000,98.9000,0.0000,+0.0500,+0.5000,0.5500,1,768,116.00,511.00,66.54,100.00,0,0.0060,13.564,NVIDIA A10,6e3d1db
cifar10,vit_b16,head_dla,cls,3,85.0,0.3,20,42,500,2000,bf16,,98.7000,96.6000,,98.8000,0.0000,98.9000,0.0000,-0.1000,+0.0000,0.1000,1,768,116.00,581.00,75.65,100.00,0,0.0068,25.910,NVIDIA A10,6e3d1db
cifar10,vit_b16,head_dla,cls,3,85.0,0.3,3,42,500,2000,bf16,,98.7000,96.6000,,99.0000,81.2000,98.9000,0.0000,+0.1000,+81.2000,81.3000,1,768,116.00,258.00,33.59,45.31,4,0.0030,4.904,NVIDIA A10,6e3d1db
cifar10,vit_b16,head_dla,cls,3,85.0,0.3,5,42,500,2000,bf16,,98.7000,96.6000,,99.0500,65.3000,98.9000,0.0000,+0.1500,+65.3000,65.4500,1,768,116.00,371.00,48.31,75.52,0,0.0043,7.367,NVIDIA A10,6e3d1db
cifar10,vit_b16,head_dla,cls,3,90.0,0.01,1,42,500,2000,bf16,,98.7000,96.6000,,98.8500,90.2000,98.9000,0.0000,-0.0500,+90.2000,90.2500,1,768,77.00,77.00,10.03,10.03,-1,0.0009,2.472,NVIDIA A10,6e3d1db
cifar10,vit_b16,head_dla,cls,3,90.0,0.01,10,42,500,2000,bf16,,98.7000,96.6000,,98.8000,0.0000,98.9000,0.0000,-0.1000,+0.0000,0.1000,1,768,77.00,576.00,75.00,100.00,0,0.0067,13.566,NVIDIA A10,6e3d1db
cifar10,vit_b16,head_dla,cls,3,90.0,0.01,20,42,500,2000,bf16,,98.7000,96.6000,,98.8000,0.0000,98.9000,0.0000,-0.1000,+0.0000,0.1000,1,768,77.00,591.00,76.95,100.00,0,0.0069,25.875,NVIDIA A10,6e3d1db
cifar10,vit_b16,head_dla,cls,3,90.0,0.01,3,42,500,2000,bf16,,98.7000,96.6000,,99.0000,65.8000,98.9000,0.0000,+0.1000,+65.8000,65.9000,1,768,77.00,231.00,30.08,30.08,0,0.0027,4.953,NVIDIA A10,6e3d1db
cifar10,vit_b16,head_dla,cls,3,90.0,0.01,5,42,500,2000,bf16,,98.7000,96.6000,,98.9500,1.1000,98.9000,0.0000,+0.0500,+1.1000,1.1500,1,768,77.00,385.00,50.13,50.13,0,0.0045,7.420,NVIDIA A10,6e3d1db
cifar10,vit_b16,head_dla,cls,3,90.0,0.1,1,42,500,2000,bf16,,98.7000,96.6000,,98.8000,91.3000,98.9000,0.0000,-0.1000,+91.3000,91.4000,1,768,77.00,77.00,10.03,10.03,-1,0.0009,2.460,NVIDIA A10,6e3d1db
cifar10,vit_b16,head_dla,cls,3,90.0,0.1,10,42,500,2000,bf16,,98.7000,96.6000,,98.8500,0.0000,98.9000,0.0000,-0.0500,+0.0000,0.0500,1,768,77.00,519.00,67.58,100.00,0,0.0060,13.640,NVIDIA A10,6e3d1db
cifar10,vit_b16,head_dla,cls,3,90.0,0.1,20,42,500,2000,bf16,,98.7000,96.6000,,98.8000,0.0000,98.9000,0.0000,-0.1000,+0.0000,0.1000,1,768,77.00,585.00,76.17,100.00,0,0.0068,25.960,NVIDIA A10,6e3d1db
cifar10,vit_b16,head_dla,cls,3,90.0,0.1,3,42,500,2000,bf16,,98.7000,96.6000,,99.0000,78.5000,98.9000,0.0000,+0.1000,+78.5000,78.6000,1,768,77.00,229.00,29.82,30.08,0,0.0027,4.932,NVIDIA A10,6e3d1db
cifar10,vit_b16,head_dla,cls,3,90.0,0.1,5,42,500,2000,bf16,,98.7000,96.6000,,99.1000,52.7000,98.9000,0.0000,+0.2000,+52.7000,52.9000,1,768,77.00,351.00,45.70,50.13,0,0.0041,7.435,NVIDIA A10,6e3d1db
cifar10,vit_b16,head_dla,cls,3,90.0,0.3,1,42,500,2000,bf16,,98.7000,96.6000,,98.7500,93.4000,98.9000,0.0000,-0.1500,+93.4000,93.5500,1,768,77.00,77.00,10.03,10.03,-1,0.0009,2.459,NVIDIA A10,6e3d1db
cifar10,vit_b16,head_dla,cls,3,90.0,0.3,10,42,500,2000,bf16,,98.7000,96.6000,,98.9500,33.7000,98.9000,0.0000,+0.0500,+33.7000,33.7500,1,768,77.00,434.00,56.51,100.00,0,0.0051,13.510,NVIDIA A10,6e3d1db
cifar10,vit_b16,head_dla,cls,3,90.0,0.3,20,42,500,2000,bf16,,98.7000,96.6000,,98.9000,0.0000,98.9000,0.0000,+0.0000,+0.0000,0.0000,1,768,77.00,537.00,69.92,100.00,0,0.0063,25.874,NVIDIA A10,6e3d1db
cifar10,vit_b16,head_dla,cls,3,90.0,0.3,3,42,500,2000,bf16,,98.7000,96.6000,,98.8500,86.8000,98.9000,0.0000,-0.0500,+86.8000,86.8500,1,768,77.00,191.00,24.87,30.08,0,0.0022,4.910,NVIDIA A10,6e3d1db
cifar10,vit_b16,head_dla,cls,3,90.0,0.3,5,42,500,2000,bf16,,98.7000,96.6000,,99.0000,79.4000,98.9000,0.0000,+0.1000,+79.4000,79.5000,1,768,77.00,281.00,36.59,50.13,0,0.0033,7.353,NVIDIA A10,6e3d1db
cifar10,vit_b16,head_dla,cls,5,75.0,0.1,5,42,0,0,fp32,98.2900,98.4667,96.7000,88.7000,98.5333,0.2000,98.7111,0.0000,-0.1778,+0.2000,0.3778,1,768,192.00,562.00,73.18,100.00,0,0.0065,236.364,NVIDIA A10,136ed1b
cifar10,vit_b16,head_dla,cls,8,75.0,0.1,5,42,0,0,fp32,98.2900,98.2333,98.8000,88.2800,98.0889,0.0000,98.1000,0.0000,-0.0111,+0.0000,0.0111,1,768,192.00,553.00,72.01,100.00,0,0.0064,239.277,NVIDIA A10,136ed1b
