dataset,arch,forget_class,method,config,relearn_m,retain_per_step,step,seed,lr,d_f,d_r,d_f_at_step0,baseline_d_f,recovery_pct,eval_retain_n,eval_dtype,eval_device,git_commit
cifar10,vit_b16,0,gold,retrain,25,4.0,0,42,0.0005,0.0000,98.2000,0.0000,98.7000,0.00,2000,bf16,NVIDIA A10,136ed1b
cifar10,vit_b16,0,gold,retrain,25,4.0,0,42,0.01,0.0000,98.2000,0.0000,98.8000,0.00,2000,bf16,NVIDIA L4,136ed1b
cifar10,vit_b16,0,gold,retrain,25,4.0,1,42,0.0005,0.0000,98.2000,0.0000,98.7000,0.00,2000,bf16,NVIDIA A10,136ed1b
cifar10,vit_b16,0,gold,retrain,25,4.0,1,42,0.01,0.0000,97.7500,0.0000,98.8000,0.00,2000,bf16,NVIDIA L4,136ed1b
cifar10,vit_b16,0,gold,retrain,25,4.0,10,42,0.0005,17.8000,97.5500,0.0000,98.7000,18.03,2000,bf16,NVIDIA A10,136ed1b
cifar10,vit_b16,0,gold,retrain,25,4.0,10,42,0.01,79.2000,85.9500,0.0000,98.8000,80.16,2000,bf16,NVIDIA L4,136ed1b
cifar10,vit_b16,0,gold,retrain,25,4.0,2,42,0.0005,0.0000,98.1500,0.0000,98.7000,0.00,2000,bf16,NVIDIA A10,136ed1b
cifar10,vit_b16,0,gold,retrain,25,4.0,2,42,0.01,63.8000,96.2000,0.0000,98.8000,64.57,2000,bf16,NVIDIA L4,136ed1b
cifar10,vit_b16,0,gold,retrain,25,4.0,20,42,0.0005,96.9000,96.3000,0.0000,98.7000,98.18,2000,bf16,NVIDIA A10,136ed1b
cifar10,vit_b16,0,gold,retrain,25,4.0,20,42,0.01,94.6000,84.0000,0.0000,98.8000,95.75,2000,bf16,NVIDIA L4,136ed1b
cifar10,vit_b16,0,gold,retrain,25,4.0,5,42,0.0005,0.0000,98.0500,0.0000,98.7000,0.00,2000,bf16,NVIDIA A10,136ed1b
cifar10,vit_b16,0,gold,retrain,25,4.0,5,42,0.01,99.8000,78.8000,0.0000,98.8000,101.01,2000,bf16,NVIDIA L4,136ed1b
cifar10,vit_b16,0,gold,retrain,25,4.0,50,42,0.0005,99.1000,95.4000,0.0000,98.7000,100.41,2000,bf16,NVIDIA A10,136ed1b
cifar10,vit_b16,0,gold,retrain,25,4.0,50,42,0.01,93.0000,84.6500,0.0000,98.8000,94.13,2000,bf16,NVIDIA L4,136ed1b
cifar10,vit_b16,0,gold,retrain,5,4.0,0,42,0.0005,0.0000,98.2000,0.0000,98.7000,0.00,2000,bf16,NVIDIA A10,136ed1b
cifar10,vit_b16,0,gold,retrain,5,4.0,0,42,0.01,0.0000,98.2000,0.0000,98.8000,0.00,2000,bf16,NVIDIA L4,136ed1b
cifar10,vit_b16,0,gold,retrain,5,4.0,1,42,0.0005,0.0000,98.2000,0.0000,98.7000,0.00,2000,bf16,NVIDIA A10,136ed1b
cifar10,vit_b16,0,gold,retrain,5,4.0,1,42,0.01,0.0000,97.1500,0.0000,98.8000,0.00,2000,bf16,NVIDIA L4,136ed1b
cifar10,vit_b16,0,gold,retrain,5,4.0,10,42,0.0005,22.2000,97.4500,0.0000,98.7000,22.49,2000,bf16,NVIDIA A10,136ed1b
cifar10,vit_b16,0,gold,retrain,5,4.0,10,42,0.01,33.5000,16.1500,0.0000,98.8000,33.91,2000,bf16,NVIDIA L4,136ed1b
cifar10,vit_b16,0,gold,retrain,5,4.0,2,42,0.0005,0.0000,98.1000,0.0000,98.7000,0.00,2000,bf16,NVIDIA A10,136ed1b
cifar10,vit_b16,0,gold,retrain,5,4.0,2,42,0.01,68.8000,94.2500,0.0000,98.8000,69.64,2000,bf16,NVIDIA L4,136ed1b
cifar10,vit_b16,0,gold,retrain,5,4.0,20,42,0.0005,82.6000,96.4500,0.0000,98.7000,83.69,2000,bf16,NVIDIA A10,136ed1b
cifar10,vit_b16,0,gold,retrain,5,4.0,20,42,0.01,44.4000,16.7500,0.0000,98.8000,44.94,2000,bf16,NVIDIA L4,136ed1b
cifar10,vit_b16,0,gold,retrain,5,4.0,5,42,0.0005,0.0000,97.9000,0.0000,98.7000,0.00,2000,bf16,NVIDIA A10,136ed1b
cifar10,vit_b16,0,gold,retrain,5,4.0,5,42,0.01,0.1000,10.7500,0.0000,98.8000,0.10,2000,bf16,NVIDIA L4,136ed1b
cifar10,vit_b16,0,gold,retrain,5,4.0,50,42,0.0005,94.5000,95.3500,0.0000,98.7000,95.74,2000,bf16,NVIDIA A10,136ed1b
cifar10,vit_b16,0,gold,retrain,5,4.0,50,42,0.01,43.0000,16.6500,0.0000,98.8000,43.52,2000,bf16,NVIDIA L4,136ed1b
cifar10,vit_b16,0,ssd,a5.0_l0.1_b128,25,4.0,0,42,0.0005,43.5000,97.9500,43.5000,98.7000,44.07,2000,bf16,NVIDIA A10,136ed1b
cifar10,vit_b16,0,ssd,a5.0_l0.1_b128,25,4.0,0,42,0.01,43.5000,97.9000,43.5000,98.8000,44.03,2000,bf16,NVIDIA L4,136ed1b
cifar10,vit_b16,0,ssd,a5.0_l0.1_b128,25,4.0,1,42,0.0005,45.8000,97.9500,43.5000,98.7000,46.40,2000,bf16,NVIDIA A10,136ed1b
cifar10,vit_b16,0,ssd,a5.0_l0.1_b128,25,4.0,1,42,0.01,82.7000,98.1500,43.5000,98.8000,83.70,2000,bf16,NVIDIA L4,136ed1b
cifar10,vit_b16,0,ssd,a5.0_l0.1_b128,25,4.0,10,42,0.0005,90.7000,98.1000,43.5000,98.7000,91.89,2000,bf16,NVIDIA A10,136ed1b
cifar10,vit_b16,0,ssd,a5.0_l0.1_b128,25,4.0,10,42,0.01,98.1000,90.8000,43.5000,98.8000,99.29,2000,bf16,NVIDIA L4,136ed1b
cifar10,vit_b16,0,ssd,a5.0_l0.1_b128,25,4.0,2,42,0.0005,50.5000,97.9500,43.5000,98.7000,51.17,2000,bf16,NVIDIA A10,136ed1b
cifar10,vit_b16,0,ssd,a5.0_l0.1_b128,25,4.0,2,42,0.01,98.0000,97.8000,43.5000,98.8000,99.19,2000,bf16,NVIDIA L4,136ed1b
cifar10,vit_b16,0,ssd,a5.0_l0.1_b128,25,4.0,20,42,0.0005,99.4000,97.3000,43.5000,98.7000,100.71,2000,bf16,NVIDIA A10,136ed1b
cifar10,vit_b16,0,ssd,a5.0_l0.1_b128,25,4.0,20,42,0.01,97.9000,90.8000,43.5000,98.8000,99.09,2000,bf16,NVIDIA L4,136ed1b
cifar10,vit_b16,0,ssd,a5.0_l0.1_b128,25,4.0,5,42,0.0005,70.2000,98.1000,43.5000,98.7000,71.12,2000,bf16,NVIDIA A10,136ed1b
cifar10,vit_b16,0,ssd,a5.0_l0.1_b128,25,4.0,5,42,0.01,100.0000,90.4000,43.5000,98.8000,101.21,2000,bf16,NVIDIA L4,136ed1b
cifar10,vit_b16,0,ssd,a5.0_l0.1_b128,25,4.0,50,42,0.0005,99.3000,96.8500,43.5000,98.7000,100.61,2000,bf16,NVIDIA A10,136ed1b
cifar10,vit_b16,0,ssd,a5.0_l0.1_b128,25,4.0,50,42,0.01,98.5000,91.9000,43.5000,98.8000,99.70,2000,bf16,NVIDIA L4,136ed1b
cifar10,vit_b16,0,ssd,a5.0_l0.1_b128,5,4.0,0,42,0.0005,43.5000,97.9500,43.5000,98.7000,44.07,2000,bf16,NVIDIA A10,136ed1b
cifar10,vit_b16,0,ssd,a5.0_l0.1_b128,5,4.0,0,42,0.01,43.5000,97.9000,43.5000,98.8000,44.03,2000,bf16,NVIDIA L4,136ed1b
cifar10,vit_b16,0,ssd,a5.0_l0.1_b128,5,4.0,1,42,0.0005,46.6000,97.9500,43.5000,98.7000,47.21,2000,bf16,NVIDIA A10,136ed1b
cifar10,vit_b16,0,ssd,a5.0_l0.1_b128,5,4.0,1,42,0.01,84.8000,97.6500,43.5000,98.8000,85.83,2000,bf16,NVIDIA L4,136ed1b
cifar10,vit_b16,0,ssd,a5.0_l0.1_b128,5,4.0,10,42,0.0005,86.0000,98.0500,43.5000,98.7000,87.13,2000,bf16,NVIDIA A10,136ed1b
cifar10,vit_b16,0,ssd,a5.0_l0.1_b128,5,4.0,10,42,0.01,98.9000,70.0000,43.5000,98.8000,100.10,2000,bf16,NVIDIA L4,136ed1b
cifar10,vit_b16,0,ssd,a5.0_l0.1_b128,5,4.0,2,42,0.0005,52.2000,98.0000,43.5000,98.7000,52.89,2000,bf16,NVIDIA A10,136ed1b
cifar10,vit_b16,0,ssd,a5.0_l0.1_b128,5,4.0,2,42,0.01,94.9000,96.0500,43.5000,98.8000,96.05,2000,bf16,NVIDIA L4,136ed1b
cifar10,vit_b16,0,ssd,a5.0_l0.1_b128,5,4.0,20,42,0.0005,96.4000,97.6000,43.5000,98.7000,97.67,2000,bf16,NVIDIA A10,136ed1b
cifar10,vit_b16,0,ssd,a5.0_l0.1_b128,5,4.0,20,42,0.01,96.2000,67.0000,43.5000,98.8000,97.37,2000,bf16,NVIDIA L4,136ed1b
cifar10,vit_b16,0,ssd,a5.0_l0.1_b128,5,4.0,5,42,0.0005,70.3000,98.0000,43.5000,98.7000,71.23,2000,bf16,NVIDIA A10,136ed1b
cifar10,vit_b16,0,ssd,a5.0_l0.1_b128,5,4.0,5,42,0.01,99.1000,80.9500,43.5000,98.8000,100.30,2000,bf16,NVIDIA L4,136ed1b
cifar10,vit_b16,0,ssd,a5.0_l0.1_b128,5,4.0,50,42,0.0005,98.6000,96.5000,43.5000,98.7000,99.90,2000,bf16,NVIDIA A10,136ed1b
cifar10,vit_b16,0,ssd,a5.0_l0.1_b128,5,4.0,50,42,0.01,93.9000,65.3000,43.5000,98.8000,95.04,2000,bf16,NVIDIA L4,136ed1b
cifar10,vit_b16,0,unact,ffn_dla_last4_p85.0_g0.1_k5,25,4.0,0,42,0.0005,0.0000,94.1000,0.0000,98.7000,0.00,2000,bf16,NVIDIA A10,136ed1b
cifar10,vit_b16,0,unact,ffn_dla_last4_p85.0_g0.1_k5,25,4.0,0,42,0.01,0.0000,94.0500,0.0000,98.8000,0.00,2000,bf16,NVIDIA L4,136ed1b
cifar10,vit_b16,0,unact,ffn_dla_last4_p85.0_g0.1_k5,25,4.0,1,42,0.0005,0.0000,94.8500,0.0000,98.7000,0.00,2000,bf16,NVIDIA A10,136ed1b
cifar10,vit_b16,0,unact,ffn_dla_last4_p85.0_g0.1_k5,25,4.0,1,42,0.01,96.8000,95.8000,0.0000,98.8000,97.98,2000,bf16,NVIDIA L4,136ed1b
cifar10,vit_b16,0,unact,ffn_dla_last4_p85.0_g0.1_k5,25,4.0,10,42,0.0005,99.9000,91.8500,0.0000,98.7000,101.22,2000,bf16,NVIDIA A10,136ed1b
cifar10,vit_b16,0,unact,ffn_dla_last4_p85.0_g0.1_k5,25,4.0,10,42,0.01,93.9000,89.7500,0.0000,98.8000,95.04,2000,bf16,NVIDIA L4,136ed1b
cifar10,vit_b16,0,unact,ffn_dla_last4_p85.0_g0.1_k5,25,4.0,2,42,0.0005,1.4000,95.6500,0.0000,98.7000,1.42,2000,bf16,NVIDIA A10,136ed1b
cifar10,vit_b16,0,unact,ffn_dla_last4_p85.0_g0.1_k5,25,4.0,2,42,0.01,100.0000,73.5500,0.0000,98.8000,101.21,2000,bf16,NVIDIA L4,136ed1b
cifar10,vit_b16,0,unact,ffn_dla_last4_p85.0_g0.1_k5,25,4.0,20,42,0.0005,99.7000,92.4500,0.0000,98.7000,101.01,2000,bf16,NVIDIA A10,136ed1b
cifar10,vit_b16,0,unact,ffn_dla_last4_p85.0_g0.1_k5,25,4.0,20,42,0.01,98.9000,87.8500,0.0000,98.8000,100.10,2000,bf16,NVIDIA L4,136ed1b
cifar10,vit_b16,0,unact,ffn_dla_last4_p85.0_g0.1_k5,25,4.0,5,42,0.0005,74.2000,96.8000,0.0000,98.7000,75.18,2000,bf16,NVIDIA A10,136ed1b
cifar10,vit_b16,0,unact,ffn_dla_last4_p85.0_g0.1_k5,25,4.0,5,42,0.01,94.7000,89.5500,0.0000,98.8000,95.85,2000,bf16,NVIDIA L4,136ed1b
cifar10,vit_b16,0,unact,ffn_dla_last4_p85.0_g0.1_k5,25,4.0,50,42,0.0005,98.2000,95.1000,0.0000,98.7000,99.49,2000,bf16,NVIDIA A10,136ed1b
cifar10,vit_b16,0,unact,ffn_dla_last4_p85.0_g0.1_k5,25,4.0,50,42,0.01,96.6000,89.9000,0.0000,98.8000,97.77,2000,bf16,NVIDIA L4,136ed1b
cifar10,vit_b16,0,unact,ffn_dla_last4_p85.0_g0.1_k5,5,4.0,0,42,0.0005,0.0000,94.1000,0.0000,98.7000,0.00,2000,bf16,NVIDIA A10,136ed1b
cifar10,vit_b16,0,unact,ffn_dla_last4_p85.0_g0.1_k5,5,4.0,0,42,0.01,0.0000,94.0500,0.0000,98.8000,0.00,2000,bf16,NVIDIA L4,136ed1b
cifar10,vit_b16,0,unact,ffn_dla_last4_p85.0_g0.1_k5,5,4.0,1,42,0.0005,0.0000,94.8500,0.0000,98.7000,0.00,2000,bf16,NVIDIA A10,136ed1b
cifar10,vit_b16,0,unact,ffn_dla_last4_p85.0_g0.1_k5,5,4.0,1,42,0.01,95.9000,95.4000,0.0000,98.8000,97.06,2000,bf16,NVIDIA L4,136ed1b
cifar10,vit_b16,0,unact,ffn_dla_last4_p85.0_g0.1_k5,5,4.0,10,42,0.0005,99.0000,93.1500,0.0000,98.7000,100.30,2000,bf16,NVIDIA A10,136ed1b
cifar10,vit_b16,0,unact,ffn_dla_last4_p85.0_g0.1_k5,5,4.0,10,42,0.01,85.9000,47.5500,0.0000,98.8000,86.94,2000,bf16,NVIDIA L4,136ed1b
cifar10,vit_b16,0,unact,ffn_dla_last4_p85.0_g0.1_k5,5,4.0,2,42,0.0005,1.6000,95.3500,0.0000,98.7000,1.62,2000,bf16,NVIDIA A10,136ed1b
cifar10,vit_b16,0,unact,ffn_dla_last4_p85.0_g0.1_k5,5,4.0,2,42,0.01,100.0000,64.6500,0.0000,98.8000,101.21,2000,bf16,NVIDIA L4,136ed1b
cifar10,vit_b16,0,unact,ffn_dla_last4_p85.0_g0.1_k5,5,4.0,20,42,0.0005,99.8000,84.6500,0.0000,98.7000,101.11,2000,bf16,NVIDIA A10,136ed1b
cifar10,vit_b16,0,unact,ffn_dla_last4_p85.0_g0.1_k5,5,4.0,20,42,0.01,81.4000,37.2000,0.0000,98.8000,82.39,2000,bf16,NVIDIA L4,136ed1b
cifar10,vit_b16,0,unact,ffn_dla_last4_p85.0_g0.1_k5,5,4.0,5,42,0.0005,75.8000,96.8000,0.0000,98.7000,76.80,2000,bf16,NVIDIA A10,136ed1b
cifar10,vit_b16,0,unact,ffn_dla_last4_p85.0_g0.1_k5,5,4.0,5,42,0.01,74.4000,70.9000,0.0000,98.8000,75.30,2000,bf16,NVIDIA L4,136ed1b
cifar10,vit_b16,0,unact,ffn_dla_last4_p85.0_g0.1_k5,5,4.0,50,42,0.0005,99.5000,90.7500,0.0000,98.7000,100.81,2000,bf16,NVIDIA A10,136ed1b
cifar10,vit_b16,0,unact,ffn_dla_last4_p85.0_g0.1_k5,5,4.0,50,42,0.01,79.6000,35.2500,0.0000,98.8000,80.57,2000,bf16,NVIDIA L4,136ed1b
cifar10,vit_b16,2,gold,retrain,25,4.0,0,42,0.0005,0.0000,98.3500,0.0000,98.8000,0.00,2000,bf16,NVIDIA A10,136ed1b
cifar10,vit_b16,2,gold,retrain,25,4.0,0,42,0.01,0.0000,98.3000,0.0000,98.7000,0.00,2000,bf16,NVIDIA L4,136ed1b
cifar10,vit_b16,2,gold,retrain,25,4.0,1,42,0.0005,0.0000,98.3000,0.0000,98.8000,0.00,2000,bf16,NVIDIA A10,136ed1b
cifar10,vit_b16,2,gold,retrain,25,4.0,1,42,0.01,0.0000,97.3000,0.0000,98.7000,0.00,2000,bf16,NVIDIA L4,136ed1b
cifar10,vit_b16,2,gold,retrain,25,4.0,10,42,0.0005,42.2000,97.0500,0.0000,98.8000,42.71,2000,bf16,NVIDIA A10,136ed1b
cifar10,vit_b16,2,gold,retrain,25,4.0,10,42,0.01,90.9000,88.4000,0.0000,98.7000,92.10,2000,bf16,NVIDIA L4,136ed1b
cifar10,vit_b16,2,gold,retrain,25,4.0,2,42,0.0005,0.0000,98.2500,0.0000,98.8000,0.00,2000,bf16,NVIDIA A10,136ed1b
cifar10,vit_b16,2,gold,retrain,25,4.0,2,42,0.01,75.2000,96.0500,0.0000,98.7000,76.19,2000,bf16,NVIDIA L4,136ed1b
cifar10,vit_b16,2,gold,retrain,25,4.0,20,42,0.0005,95.7000,94.9000,0.0000,98.8000,96.86,2000,bf16,NVIDIA A10,136ed1b
cifar10,vit_b16,2,gold,retrain,25,4.0,20,42,0.01,90.3000,87.2500,0.0000,98.7000,91.49,2000,bf16,NVIDIA L4,136ed1b
cifar10,vit_b16,2,gold,retrain,25,4.0,5,42,0.0005,0.0000,98.2500,0.0000,98.8000,0.00,2000,bf16,NVIDIA A10,136ed1b
cifar10,vit_b16,2,gold,retrain,25,4.0,5,42,0.01,88.5000,92.4000,0.0000,98.7000,89.67,2000,bf16,NVIDIA L4,136ed1b
cifar10,vit_b16,2,gold,retrain,25,4.0,50,42,0.0005,95.2000,96.2000,0.0000,98.8000,96.36,2000,bf16,NVIDIA A10,136ed1b
cifar10,vit_b16,2,gold,retrain,25,4.0,50,42,0.01,86.6000,88.0000,0.0000,98.7000,87.74,2000,bf16,NVIDIA L4,136ed1b
cifar10,vit_b16,2,gold,retrain,5,4.0,0,42,0.0005,0.0000,98.3500,0.0000,98.8000,0.00,2000,bf16,NVIDIA A10,136ed1b
cifar10,vit_b16,2,gold,retrain,5,4.0,0,42,0.01,0.0000,98.3000,0.0000,98.7000,0.00,2000,bf16,NVIDIA L4,136ed1b
cifar10,vit_b16,2,gold,retrain,5,4.0,1,42,0.0005,0.0000,98.2000,0.0000,98.8000,0.00,2000,bf16,NVIDIA A10,136ed1b
cifar10,vit_b16,2,gold,retrain,5,4.0,1,42,0.01,0.0000,96.0500,0.0000,98.7000,0.00,2000,bf16,NVIDIA L4,136ed1b
cifar10,vit_b16,2,gold,retrain,5,4.0,10,42,0.0005,46.1000,97.3000,0.0000,98.8000,46.66,2000,bf16,NVIDIA A10,136ed1b
cifar10,vit_b16,2,gold,retrain,5,4.0,10,42,0.01,56.2000,6.4000,0.0000,98.7000,56.94,2000,bf16,NVIDIA L4,136ed1b
cifar10,vit_b16,2,gold,retrain,5,4.0,2,42,0.0005,0.0000,98.3000,0.0000,98.8000,0.00,2000,bf16,NVIDIA A10,136ed1b
cifar10,vit_b16,2,gold,retrain,5,4.0,2,42,0.01,46.9000,62.9500,0.0000,98.7000,47.52,2000,bf16,NVIDIA L4,136ed1b
cifar10,vit_b16,2,gold,retrain,5,4.0,20,42,0.0005,91.9000,95.6500,0.0000,98.8000,93.02,2000,bf16,NVIDIA A10,136ed1b
cifar10,vit_b16,2,gold,retrain,5,4.0,20,42,0.01,20.2000,10.2000,0.0000,98.7000,20.47,2000,bf16,NVIDIA L4,136ed1b
cifar10,vit_b16,2,gold,retrain,5,4.0,5,42,0.0005,0.0000,97.9000,0.0000,98.8000,0.00,2000,bf16,NVIDIA A10,136ed1b
cifar10,vit_b16,2,gold,retrain,5,4.0,5,42,0.01,91.4000,0.3500,0.0000,98.7000,92.60,2000,bf16,NVIDIA L4,136ed1b
cifar10,vit_b16,2,gold,retrain,5,4.0,50,42,0.0005,93.1000,95.7000,0.0000,98.8000,94.23,2000,bf16,NVIDIA A10,136ed1b
cifar10,vit_b16,2,gold,retrain,5,4.0,50,42,0.01,19.5000,13.3000,0.0000,98.7000,19.76,2000,bf16,NVIDIA L4,136ed1b
cifar10,vit_b16,2,ssd,a5.0_l0.1_b128,25,4.0,0,42,0.0005,1.6000,98.0000,1.6000,98.8000,1.62,2000,bf16,NVIDIA A10,136ed1b
cifar10,vit_b16,2,ssd,a5.0_l0.1_b128,25,4.0,0,42,0.01,1.6000,98.0000,1.6000,98.7000,1.62,2000,bf16,NVIDIA L4,136ed1b
cifar10,vit_b16,2,ssd,a5.0_l0.1_b128,25,4.0,1,42,0.0005,1.7000,98.0000,1.6000,98.8000,1.72,2000,bf16,NVIDIA A10,136ed1b
cifar10,vit_b16,2,ssd,a5.0_l0.1_b128,25,4.0,1,42,0.01,37.4000,98.0500,1.6000,98.7000,37.89,2000,bf16,NVIDIA L4,136ed1b
cifar10,vit_b16,2,ssd,a5.0_l0.1_b128,25,4.0,10,42,0.0005,65.4000,97.7000,1.6000,98.8000,66.19,2000,bf16,NVIDIA A10,136ed1b
cifar10,vit_b16,2,ssd,a5.0_l0.1_b128,25,4.0,10,42,0.01,99.6000,92.3000,1.6000,98.7000,100.91,2000,bf16,NVIDIA L4,136ed1b
cifar10,vit_b16,2,ssd,a5.0_l0.1_b128,25,4.0,2,42,0.0005,2.6000,98.0500,1.6000,98.8000,2.63,2000,bf16,NVIDIA A10,136ed1b
cifar10,vit_b16,2,ssd,a5.0_l0.1_b128,25,4.0,2,42,0.01,81.5000,97.5000,1.6000,98.7000,82.57,2000,bf16,NVIDIA L4,136ed1b
cifar10,vit_b16,2,ssd,a5.0_l0.1_b128,25,4.0,20,42,0.0005,95.4000,97.4500,1.6000,98.8000,96.56,2000,bf16,NVIDIA A10,136ed1b
cifar10,vit_b16,2,ssd,a5.0_l0.1_b128,25,4.0,20,42,0.01,94.4000,93.1500,1.6000,98.7000,95.64,2000,bf16,NVIDIA L4,136ed1b
cifar10,vit_b16,2,ssd,a5.0_l0.1_b128,25,4.0,5,42,0.0005,19.0000,98.0500,1.6000,98.8000,19.23,2000,bf16,NVIDIA A10,136ed1b
cifar10,vit_b16,2,ssd,a5.0_l0.1_b128,25,4.0,5,42,0.01,99.6000,91.8500,1.6000,98.7000,100.91,2000,bf16,NVIDIA L4,136ed1b
cifar10,vit_b16,2,ssd,a5.0_l0.1_b128,25,4.0,50,42,0.0005,98.5000,96.4500,1.6000,98.8000,99.70,2000,bf16,NVIDIA A10,136ed1b
cifar10,vit_b16,2,ssd,a5.0_l0.1_b128,25,4.0,50,42,0.01,92.3000,95.2500,1.6000,98.7000,93.52,2000,bf16,NVIDIA L4,136ed1b
cifar10,vit_b16,2,ssd,a5.0_l0.1_b128,5,4.0,0,42,0.0005,1.6000,98.0000,1.6000,98.8000,1.62,2000,bf16,NVIDIA A10,136ed1b
cifar10,vit_b16,2,ssd,a5.0_l0.1_b128,5,4.0,0,42,0.01,1.6000,98.0000,1.6000,98.7000,1.62,2000,bf16,NVIDIA L4,136ed1b
cifar10,vit_b16,2,ssd,a5.0_l0.1_b128,5,4.0,1,42,0.0005,1.7000,98.0000,1.6000,98.8000,1.72,2000,bf16,NVIDIA A10,136ed1b
cifar10,vit_b16,2,ssd,a5.0_l0.1_b128,5,4.0,1,42,0.01,30.3000,97.4500,1.6000,98.7000,30.70,2000,bf16,NVIDIA L4,136ed1b
cifar10,vit_b16,2,ssd,a5.0_l0.1_b128,5,4.0,10,42,0.0005,57.3000,97.7000,1.6000,98.8000,58.00,2000,bf16,NVIDIA A10,136ed1b
cifar10,vit_b16,2,ssd,a5.0_l0.1_b128,5,4.0,10,42,0.01,98.6000,76.9500,1.6000,98.7000,99.90,2000,bf16,NVIDIA L4,136ed1b
cifar10,vit_b16,2,ssd,a5.0_l0.1_b128,5,4.0,2,42,0.0005,2.7000,98.0500,1.6000,98.8000,2.73,2000,bf16,NVIDIA A10,136ed1b
cifar10,vit_b16,2,ssd,a5.0_l0.1_b128,5,4.0,2,42,0.01,73.1000,96.3000,1.6000,98.7000,74.06,2000,bf16,NVIDIA L4,136ed1b
cifar10,vit_b16,2,ssd,a5.0_l0.1_b128,5,4.0,20,42,0.0005,88.2000,97.4000,1.6000,98.8000,89.27,2000,bf16,NVIDIA A10,136ed1b
cifar10,vit_b16,2,ssd,a5.0_l0.1_b128,5,4.0,20,42,0.01,97.2000,76.7500,1.6000,98.7000,98.48,2000,bf16,NVIDIA L4,136ed1b
cifar10,vit_b16,2,ssd,a5.0_l0.1_b128,5,4.0,5,42,0.0005,17.0000,97.8000,1.6000,98.8000,17.21,2000,bf16,NVIDIA A10,136ed1b
cifar10,vit_b16,2,ssd,a5.0_l0.1_b128,5,4.0,5,42,0.01,97.7000,81.7500,1.6000,98.7000,98.99,2000,bf16,NVIDIA L4,136ed1b
cifar10,vit_b16,2,ssd,a5.0_l0.1_b128,5,4.0,50,42,0.0005,95.7000,96.9500,1.6000,98.8000,96.86,2000,bf16,NVIDIA A10,136ed1b
cifar10,vit_b16,2,ssd,a5.0_l0.1_b128,5,4.0,50,42,0.01,94.6000,78.6000,1.6000,98.7000,95.85,2000,bf16,NVIDIA L4,136ed1b
cifar10,vit_b16,2,unact,ffn_dla_last4_p85.0_g0.1_k5,25,4.0,0,42,0.0005,0.0000,85.0000,0.0000,98.8000,0.00,2000,bf16,NVIDIA A10,136ed1b
cifar10,vit_b16,2,unact,ffn_dla_last4_p85.0_g0.1_k5,25,4.0,0,42,0.01,0.0000,85.0500,0.0000,98.7000,0.00,2000,bf16,NVIDIA L4,136ed1b
cifar10,vit_b16,2,unact,ffn_dla_last4_p85.0_g0.1_k5,25,4.0,1,42,0.0005,0.0000,88.9000,0.0000,98.8000,0.00,2000,bf16,NVIDIA A10,136ed1b
cifar10,vit_b16,2,unact,ffn_dla_last4_p85.0_g0.1_k5,25,4.0,1,42,0.01,80.0000,93.2000,0.0000,98.7000,81.05,2000,bf16,NVIDIA L4,136ed1b
cifar10,vit_b16,2,unact,ffn_dla_last4_p85.0_g0.1_k5,25,4.0,10,42,0.0005,97.0000,94.1500,0.0000,98.8000,98.18,2000,bf16,NVIDIA A10,136ed1b
cifar10,vit_b16,2,unact,ffn_dla_last4_p85.0_g0.1_k5,25,4.0,10,42,0.01,92.7000,88.1000,0.0000,98.7000,93.92,2000,bf16,NVIDIA L4,136ed1b
cifar10,vit_b16,2,unact,ffn_dla_last4_p85.0_g0.1_k5,25,4.0,2,42,0.0005,3.3000,93.4000,0.0000,98.8000,3.34,2000,bf16,NVIDIA A10,136ed1b
cifar10,vit_b16,2,unact,ffn_dla_last4_p85.0_g0.1_k5,25,4.0,2,42,0.01,95.3000,88.8500,0.0000,98.7000,96.56,2000,bf16,NVIDIA L4,136ed1b
cifar10,vit_b16,2,unact,ffn_dla_last4_p85.0_g0.1_k5,25,4.0,20,42,0.0005,98.4000,93.5500,0.0000,98.8000,99.60,2000,bf16,NVIDIA A10,136ed1b
cifar10,vit_b16,2,unact,ffn_dla_last4_p85.0_g0.1_k5,25,4.0,20,42,0.01,92.6000,88.3000,0.0000,98.7000,93.82,2000,bf16,NVIDIA L4,136ed1b
cifar10,vit_b16,2,unact,ffn_dla_last4_p85.0_g0.1_k5,25,4.0,5,42,0.0005,84.7000,97.1000,0.0000,98.8000,85.73,2000,bf16,NVIDIA A10,136ed1b
cifar10,vit_b16,2,unact,ffn_dla_last4_p85.0_g0.1_k5,25,4.0,5,42,0.01,92.4000,90.5000,0.0000,98.7000,93.62,2000,bf16,NVIDIA L4,136ed1b
cifar10,vit_b16,2,unact,ffn_dla_last4_p85.0_g0.1_k5,25,4.0,50,42,0.0005,96.6000,96.2500,0.0000,98.8000,97.77,2000,bf16,NVIDIA A10,136ed1b
cifar10,vit_b16,2,unact,ffn_dla_last4_p85.0_g0.1_k5,25,4.0,50,42,0.01,90.0000,89.2500,0.0000,98.7000,91.19,2000,bf16,NVIDIA L4,136ed1b
cifar10,vit_b16,2,unact,ffn_dla_last4_p85.0_g0.1_k5,5,4.0,0,42,0.0005,0.0000,85.0000,0.0000,98.8000,0.00,2000,bf16,NVIDIA A10,136ed1b
cifar10,vit_b16,2,unact,ffn_dla_last4_p85.0_g0.1_k5,5,4.0,0,42,0.01,0.0000,85.0500,0.0000,98.7000,0.00,2000,bf16,NVIDIA L4,136ed1b
cifar10,vit_b16,2,unact,ffn_dla_last4_p85.0_g0.1_k5,5,4.0,1,42,0.0005,0.0000,89.1500,0.0000,98.8000,0.00,2000,bf16,NVIDIA A10,136ed1b
cifar10,vit_b16,2,unact,ffn_dla_last4_p85.0_g0.1_k5,5,4.0,1,42,0.01,74.2000,91.5000,0.0000,98.7000,75.18,2000,bf16,NVIDIA L4,136ed1b
cifar10,vit_b16,2,unact,ffn_dla_last4_p85.0_g0.1_k5,5,4.0,10,42,0.0005,94.3000,94.6000,0.0000,98.8000,95.45,2000,bf16,NVIDIA A10,136ed1b
cifar10,vit_b16,2,unact,ffn_dla_last4_p85.0_g0.1_k5,5,4.0,10,42,0.01,76.8000,71.4500,0.0000,98.7000,77.81,2000,bf16,NVIDIA L4,136ed1b
cifar10,vit_b16,2,unact,ffn_dla_last4_p85.0_g0.1_k5,5,4.0,2,42,0.0005,4.0000,93.6000,0.0000,98.8000,4.05,2000,bf16,NVIDIA A10,136ed1b
cifar10,vit_b16,2,unact,ffn_dla_last4_p85.0_g0.1_k5,5,4.0,2,42,0.01,96.9000,84.2500,0.0000,98.7000,98.18,2000,bf16,NVIDIA L4,136ed1b
cifar10,vit_b16,2,unact,ffn_dla_last4_p85.0_g0.1_k5,5,4.0,20,42,0.0005,96.2000,93.0000,0.0000,98.8000,97.37,2000,bf16,NVIDIA A10,136ed1b
cifar10,vit_b16,2,unact,ffn_dla_last4_p85.0_g0.1_k5,5,4.0,20,42,0.01,84.4000,63.3000,0.0000,98.7000,85.51,2000,bf16,NVIDIA L4,136ed1b
cifar10,vit_b16,2,unact,ffn_dla_last4_p85.0_g0.1_k5,5,4.0,5,42,0.0005,82.7000,97.2000,0.0000,98.8000,83.70,2000,bf16,NVIDIA A10,136ed1b
cifar10,vit_b16,2,unact,ffn_dla_last4_p85.0_g0.1_k5,5,4.0,5,42,0.01,87.1000,78.2000,0.0000,98.7000,88.25,2000,bf16,NVIDIA L4,136ed1b
cifar10,vit_b16,2,unact,ffn_dla_last4_p85.0_g0.1_k5,5,4.0,50,42,0.0005,94.8000,94.2000,0.0000,98.8000,95.95,2000,bf16,NVIDIA A10,136ed1b
cifar10,vit_b16,2,unact,ffn_dla_last4_p85.0_g0.1_k5,5,4.0,50,42,0.01,77.5000,64.1500,0.0000,98.7000,78.52,2000,bf16,NVIDIA L4,136ed1b
cifar10,vit_b16,3,gold,retrain,25,4.0,0,42,0.0005,0.0000,98.9000,0.0000,96.6000,0.00,2000,bf16,NVIDIA A10,136ed1b
cifar10,vit_b16,3,gold,retrain,25,4.0,1,42,0.0005,0.0000,98.9000,0.0000,96.6000,0.00,2000,bf16,NVIDIA A10,136ed1b
cifar10,vit_b16,3,gold,retrain,25,4.0,10,42,0.0005,7.1000,98.2000,0.0000,96.6000,7.35,2000,bf16,NVIDIA A10,136ed1b
cifar10,vit_b16,3,gold,retrain,25,4.0,2,42,0.0005,0.0000,98.8500,0.0000,96.6000,0.00,2000,bf16,NVIDIA A10,136ed1b
cifar10,vit_b16,3,gold,retrain,25,4.0,20,42,0.0005,86.1000,95.2500,0.0000,96.6000,89.13,2000,bf16,NVIDIA A10,136ed1b
cifar10,vit_b16,3,gold,retrain,25,4.0,5,42,0.0005,0.0000,98.7500,0.0000,96.6000,0.00,2000,bf16,NVIDIA A10,136ed1b
cifar10,vit_b16,3,gold,retrain,25,4.0,50,42,0.0005,97.6000,93.6000,0.0000,96.6000,101.04,2000,bf16,NVIDIA A10,136ed1b
cifar10,vit_b16,3,gold,retrain,5,4.0,0,42,0.0005,0.0000,98.9000,0.0000,96.6000,0.00,2000,bf16,NVIDIA A10,136ed1b
cifar10,vit_b16,3,gold,retrain,5,4.0,1,42,0.0005,0.0000,98.8500,0.0000,96.6000,0.00,2000,bf16,NVIDIA A10,136ed1b
cifar10,vit_b16,3,gold,retrain,5,4.0,10,42,0.0005,0.5000,97.5000,0.0000,96.6000,0.52,2000,bf16,NVIDIA A10,136ed1b
cifar10,vit_b16,3,gold,retrain,5,4.0,2,42,0.0005,0.0000,98.9000,0.0000,96.6000,0.00,2000,bf16,NVIDIA A10,136ed1b
cifar10,vit_b16,3,gold,retrain,5,4.0,20,42,0.0005,55.3000,94.9500,0.0000,96.6000,57.25,2000,bf16,NVIDIA A10,136ed1b
cifar10,vit_b16,3,gold,retrain,5,4.0,5,42,0.0005,0.0000,98.6000,0.0000,96.6000,0.00,2000,bf16,NVIDIA A10,136ed1b
cifar10,vit_b16,3,gold,retrain,5,4.0,50,42,0.0005,88.5000,91.9500,0.0000,96.6000,91.61,2000,bf16,NVIDIA A10,136ed1b
cifar10,vit_b16,3,ssd,a5.0_l0.1_b128,25,4.0,0,42,0.0005,23.0000,95.9500,23.0000,96.6000,23.81,2000,bf16,NVIDIA A10,136ed1b
cifar10,vit_b16,3,ssd,a5.0_l0.1_b128,25,4.0,1,42,0.0005,26.0000,95.9000,23.0000,96.6000,26.92,2000,bf16,NVIDIA A10,136ed1b
cifar10,vit_b16,3,ssd,a5.0_l0.1_b128,25,4.0,10,42,0.0005,92.0000,93.3500,23.0000,96.6000,95.24,2000,bf16,NVIDIA A10,136ed1b
cifar10,vit_b16,3,ssd,a5.0_l0.1_b128,25,4.0,2,42,0.0005,31.8000,95.9500,23.0000,96.6000,32.92,2000,bf16,NVIDIA A10,136ed1b
cifar10,vit_b16,3,ssd,a5.0_l0.1_b128,25,4.0,20,42,0.0005,98.1000,88.9500,23.0000,96.6000,101.55,2000,bf16,NVIDIA A10,136ed1b
cifar10,vit_b16,3,ssd,a5.0_l0.1_b128,25,4.0,5,42,0.0005,60.1000,95.8500,23.0000,96.6000,62.22,2000,bf16,NVIDIA A10,136ed1b
cifar10,vit_b16,3,ssd,a5.0_l0.1_b128,25,4.0,50,42,0.0005,96.2000,94.4000,23.0000,96.6000,99.59,2000,bf16,NVIDIA A10,136ed1b
cifar10,vit_b16,3,ssd,a5.0_l0.1_b128,5,4.0,0,42,0.0005,23.0000,95.9500,23.0000,96.6000,23.81,2000,bf16,NVIDIA A10,136ed1b
cifar10,vit_b16,3,ssd,a5.0_l0.1_b128,5,4.0,1,42,0.0005,25.7000,95.9500,23.0000,96.6000,26.60,2000,bf16,NVIDIA A10,136ed1b
cifar10,vit_b16,3,ssd,a5.0_l0.1_b128,5,4.0,10,42,0.0005,87.8000,95.0500,23.0000,96.6000,90.89,2000,bf16,NVIDIA A10,136ed1b
cifar10,vit_b16,3,ssd,a5.0_l0.1_b128,5,4.0,2,42,0.0005,30.2000,95.9500,23.0000,96.6000,31.26,2000,bf16,NVIDIA A10,136ed1b
cifar10,vit_b16,3,ssd,a5.0_l0.1_b128,5,4.0,20,42,0.0005,96.1000,93.5000,23.0000,96.6000,99.48,2000,bf16,NVIDIA A10,136ed1b
cifar10,vit_b16,3,ssd,a5.0_l0.1_b128,5,4.0,5,42,0.0005,56.2000,96.4000,23.0000,96.6000,58.18,2000,bf16,NVIDIA A10,136ed1b
cifar10,vit_b16,3,ssd,a5.0_l0.1_b128,5,4.0,50,42,0.0005,92.9000,94.8000,23.0000,96.6000,96.17,2000,bf16,NVIDIA A10,136ed1b
cifar10,vit_b16,3,unact,ffn_dla_last4_p85.0_g0.1_k5,25,4.0,0,42,0.0005,1.6000,97.8500,1.6000,96.6000,1.66,2000,bf16,NVIDIA A10,136ed1b
cifar10,vit_b16,3,unact,ffn_dla_last4_p85.0_g0.1_k5,25,4.0,1,42,0.0005,6.1000,98.0500,1.6000,96.6000,6.31,2000,bf16,NVIDIA A10,136ed1b
cifar10,vit_b16,3,unact,ffn_dla_last4_p85.0_g0.1_k5,25,4.0,10,42,0.0005,99.2000,86.5500,1.6000,96.6000,102.69,2000,bf16,NVIDIA A10,136ed1b
cifar10,vit_b16,3,unact,ffn_dla_last4_p85.0_g0.1_k5,25,4.0,2,42,0.0005,23.4000,97.7500,1.6000,96.6000,24.22,2000,bf16,NVIDIA A10,136ed1b
cifar10,vit_b16,3,unact,ffn_dla_last4_p85.0_g0.1_k5,25,4.0,20,42,0.0005,98.2000,92.8000,1.6000,96.6000,101.66,2000,bf16,NVIDIA A10,136ed1b
cifar10,vit_b16,3,unact,ffn_dla_last4_p85.0_g0.1_k5,25,4.0,5,42,0.0005,91.0000,93.8500,1.6000,96.6000,94.20,2000,bf16,NVIDIA A10,136ed1b
cifar10,vit_b16,3,unact,ffn_dla_last4_p85.0_g0.1_k5,25,4.0,50,42,0.0005,96.3000,95.7500,1.6000,96.6000,99.69,2000,bf16,NVIDIA A10,136ed1b
cifar10,vit_b16,3,unact,ffn_dla_last4_p85.0_g0.1_k5,5,4.0,0,42,0.0005,1.6000,97.8500,1.6000,96.6000,1.66,2000,bf16,NVIDIA A10,136ed1b
cifar10,vit_b16,3,unact,ffn_dla_last4_p85.0_g0.1_k5,5,4.0,1,42,0.0005,6.0000,98.0000,1.6000,96.6000,6.21,2000,bf16,NVIDIA A10,136ed1b
cifar10,vit_b16,3,unact,ffn_dla_last4_p85.0_g0.1_k5,5,4.0,10,42,0.0005,99.7000,83.3500,1.6000,96.6000,103.21,2000,bf16,NVIDIA A10,136ed1b
cifar10,vit_b16,3,unact,ffn_dla_last4_p85.0_g0.1_k5,5,4.0,2,42,0.0005,24.0000,97.6000,1.6000,96.6000,24.84,2000,bf16,NVIDIA A10,136ed1b
cifar10,vit_b16,3,unact,ffn_dla_last4_p85.0_g0.1_k5,5,4.0,20,42,0.0005,99.5000,85.3500,1.6000,96.6000,103.00,2000,bf16,NVIDIA A10,136ed1b
cifar10,vit_b16,3,unact,ffn_dla_last4_p85.0_g0.1_k5,5,4.0,5,42,0.0005,92.4000,93.4000,1.6000,96.6000,95.65,2000,bf16,NVIDIA A10,136ed1b
cifar10,vit_b16,3,unact,ffn_dla_last4_p85.0_g0.1_k5,5,4.0,50,42,0.0005,96.6000,91.4000,1.6000,96.6000,100.00,2000,bf16,NVIDIA A10,136ed1b
cifar10,vit_b16,5,gold,retrain,25,4.0,0,42,0.0005,0.0000,98.5500,0.0000,96.7000,0.00,2000,bf16,NVIDIA A10,136ed1b
cifar10,vit_b16,5,gold,retrain,25,4.0,1,42,0.0005,0.0000,98.5000,0.0000,96.7000,0.00,2000,bf16,NVIDIA A10,136ed1b
cifar10,vit_b16,5,gold,retrain,25,4.0,10,42,0.0005,3.6000,98.2500,0.0000,96.7000,3.72,2000,bf16,NVIDIA A10,136ed1b
cifar10,vit_b16,5,gold,retrain,25,4.0,2,42,0.0005,0.0000,98.5000,0.0000,96.7000,0.00,2000,bf16,NVIDIA A10,136ed1b
cifar10,vit_b16,5,gold,retrain,25,4.0,20,42,0.0005,94.6000,94.8000,0.0000,96.7000,97.83,2000,bf16,NVIDIA A10,136ed1b
cifar10,vit_b16,5,gold,retrain,25,4.0,5,42,0.0005,0.0000,98.3500,0.0000,96.7000,0.00,2000,bf16,NVIDIA A10,136ed1b
cifar10,vit_b16,5,gold,retrain,25,4.0,50,42,0.0005,98.3000,92.9000,0.0000,96.7000,101.65,2000,bf16,NVIDIA A10,136ed1b
cifar10,vit_b16,5,gold,retrain,5,4.0,0,42,0.0005,0.0000,98.5500,0.0000,96.7000,0.00,2000,bf16,NVIDIA A10,136ed1b
cifar10,vit_b16,5,gold,retrain,5,4.0,1,42,0.0005,0.0000,98.6000,0.0000,96.7000,0.00,2000,bf16,NVIDIA A10,136ed1b
cifar10,vit_b16,5,gold,retrain,5,4.0,10,42,0.0005,4.5000,98.1000,0.0000,96.7000,4.65,2000,bf16,NVIDIA A10,136ed1b
cifar10,vit_b16,5,gold,retrain,5,4.0,2,42,0.0005,0.0000,98.4500,0.0000,96.7000,0.00,2000,bf16,NVIDIA A10,136ed1b
cifar10,vit_b16,5,gold,retrain,5,4.0,20,42,0.0005,83.8000,96.0000,0.0000,96.7000,86.66,2000,bf16,NVIDIA A10,136ed1b
cifar10,vit_b16,5,gold,retrain,5,4.0,5,42,0.0005,0.0000,98.4500,0.0000,96.7000,0.00,2000,bf16,NVIDIA A10,136ed1b
cifar10,vit_b16,5,gold,retrain,5,4.0,50,42,0.0005,96.5000,91.5000,0.0000,96.7000,99.79,2000,bf16,NVIDIA A10,136ed1b
cifar10,vit_b16,5,ssd,a5.0_l0.1_b128,25,4.0,0,42,0.0005,2.9000,92.4500,2.9000,96.7000,3.00,2000,bf16,NVIDIA A10,136ed1b
cifar10,vit_b16,5,ssd,a5.0_l0.1_b128,25,4.0,1,42,0.0005,3.8000,92.6500,2.9000,96.7000,3.93,2000,bf16,NVIDIA A10,136ed1b
cifar10,vit_b16,5,ssd,a5.0_l0.1_b128,25,4.0,10,42,0.0005,74.9000,94.9000,2.9000,96.7000,77.46,2000,bf16,NVIDIA A10,136ed1b
cifar10,vit_b16,5,ssd,a5.0_l0.1_b128,25,4.0,2,42,0.0005,6.3000,93.2000,2.9000,96.7000,6.51,2000,bf16,NVIDIA A10,136ed1b
cifar10,vit_b16,5,ssd,a5.0_l0.1_b128,25,4.0,20,42,0.0005,98.0000,87.5000,2.9000,96.7000,101.34,2000,bf16,NVIDIA A10,136ed1b
cifar10,vit_b16,5,ssd,a5.0_l0.1_b128,25,4.0,5,42,0.0005,25.7000,95.0000,2.9000,96.7000,26.58,2000,bf16,NVIDIA A10,136ed1b
cifar10,vit_b16,5,ssd,a5.0_l0.1_b128,25,4.0,50,42,0.0005,97.7000,90.1500,2.9000,96.7000,101.03,2000,bf16,NVIDIA A10,136ed1b
cifar10,vit_b16,5,ssd,a5.0_l0.1_b128,5,4.0,0,42,0.0005,2.9000,92.4500,2.9000,96.7000,3.00,2000,bf16,NVIDIA A10,136ed1b
cifar10,vit_b16,5,ssd,a5.0_l0.1_b128,5,4.0,1,42,0.0005,3.7000,92.5000,2.9000,96.7000,3.83,2000,bf16,NVIDIA A10,136ed1b
cifar10,vit_b16,5,ssd,a5.0_l0.1_b128,5,4.0,10,42,0.0005,70.3000,89.4500,2.9000,96.7000,72.70,2000,bf16,NVIDIA A10,136ed1b
cifar10,vit_b16,5,ssd,a5.0_l0.1_b128,5,4.0,2,42,0.0005,5.8000,92.8500,2.9000,96.7000,6.00,2000,bf16,NVIDIA A10,136ed1b
cifar10,vit_b16,5,ssd,a5.0_l0.1_b128,5,4.0,20,42,0.0005,96.6000,85.4500,2.9000,96.7000,99.90,2000,bf16,NVIDIA A10,136ed1b
cifar10,vit_b16,5,ssd,a5.0_l0.1_b128,5,4.0,5,42,0.0005,24.5000,93.6500,2.9000,96.7000,25.34,2000,bf16,NVIDIA A10,136ed1b
cifar10,vit_b16,5,ssd,a5.0_l0.1_b128,5,4.0,50,42,0.0005,98.3000,84.6500,2.9000,96.7000,101.65,2000,bf16,NVIDIA A10,136ed1b
cifar10,vit_b16,5,unact,ffn_dla_last4_p85.0_g0.1_k5,25,4.0,0,42,0.0005,13.3000,96.1000,13.3000,96.7000,13.75,2000,bf16,NVIDIA A10,136ed1b
cifar10,vit_b16,5,unact,ffn_dla_last4_p85.0_g0.1_k5,25,4.0,1,42,0.0005,19.5000,96.3000,13.3000,96.7000,20.17,2000,bf16,NVIDIA A10,136ed1b
cifar10,vit_b16,5,unact,ffn_dla_last4_p85.0_g0.1_k5,25,4.0,10,42,0.0005,99.6000,90.9500,13.3000,96.7000,103.00,2000,bf16,NVIDIA A10,136ed1b
cifar10,vit_b16,5,unact,ffn_dla_last4_p85.0_g0.1_k5,25,4.0,2,42,0.0005,35.3000,96.5500,13.3000,96.7000,36.50,2000,bf16,NVIDIA A10,136ed1b
cifar10,vit_b16,5,unact,ffn_dla_last4_p85.0_g0.1_k5,25,4.0,20,42,0.0005,98.7000,94.1000,13.3000,96.7000,102.07,2000,bf16,NVIDIA A10,136ed1b
cifar10,vit_b16,5,unact,ffn_dla_last4_p85.0_g0.1_k5,25,4.0,5,42,0.0005,92.9000,95.6500,13.3000,96.7000,96.07,2000,bf16,NVIDIA A10,136ed1b
cifar10,vit_b16,5,unact,ffn_dla_last4_p85.0_g0.1_k5,25,4.0,50,42,0.0005,97.9000,94.9500,13.3000,96.7000,101.24,2000,bf16,NVIDIA A10,136ed1b
cifar10,vit_b16,5,unact,ffn_dla_last4_p85.0_g0.1_k5,5,4.0,0,42,0.0005,13.3000,96.1000,13.3000,96.7000,13.75,2000,bf16,NVIDIA A10,136ed1b
cifar10,vit_b16,5,unact,ffn_dla_last4_p85.0_g0.1_k5,5,4.0,1,42,0.0005,21.2000,96.3000,13.3000,96.7000,21.92,2000,bf16,NVIDIA A10,136ed1b
cifar10,vit_b16,5,unact,ffn_dla_last4_p85.0_g0.1_k5,5,4.0,10,42,0.0005,99.6000,89.1500,13.3000,96.7000,103.00,2000,bf16,NVIDIA A10,136ed1b
cifar10,vit_b16,5,unact,ffn_dla_last4_p85.0_g0.1_k5,5,4.0,2,42,0.0005,40.6000,96.6500,13.3000,96.7000,41.99,2000,bf16,NVIDIA A10,136ed1b
cifar10,vit_b16,5,unact,ffn_dla_last4_p85.0_g0.1_k5,5,4.0,20,42,0.0005,99.7000,85.8000,13.3000,96.7000,103.10,2000,bf16,NVIDIA A10,136ed1b
cifar10,vit_b16,5,unact,ffn_dla_last4_p85.0_g0.1_k5,5,4.0,5,42,0.0005,95.4000,95.0500,13.3000,96.7000,98.66,2000,bf16,NVIDIA A10,136ed1b
cifar10,vit_b16,5,unact,ffn_dla_last4_p85.0_g0.1_k5,5,4.0,50,42,0.0005,99.3000,86.6000,13.3000,96.7000,102.69,2000,bf16,NVIDIA A10,136ed1b
cifar10,vit_b16,8,gold,retrain,25,4.0,0,42,0.0005,0.0000,98.0000,0.0000,98.7000,0.00,2000,bf16,NVIDIA A10,136ed1b
cifar10,vit_b16,8,gold,retrain,25,4.0,1,42,0.0005,0.0000,98.0000,0.0000,98.7000,0.00,2000,bf16,NVIDIA A10,136ed1b
cifar10,vit_b16,8,gold,retrain,25,4.0,10,42,0.0005,3.2000,97.4000,0.0000,98.7000,3.24,2000,bf16,NVIDIA A10,136ed1b
cifar10,vit_b16,8,gold,retrain,25,4.0,2,42,0.0005,0.0000,98.0000,0.0000,98.7000,0.00,2000,bf16,NVIDIA A10,136ed1b
cifar10,vit_b16,8,gold,retrain,25,4.0,20,42,0.0005,95.0000,95.5500,0.0000,98.7000,96.25,2000,bf16,NVIDIA A10,136ed1b
cifar10,vit_b16,8,gold,retrain,25,4.0,5,42,0.0005,0.0000,97.8000,0.0000,98.7000,0.00,2000,bf16,NVIDIA A10,136ed1b
cifar10,vit_b16,8,gold,retrain,25,4.0,50,42,0.0005,99.0000,95.5500,0.0000,98.7000,100.30,2000,bf16,NVIDIA A10,136ed1b
cifar10,vit_b16,8,gold,retrain,5,4.0,0,42,0.0005,0.0000,98.0000,0.0000,98.7000,0.00,2000,bf16,NVIDIA A10,136ed1b
cifar10,vit_b16,8,gold,retrain,5,4.0,1,42,0.0005,0.0000,98.0000,0.0000,98.7000,0.00,2000,bf16,NVIDIA A10,136ed1b
cifar10,vit_b16,8,gold,retrain,5,4.0,10,42,0.0005,4.4000,97.0500,0.0000,98.7000,4.46,2000,bf16,NVIDIA A10,136ed1b
cifar10,vit_b16,8,gold,retrain,5,4.0,2,42,0.0005,0.0000,98.0000,0.0000,98.7000,0.00,2000,bf16,NVIDIA A10,136ed1b
cifar10,vit_b16,8,gold,retrain,5,4.0,20,42,0.0005,84.0000,95.6500,0.0000,98.7000,85.11,2000,bf16,NVIDIA A10,136ed1b
cifar10,vit_b16,8,gold,retrain,5,4.0,5,42,0.0005,0.0000,97.7000,0.0000,98.7000,0.00,2000,bf16,NVIDIA A10,136ed1b
cifar10,vit_b16,8,gold,retrain,5,4.0,50,42,0.0005,93.4000,95.6000,0.0000,98.7000,94.63,2000,bf16,NVIDIA A10,136ed1b
cifar10,vit_b16,8,ssd,a5.0_l0.1_b128,25,4.0,0,42,0.0005,0.0000,10.4000,0.0000,98.7000,0.00,2000,bf16,NVIDIA A10,136ed1b
cifar10,vit_b16,8,ssd,a5.0_l0.1_b128,25,4.0,1,42,0.0005,0.0000,10.3000,0.0000,98.7000,0.00,2000,bf16,NVIDIA A10,136ed1b
cifar10,vit_b16,8,ssd,a5.0_l0.1_b128,25,4.0,10,42,0.0005,54.0000,8.5000,0.0000,98.7000,54.71,2000,bf16,NVIDIA A10,136ed1b
cifar10,vit_b16,8,ssd,a5.0_l0.1_b128,25,4.0,2,42,0.0005,0.0000,10.2500,0.0000,98.7000,0.00,2000,bf16,NVIDIA A10,136ed1b
cifar10,vit_b16,8,ssd,a5.0_l0.1_b128,25,4.0,20,42,0.0005,98.1000,3.2500,0.0000,98.7000,99.39,2000,bf16,NVIDIA A10,136ed1b
cifar10,vit_b16,8,ssd,a5.0_l0.1_b128,25,4.0,5,42,0.0005,25.0000,7.2500,0.0000,98.7000,25.33,2000,bf16,NVIDIA A10,136ed1b
cifar10,vit_b16,8,ssd,a5.0_l0.1_b128,25,4.0,50,42,0.0005,80.9000,11.5000,0.0000,98.7000,81.97,2000,bf16,NVIDIA A10,136ed1b
cifar10,vit_b16,8,ssd,a5.0_l0.1_b128,5,4.0,0,42,0.0005,0.0000,10.4000,0.0000,98.7000,0.00,2000,bf16,NVIDIA A10,136ed1b
cifar10,vit_b16,8,ssd,a5.0_l0.1_b128,5,4.0,1,42,0.0005,0.0000,10.6500,0.0000,98.7000,0.00,2000,bf16,NVIDIA A10,136ed1b
cifar10,vit_b16,8,ssd,a5.0_l0.1_b128,5,4.0,10,42,0.0005,3.0000,10.5500,0.0000,98.7000,3.04,2000,bf16,NVIDIA A10,136ed1b
cifar10,vit_b16,8,ssd,a5.0_l0.1_b128,5,4.0,2,42,0.0005,0.0000,9.6000,0.0000,98.7000,0.00,2000,bf16,NVIDIA A10,136ed1b
cifar10,vit_b16,8,ssd,a5.0_l0.1_b128,5,4.0,20,42,0.0005,95.5000,5.6000,0.0000,98.7000,96.76,2000,bf16,NVIDIA A10,136ed1b
cifar10,vit_b16,8,ssd,a5.0_l0.1_b128,5,4.0,5,42,0.0005,0.0000,10.4500,0.0000,98.7000,0.00,2000,bf16,NVIDIA A10,136ed1b
cifar10,vit_b16,8,ssd,a5.0_l0.1_b128,5,4.0,50,42,0.0005,72.4000,10.6000,0.0000,98.7000,73.35,2000,bf16,NVIDIA A10,136ed1b
cifar10,vit_b16,8,unact,ffn_dla_last4_p85.0_g0.1_k5,25,4.0,0,42,0.0005,9.2000,87.7500,9.2000,98.7000,9.32,2000,bf16,NVIDIA A10,136ed1b
cifar10,vit_b16,8,unact,ffn_dla_last4_p85.0_g0.1_k5,25,4.0,1,42,0.0005,20.1000,90.5500,9.2000,98.7000,20.36,2000,bf16,NVIDIA A10,136ed1b
cifar10,vit_b16,8,unact,ffn_dla_last4_p85.0_g0.1_k5,25,4.0,10,42,0.0005,99.6000,94.0000,9.2000,98.7000,100.91,2000,bf16,NVIDIA A10,136ed1b
cifar10,vit_b16,8,unact,ffn_dla_last4_p85.0_g0.1_k5,25,4.0,2,42,0.0005,47.8000,94.0500,9.2000,98.7000,48.43,2000,bf16,NVIDIA A10,136ed1b
cifar10,vit_b16,8,unact,ffn_dla_last4_p85.0_g0.1_k5,25,4.0,20,42,0.0005,100.0000,93.5500,9.2000,98.7000,101.32,2000,bf16,NVIDIA A10,136ed1b
cifar10,vit_b16,8,unact,ffn_dla_last4_p85.0_g0.1_k5,25,4.0,5,42,0.0005,92.9000,96.1500,9.2000,98.7000,94.12,2000,bf16,NVIDIA A10,136ed1b
cifar10,vit_b16,8,unact,ffn_dla_last4_p85.0_g0.1_k5,25,4.0,50,42,0.0005,99.2000,95.9500,9.2000,98.7000,100.51,2000,bf16,NVIDIA A10,136ed1b
cifar10,vit_b16,8,unact,ffn_dla_last4_p85.0_g0.1_k5,5,4.0,0,42,0.0005,9.2000,87.7500,9.2000,98.7000,9.32,2000,bf16,NVIDIA A10,136ed1b
cifar10,vit_b16,8,unact,ffn_dla_last4_p85.0_g0.1_k5,5,4.0,1,42,0.0005,17.1000,90.4000,9.2000,98.7000,17.33,2000,bf16,NVIDIA A10,136ed1b
cifar10,vit_b16,8,unact,ffn_dla_last4_p85.0_g0.1_k5,5,4.0,10,42,0.0005,98.5000,95.7500,9.2000,98.7000,99.80,2000,bf16,NVIDIA A10,136ed1b
cifar10,vit_b16,8,unact,ffn_dla_last4_p85.0_g0.1_k5,5,4.0,2,42,0.0005,41.6000,92.9000,9.2000,98.7000,42.15,2000,bf16,NVIDIA A10,136ed1b
cifar10,vit_b16,8,unact,ffn_dla_last4_p85.0_g0.1_k5,5,4.0,20,42,0.0005,99.6000,93.2500,9.2000,98.7000,100.91,2000,bf16,NVIDIA A10,136ed1b
cifar10,vit_b16,8,unact,ffn_dla_last4_p85.0_g0.1_k5,5,4.0,5,42,0.0005,90.0000,96.5500,9.2000,98.7000,91.19,2000,bf16,NVIDIA A10,136ed1b
cifar10,vit_b16,8,unact,ffn_dla_last4_p85.0_g0.1_k5,5,4.0,50,42,0.0005,99.3000,93.4000,9.2000,98.7000,100.61,2000,bf16,NVIDIA A10,136ed1b
