dataset,arch,forget_class,method,config,forget_n,forget_available,seed,eval_retain_n,eval_dtype,post_overall,post_retain,post_forget,gold_retain,gold_forget,gap_retain,score,method_time_s,eval_device,git_commit
cifar10,vit_b16,0,ssd,a5.0_l0.1_b128,1,5000,42,0,fp32,98.2900,98.2333,98.8000,98.2778,0.0000,-0.0444,98.8444,1136.061,NVIDIA L4,136ed1b
cifar10,vit_b16,0,ssd,a5.0_l0.1_b128,10,5000,42,0,fp32,98.2900,98.2333,98.8000,98.2778,0.0000,-0.0444,98.8444,1136.189,NVIDIA L4,136ed1b
cifar10,vit_b16,0,ssd,a5.0_l0.1_b128,100,5000,42,0,fp32,98.2800,98.2222,98.8000,98.2778,0.0000,-0.0556,98.8556,1138.477,NVIDIA L4,136ed1b
cifar10,vit_b16,0,ssd,a5.0_l0.1_b128,25,5000,42,0,fp32,98.2800,98.2000,99.0000,98.2778,0.0000,-0.0778,99.0778,1136.492,NVIDIA L4,136ed1b
cifar10,vit_b16,0,ssd,a5.0_l0.1_b128,5,5000,42,0,fp32,98.2900,98.2333,98.8000,98.2778,0.0000,-0.0444,98.8444,1136.086,NVIDIA L4,136ed1b
cifar10,vit_b16,0,ssd,a5.0_l0.1_b128,500,5000,42,0,fp32,98.2900,98.2333,98.8000,98.2778,0.0000,-0.0444,98.8444,1146.746,NVIDIA L4,136ed1b
cifar10,vit_b16,0,ssd,a5.0_l0.1_b128,5000,5000,42,0,fp32,92.5900,98.0778,43.2000,98.2778,0.0000,-0.2000,43.4000,1263.429,NVIDIA L4,136ed1b
cifar10,vit_b16,0,unact,ffn_dla_last4_p85.0_g0.1_k5,1,5000,42,0,fp32,86.2900,94.2111,15.0000,98.2778,0.0000,-4.0667,19.0667,0.249,NVIDIA L4,136ed1b
cifar10,vit_b16,0,unact,ffn_dla_last4_p85.0_g0.1_k5,10,5000,42,0,fp32,84.5600,93.9556,0.0000,98.2778,0.0000,-4.3222,4.3222,0.110,NVIDIA L4,136ed1b
cifar10,vit_b16,0,unact,ffn_dla_last4_p85.0_g0.1_k5,100,5000,42,0,fp32,84.2700,93.6333,0.0000,98.2778,0.0000,-4.6444,4.6444,1.488,NVIDIA L4,136ed1b
cifar10,vit_b16,0,unact,ffn_dla_last4_p85.0_g0.1_k5,25,5000,42,0,fp32,84.5100,93.9000,0.0000,98.2778,0.0000,-4.3778,4.3778,0.253,NVIDIA L4,136ed1b
cifar10,vit_b16,0,unact,ffn_dla_last4_p85.0_g0.1_k5,5,5000,42,0,fp32,84.0300,93.3667,0.0000,98.2778,0.0000,-4.9111,4.9111,0.093,NVIDIA L4,136ed1b
cifar10,vit_b16,0,unact,ffn_dla_last4_p85.0_g0.1_k5,500,5000,42,0,fp32,84.5600,93.9556,0.0000,98.2778,0.0000,-4.3222,4.3222,6.314,NVIDIA L4,136ed1b
cifar10,vit_b16,0,unact,ffn_dla_last4_p85.0_g0.1_k5,5000,5000,42,0,fp32,84.3000,93.6667,0.0000,98.2778,0.0000,-4.6111,4.6111,72.475,NVIDIA L4,136ed1b
cifar10,vit_b16,2,ssd,a5.0_l0.1_b128,1,5000,42,0,fp32,98.2900,98.2444,98.7000,98.4111,0.0000,-0.1667,98.8667,1272.368,NVIDIA L4,136ed1b
cifar10,vit_b16,2,ssd,a5.0_l0.1_b128,10,5000,42,0,fp32,98.2900,98.2444,98.7000,98.4111,0.0000,-0.1667,98.8667,1272.478,NVIDIA L4,136ed1b
cifar10,vit_b16,2,ssd,a5.0_l0.1_b128,100,5000,42,0,fp32,10.0000,11.1111,0.0000,98.4111,0.0000,-87.3000,87.3000,1274.441,NVIDIA L4,136ed1b
cifar10,vit_b16,2,ssd,a5.0_l0.1_b128,25,5000,42,0,fp32,98.2900,98.2444,98.7000,98.4111,0.0000,-0.1667,98.8667,1272.785,NVIDIA L4,136ed1b
cifar10,vit_b16,2,ssd,a5.0_l0.1_b128,5,5000,42,0,fp32,98.2900,98.2444,98.7000,98.4111,0.0000,-0.1667,98.8667,1272.400,NVIDIA L4,136ed1b
cifar10,vit_b16,2,ssd,a5.0_l0.1_b128,500,5000,42,0,fp32,94.7200,97.5778,69.0000,98.4111,0.0000,-0.8333,69.8333,1283.996,NVIDIA L4,136ed1b
cifar10,vit_b16,2,ssd,a5.0_l0.1_b128,5000,5000,42,0,fp32,88.5400,98.2000,1.6000,98.4111,0.0000,-0.2111,1.8111,1394.112,NVIDIA L4,136ed1b
cifar10,vit_b16,2,unact,ffn_dla_last4_p85.0_g0.1_k5,1,5000,42,0,fp32,77.3100,85.9000,0.0000,98.4111,0.0000,-12.5111,12.5111,0.082,NVIDIA L4,136ed1b
cifar10,vit_b16,2,unact,ffn_dla_last4_p85.0_g0.1_k5,10,5000,42,0,fp32,76.2300,84.7000,0.0000,98.4111,0.0000,-13.7111,13.7111,0.098,NVIDIA L4,136ed1b
cifar10,vit_b16,2,unact,ffn_dla_last4_p85.0_g0.1_k5,100,5000,42,0,fp32,76.5900,85.1000,0.0000,98.4111,0.0000,-13.3111,13.3111,1.075,NVIDIA L4,136ed1b
cifar10,vit_b16,2,unact,ffn_dla_last4_p85.0_g0.1_k5,25,5000,42,0,fp32,76.6500,85.1667,0.0000,98.4111,0.0000,-13.2444,13.2444,0.220,NVIDIA L4,136ed1b
cifar10,vit_b16,2,unact,ffn_dla_last4_p85.0_g0.1_k5,5,5000,42,0,fp32,77.8900,86.5444,0.0000,98.4111,0.0000,-11.8667,11.8667,0.085,NVIDIA L4,136ed1b
cifar10,vit_b16,2,unact,ffn_dla_last4_p85.0_g0.1_k5,500,5000,42,0,fp32,76.6100,85.1222,0.0000,98.4111,0.0000,-13.2889,13.2889,5.820,NVIDIA L4,136ed1b
cifar10,vit_b16,2,unact,ffn_dla_last4_p85.0_g0.1_k5,5000,5000,42,0,fp32,76.8300,85.3667,0.0000,98.4111,0.0000,-13.0444,13.0444,71.406,NVIDIA L4,136ed1b
cifar10,vit_b16,3,ssd,a5.0_l0.1_b128,1,5000,42,0,fp32,98.2800,98.4667,96.6000,98.8222,0.0000,-0.3556,96.9556,1307.111,NVIDIA L4,136ed1b
cifar10,vit_b16,3,ssd,a5.0_l0.1_b128,10,5000,42,0,fp32,96.1700,96.3000,95.0000,98.8222,0.0000,-2.5222,97.5222,1307.239,NVIDIA L4,136ed1b
cifar10,vit_b16,3,ssd,a5.0_l0.1_b128,100,5000,42,0,fp32,97.0600,97.3333,94.6000,98.8222,0.0000,-1.4889,96.0889,1309.147,NVIDIA L4,136ed1b
cifar10,vit_b16,3,ssd,a5.0_l0.1_b128,25,5000,42,0,fp32,98.2600,98.4444,96.6000,98.8222,0.0000,-0.3778,96.9778,1307.673,NVIDIA L4,136ed1b
cifar10,vit_b16,3,ssd,a5.0_l0.1_b128,5,5000,42,0,fp32,10.1700,11.3000,0.0000,98.8222,0.0000,-87.5222,87.5222,1307.157,NVIDIA L4,136ed1b
cifar10,vit_b16,3,ssd,a5.0_l0.1_b128,500,5000,42,0,fp32,81.1100,81.1000,81.2000,98.8222,0.0000,-17.7222,98.9222,1318.962,NVIDIA L4,136ed1b
cifar10,vit_b16,3,ssd,a5.0_l0.1_b128,5000,5000,42,0,fp32,88.7800,96.0778,23.1000,98.8222,0.0000,-2.7444,25.8444,1438.115,NVIDIA L4,136ed1b
cifar10,vit_b16,3,unact,ffn_dla_last4_p85.0_g0.1_k5,1,5000,42,0,fp32,88.3000,97.5111,5.4000,98.8222,0.0000,-1.3111,6.7111,0.083,NVIDIA L4,136ed1b
cifar10,vit_b16,3,unact,ffn_dla_last4_p85.0_g0.1_k5,10,5000,42,0,fp32,88.4100,97.6778,5.0000,98.8222,0.0000,-1.1444,6.1444,0.096,NVIDIA L4,136ed1b
cifar10,vit_b16,3,unact,ffn_dla_last4_p85.0_g0.1_k5,100,5000,42,0,fp32,87.7700,97.3556,1.5000,98.8222,0.0000,-1.4667,2.9667,1.145,NVIDIA L4,136ed1b
cifar10,vit_b16,3,unact,ffn_dla_last4_p85.0_g0.1_k5,25,5000,42,0,fp32,87.7700,97.1667,3.2000,98.8222,0.0000,-1.6556,4.8556,0.224,NVIDIA L4,136ed1b
cifar10,vit_b16,3,unact,ffn_dla_last4_p85.0_g0.1_k5,5,5000,42,0,fp32,88.3600,97.6889,4.4000,98.8222,0.0000,-1.1333,5.5333,0.085,NVIDIA L4,136ed1b
cifar10,vit_b16,3,unact,ffn_dla_last4_p85.0_g0.1_k5,500,5000,42,0,fp32,87.7600,97.3333,1.6000,98.8222,0.0000,-1.4889,3.0889,5.857,NVIDIA L4,136ed1b
cifar10,vit_b16,3,unact,ffn_dla_last4_p85.0_g0.1_k5,5000,5000,42,0,fp32,87.7900,97.3667,1.6000,98.8222,0.0000,-1.4556,3.0556,75.890,NVIDIA L4,136ed1b
cifar10,vit_b16,5,ssd,a5.0_l0.1_b128,1,5000,42,0,fp32,95.6300,97.9889,74.4000,98.7111,0.0000,-0.7222,75.1222,1392.421,NVIDIA L4,136ed1b
cifar10,vit_b16,5,ssd,a5.0_l0.1_b128,10,5000,42,0,fp32,98.2700,98.4556,96.6000,98.7111,0.0000,-0.2556,96.8556,1392.516,NVIDIA L4,136ed1b
cifar10,vit_b16,5,ssd,a5.0_l0.1_b128,100,5000,42,0,fp32,98.3100,98.4889,96.7000,98.7111,0.0000,-0.2222,96.9222,1394.783,NVIDIA L4,136ed1b
cifar10,vit_b16,5,ssd,a5.0_l0.1_b128,25,5000,42,0,fp32,22.5400,16.4778,77.1000,98.7111,0.0000,-82.2333,159.3333,1392.837,NVIDIA L4,136ed1b
cifar10,vit_b16,5,ssd,a5.0_l0.1_b128,5,5000,42,0,fp32,98.2300,98.4556,96.2000,98.7111,0.0000,-0.2556,96.4556,1392.454,NVIDIA L4,136ed1b
cifar10,vit_b16,5,ssd,a5.0_l0.1_b128,500,5000,42,0,fp32,29.5400,31.6556,10.5000,98.7111,0.0000,-67.0556,77.5556,1405.412,NVIDIA L4,136ed1b
cifar10,vit_b16,5,ssd,a5.0_l0.1_b128,5000,5000,42,0,fp32,83.5500,92.5111,2.9000,98.7111,0.0000,-6.2000,9.1000,1523.386,NVIDIA L4,136ed1b
cifar10,vit_b16,5,unact,ffn_dla_last4_p85.0_g0.1_k5,1,5000,42,0,fp32,88.7200,96.1444,21.9000,98.7111,0.0000,-2.5667,24.4667,0.084,NVIDIA L4,136ed1b
cifar10,vit_b16,5,unact,ffn_dla_last4_p85.0_g0.1_k5,10,5000,42,0,fp32,87.5400,95.8444,12.8000,98.7111,0.0000,-2.8667,15.6667,0.101,NVIDIA L4,136ed1b
cifar10,vit_b16,5,unact,ffn_dla_last4_p85.0_g0.1_k5,100,5000,42,0,fp32,87.6700,96.0444,12.3000,98.7111,0.0000,-2.6667,14.9667,1.126,NVIDIA L4,136ed1b
cifar10,vit_b16,5,unact,ffn_dla_last4_p85.0_g0.1_k5,25,5000,42,0,fp32,87.8000,96.2222,12.0000,98.7111,0.0000,-2.4889,14.4889,0.243,NVIDIA L4,136ed1b
cifar10,vit_b16,5,unact,ffn_dla_last4_p85.0_g0.1_k5,5,5000,42,0,fp32,87.8500,96.2222,12.5000,98.7111,0.0000,-2.4889,14.9889,0.086,NVIDIA L4,136ed1b
cifar10,vit_b16,5,unact,ffn_dla_last4_p85.0_g0.1_k5,500,5000,42,0,fp32,87.7400,96.1889,11.7000,98.7111,0.0000,-2.5222,14.2222,6.248,NVIDIA L4,136ed1b
cifar10,vit_b16,5,unact,ffn_dla_last4_p85.0_g0.1_k5,5000,5000,42,0,fp32,87.8100,96.0667,13.5000,98.7111,0.0000,-2.6444,16.1444,79.426,NVIDIA L4,136ed1b
cifar10,vit_b16,8,ssd,a5.0_l0.1_b128,1,5000,42,0,fp32,98.2900,98.2333,98.8000,98.1000,0.0000,+0.1333,98.9333,1130.565,NVIDIA A10,cf187d9
cifar10,vit_b16,8,ssd,a5.0_l0.1_b128,10,5000,42,0,fp32,98.2900,98.2333,98.8000,98.1000,0.0000,+0.1333,98.9333,1130.833,NVIDIA A10,cf187d9
cifar10,vit_b16,8,ssd,a5.0_l0.1_b128,100,5000,42,0,fp32,98.2900,98.2333,98.8000,98.1000,0.0000,+0.1333,98.9333,1132.727,NVIDIA A10,cf187d9
cifar10,vit_b16,8,ssd,a5.0_l0.1_b128,25,5000,42,0,fp32,98.2900,98.2333,98.8000,98.1000,0.0000,+0.1333,98.9333,1131.161,NVIDIA A10,cf187d9
cifar10,vit_b16,8,ssd,a5.0_l0.1_b128,5,5000,42,0,fp32,98.2900,98.2333,98.8000,98.1000,0.0000,+0.1333,98.9333,1130.651,NVIDIA A10,cf187d9
cifar10,vit_b16,8,ssd,a5.0_l0.1_b128,500,5000,42,0,fp32,98.2900,98.2556,98.6000,98.1000,0.0000,+0.1556,98.7556,1141.081,NVIDIA A10,cf187d9
cifar10,vit_b16,8,ssd,a5.0_l0.1_b128,5000,5000,42,0,fp32,8.6200,9.5778,0.0000,98.1000,0.0000,-88.5222,88.5222,1247.478,NVIDIA A10,cf187d9
cifar10,vit_b16,8,unact,ffn_dla_last4_p85.0_g0.1_k5,1,5000,42,0,fp32,83.9700,88.8667,39.9000,98.1000,0.0000,-9.2333,49.1333,0.218,NVIDIA A10,cf187d9
cifar10,vit_b16,8,unact,ffn_dla_last4_p85.0_g0.1_k5,10,5000,42,0,fp32,81.3800,88.8222,14.4000,98.1000,0.0000,-9.2778,23.6778,0.144,NVIDIA A10,cf187d9
cifar10,vit_b16,8,unact,ffn_dla_last4_p85.0_g0.1_k5,100,5000,42,0,fp32,80.1100,87.8444,10.5000,98.1000,0.0000,-10.2556,20.7556,1.201,NVIDIA A10,cf187d9
cifar10,vit_b16,8,unact,ffn_dla_last4_p85.0_g0.1_k5,25,5000,42,0,fp32,80.7100,88.5333,10.3000,98.1000,0.0000,-9.5667,19.8667,0.338,NVIDIA A10,cf187d9
cifar10,vit_b16,8,unact,ffn_dla_last4_p85.0_g0.1_k5,5,5000,42,0,fp32,83.6300,90.8556,18.6000,98.1000,0.0000,-7.2444,25.8444,0.095,NVIDIA A10,cf187d9
cifar10,vit_b16,8,unact,ffn_dla_last4_p85.0_g0.1_k5,500,5000,42,0,fp32,79.1600,87.1000,7.7000,98.1000,0.0000,-11.0000,18.7000,7.205,NVIDIA A10,cf187d9
cifar10,vit_b16,8,unact,ffn_dla_last4_p85.0_g0.1_k5,5000,5000,42,0,fp32,79.4400,87.2000,9.6000,98.1000,0.0000,-10.9000,20.5000,64.787,NVIDIA A10,cf187d9
