dataset,arch,forget_class,method,relearn_m,retain_per_step,step,seed,lr,d_f,d_r,d_f_at_step0,baseline_d_f,recovery_pct,eval_device,git_commit
cifar10,resnet18,0,gold,1,4.0,0,42,0.01,0.0000,95.1222,0.0000,95.9000,0.00,NVIDIA L4,4875190
cifar10,resnet18,0,gold,1,4.0,1,42,0.01,0.0000,94.5111,0.0000,95.9000,0.00,NVIDIA L4,4875190
cifar10,resnet18,0,gold,1,4.0,10,42,0.01,0.0000,36.2000,0.0000,95.9000,0.00,NVIDIA L4,4875190
cifar10,resnet18,0,gold,1,4.0,2,42,0.01,0.0000,91.5222,0.0000,95.9000,0.00,NVIDIA L4,4875190
cifar10,resnet18,0,gold,1,4.0,20,42,0.01,0.0000,26.7667,0.0000,95.9000,0.00,NVIDIA L4,4875190
cifar10,resnet18,0,gold,1,4.0,5,42,0.01,0.0000,66.8667,0.0000,95.9000,0.00,NVIDIA L4,4875190
cifar10,resnet18,0,gold,1,4.0,50,42,0.01,45.9000,20.3444,0.0000,95.9000,47.86,NVIDIA L4,4875190
cifar10,resnet18,0,gold,25,4.0,0,42,0.01,0.0000,95.1222,0.0000,95.9000,0.00,NVIDIA L4,4875190
cifar10,resnet18,0,gold,25,4.0,1,42,0.01,0.0000,95.1333,0.0000,95.9000,0.00,NVIDIA L4,4875190
cifar10,resnet18,0,gold,25,4.0,10,42,0.01,0.0000,92.5222,0.0000,95.9000,0.00,NVIDIA L4,4875190
cifar10,resnet18,0,gold,25,4.0,2,42,0.01,0.0000,95.0111,0.0000,95.9000,0.00,NVIDIA L4,4875190
cifar10,resnet18,0,gold,25,4.0,20,42,0.01,0.0000,90.9111,0.0000,95.9000,0.00,NVIDIA L4,4875190
cifar10,resnet18,0,gold,25,4.0,5,42,0.01,0.0000,94.5333,0.0000,95.9000,0.00,NVIDIA L4,4875190
cifar10,resnet18,0,gold,25,4.0,50,42,0.01,83.9000,82.4222,0.0000,95.9000,87.49,NVIDIA L4,4875190
cifar10,resnet18,0,gold,5,4.0,0,42,0.01,0.0000,95.1222,0.0000,95.9000,0.00,NVIDIA L4,4875190
cifar10,resnet18,0,gold,5,4.0,1,42,0.01,0.0000,95.0444,0.0000,95.9000,0.00,NVIDIA L4,4875190
cifar10,resnet18,0,gold,5,4.0,10,42,0.01,0.0000,85.2444,0.0000,95.9000,0.00,NVIDIA L4,4875190
cifar10,resnet18,0,gold,5,4.0,2,42,0.01,0.0000,94.8444,0.0000,95.9000,0.00,NVIDIA L4,4875190
cifar10,resnet18,0,gold,5,4.0,20,42,0.01,0.0000,84.4000,0.0000,95.9000,0.00,NVIDIA L4,4875190
cifar10,resnet18,0,gold,5,4.0,5,42,0.01,0.0000,92.8778,0.0000,95.9000,0.00,NVIDIA L4,4875190
cifar10,resnet18,0,gold,5,4.0,50,42,0.01,69.5000,75.8778,0.0000,95.9000,72.47,NVIDIA L4,4875190
cifar10,resnet18,0,ssd,1,4.0,0,42,0.01,0.0000,95.1667,0.0000,95.9000,0.00,NVIDIA L4,4875190
cifar10,resnet18,0,ssd,1,4.0,1,42,0.01,0.0000,95.0444,0.0000,95.9000,0.00,NVIDIA L4,4875190
cifar10,resnet18,0,ssd,1,4.0,10,42,0.01,68.9000,71.0000,0.0000,95.9000,71.85,NVIDIA L4,4875190
cifar10,resnet18,0,ssd,1,4.0,2,42,0.01,0.0000,94.5111,0.0000,95.9000,0.00,NVIDIA L4,4875190
cifar10,resnet18,0,ssd,1,4.0,20,42,0.01,85.6000,53.6556,0.0000,95.9000,89.26,NVIDIA L4,4875190
cifar10,resnet18,0,ssd,1,4.0,5,42,0.01,0.0000,87.5889,0.0000,95.9000,0.00,NVIDIA L4,4875190
cifar10,resnet18,0,ssd,1,4.0,50,42,0.01,57.4000,33.8778,0.0000,95.9000,59.85,NVIDIA L4,4875190
cifar10,resnet18,0,ssd,25,4.0,0,42,0.01,0.0000,95.1667,0.0000,95.9000,0.00,NVIDIA L4,4875190
cifar10,resnet18,0,ssd,25,4.0,1,42,0.01,0.0000,95.2667,0.0000,95.9000,0.00,NVIDIA L4,4875190
cifar10,resnet18,0,ssd,25,4.0,10,42,0.01,90.0000,93.9778,0.0000,95.9000,93.85,NVIDIA L4,4875190
cifar10,resnet18,0,ssd,25,4.0,2,42,0.01,0.0000,95.3000,0.0000,95.9000,0.00,NVIDIA L4,4875190
cifar10,resnet18,0,ssd,25,4.0,20,42,0.01,97.7000,89.2889,0.0000,95.9000,101.88,NVIDIA L4,4875190
cifar10,resnet18,0,ssd,25,4.0,5,42,0.01,22.0000,95.1333,0.0000,95.9000,22.94,NVIDIA L4,4875190
cifar10,resnet18,0,ssd,25,4.0,50,42,0.01,93.6000,90.5333,0.0000,95.9000,97.60,NVIDIA L4,4875190
cifar10,resnet18,0,ssd,5,4.0,0,42,0.01,0.0000,95.1667,0.0000,95.9000,0.00,NVIDIA L4,4875190
cifar10,resnet18,0,ssd,5,4.0,1,42,0.01,0.0000,95.2000,0.0000,95.9000,0.00,NVIDIA L4,4875190
cifar10,resnet18,0,ssd,5,4.0,10,42,0.01,81.4000,91.7778,0.0000,95.9000,84.88,NVIDIA L4,4875190
cifar10,resnet18,0,ssd,5,4.0,2,42,0.01,0.0000,95.1000,0.0000,95.9000,0.00,NVIDIA L4,4875190
cifar10,resnet18,0,ssd,5,4.0,20,42,0.01,92.8000,86.7111,0.0000,95.9000,96.77,NVIDIA L4,4875190
cifar10,resnet18,0,ssd,5,4.0,5,42,0.01,4.1000,93.9889,0.0000,95.9000,4.28,NVIDIA L4,4875190
cifar10,resnet18,0,ssd,5,4.0,50,42,0.01,83.0000,84.6000,0.0000,95.9000,86.55,NVIDIA L4,4875190
cifar10,resnet18,0,unact,1,4.0,0,42,0.01,0.0000,95.1333,0.0000,95.9000,0.00,NVIDIA L4,4875190
cifar10,resnet18,0,unact,1,4.0,1,42,0.01,0.0000,95.0111,0.0000,95.9000,0.00,NVIDIA L4,4875190
cifar10,resnet18,0,unact,1,4.0,10,42,0.01,40.4000,77.1889,0.0000,95.9000,42.13,NVIDIA L4,4875190
cifar10,resnet18,0,unact,1,4.0,2,42,0.01,0.1000,94.5333,0.0000,95.9000,0.10,NVIDIA L4,4875190
cifar10,resnet18,0,unact,1,4.0,20,42,0.01,64.2000,62.4444,0.0000,95.9000,66.94,NVIDIA L4,4875190
cifar10,resnet18,0,unact,1,4.0,5,42,0.01,0.0000,89.8778,0.0000,95.9000,0.00,NVIDIA L4,4875190
cifar10,resnet18,0,unact,1,4.0,50,42,0.01,69.1000,38.4111,0.0000,95.9000,72.05,NVIDIA L4,4875190
cifar10,resnet18,0,unact,25,4.0,0,42,0.01,0.0000,95.1333,0.0000,95.9000,0.00,NVIDIA L4,4875190
cifar10,resnet18,0,unact,25,4.0,1,42,0.01,0.0000,95.1444,0.0000,95.9000,0.00,NVIDIA L4,4875190
cifar10,resnet18,0,unact,25,4.0,10,42,0.01,54.0000,94.4222,0.0000,95.9000,56.31,NVIDIA L4,4875190
cifar10,resnet18,0,unact,25,4.0,2,42,0.01,0.1000,95.0778,0.0000,95.9000,0.10,NVIDIA L4,4875190
cifar10,resnet18,0,unact,25,4.0,20,42,0.01,90.8000,92.9889,0.0000,95.9000,94.68,NVIDIA L4,4875190
cifar10,resnet18,0,unact,25,4.0,5,42,0.01,10.5000,94.9333,0.0000,95.9000,10.95,NVIDIA L4,4875190
cifar10,resnet18,0,unact,25,4.0,50,42,0.01,92.8000,91.7889,0.0000,95.9000,96.77,NVIDIA L4,4875190
cifar10,resnet18,0,unact,5,4.0,0,42,0.01,0.0000,95.1333,0.0000,95.9000,0.00,NVIDIA L4,4875190
cifar10,resnet18,0,unact,5,4.0,1,42,0.01,0.0000,95.1111,0.0000,95.9000,0.00,NVIDIA L4,4875190
cifar10,resnet18,0,unact,5,4.0,10,42,0.01,44.2000,93.5667,0.0000,95.9000,46.09,NVIDIA L4,4875190
cifar10,resnet18,0,unact,5,4.0,2,42,0.01,0.0000,95.0111,0.0000,95.9000,0.00,NVIDIA L4,4875190
cifar10,resnet18,0,unact,5,4.0,20,42,0.01,82.2000,91.7333,0.0000,95.9000,85.71,NVIDIA L4,4875190
cifar10,resnet18,0,unact,5,4.0,5,42,0.01,0.2000,94.5222,0.0000,95.9000,0.21,NVIDIA L4,4875190
cifar10,resnet18,0,unact,5,4.0,50,42,0.01,83.2000,88.8889,0.0000,95.9000,86.76,NVIDIA L4,4875190
cifar10,resnet18,2,gold,1,4.0,0,42,0.01,0.0000,95.4889,0.0000,92.9000,0.00,NVIDIA L4,4875190
cifar10,resnet18,2,gold,1,4.0,1,42,0.01,0.0000,95.2556,0.0000,92.9000,0.00,NVIDIA L4,4875190
cifar10,resnet18,2,gold,1,4.0,10,42,0.01,0.0000,91.0667,0.0000,92.9000,0.00,NVIDIA L4,4875190
cifar10,resnet18,2,gold,1,4.0,2,42,0.01,0.0000,95.0667,0.0000,92.9000,0.00,NVIDIA L4,4875190
cifar10,resnet18,2,gold,1,4.0,20,42,0.01,0.0000,81.8000,0.0000,92.9000,0.00,NVIDIA L4,4875190
cifar10,resnet18,2,gold,1,4.0,5,42,0.01,0.0000,93.6667,0.0000,92.9000,0.00,NVIDIA L4,4875190
cifar10,resnet18,2,gold,1,4.0,50,42,0.01,0.5000,71.4667,0.0000,92.9000,0.54,NVIDIA L4,4875190
cifar10,resnet18,2,gold,25,4.0,0,42,0.01,0.0000,95.4889,0.0000,92.9000,0.00,NVIDIA L4,4875190
cifar10,resnet18,2,gold,25,4.0,1,42,0.01,0.0000,95.4667,0.0000,92.9000,0.00,NVIDIA L4,4875190
cifar10,resnet18,2,gold,25,4.0,10,42,0.01,0.0000,93.8778,0.0000,92.9000,0.00,NVIDIA L4,4875190
cifar10,resnet18,2,gold,25,4.0,2,42,0.01,0.0000,95.3000,0.0000,92.9000,0.00,NVIDIA L4,4875190
cifar10,resnet18,2,gold,25,4.0,20,42,0.01,0.0000,92.5333,0.0000,92.9000,0.00,NVIDIA L4,4875190
cifar10,resnet18,2,gold,25,4.0,5,42,0.01,0.0000,94.9333,0.0000,92.9000,0.00,NVIDIA L4,4875190
cifar10,resnet18,2,gold,25,4.0,50,42,0.01,69.9000,87.3889,0.0000,92.9000,75.24,NVIDIA L4,4875190
cifar10,resnet18,2,gold,5,4.0,0,42,0.01,0.0000,95.4889,0.0000,92.9000,0.00,NVIDIA L4,4875190
cifar10,resnet18,2,gold,5,4.0,1,42,0.01,0.0000,95.4333,0.0000,92.9000,0.00,NVIDIA L4,4875190
cifar10,resnet18,2,gold,5,4.0,10,42,0.01,0.0000,90.7889,0.0000,92.9000,0.00,NVIDIA L4,4875190
cifar10,resnet18,2,gold,5,4.0,2,42,0.01,0.0000,95.2667,0.0000,92.9000,0.00,NVIDIA L4,4875190
cifar10,resnet18,2,gold,5,4.0,20,42,0.01,0.0000,87.9111,0.0000,92.9000,0.00,NVIDIA L4,4875190
cifar10,resnet18,2,gold,5,4.0,5,42,0.01,0.0000,93.8667,0.0000,92.9000,0.00,NVIDIA L4,4875190
cifar10,resnet18,2,gold,5,4.0,50,42,0.01,51.9000,72.6222,0.0000,92.9000,55.87,NVIDIA L4,4875190
cifar10,resnet18,2,ssd,1,4.0,0,42,0.01,0.0000,95.5889,0.0000,92.9000,0.00,NVIDIA L4,4875190
cifar10,resnet18,2,ssd,1,4.0,1,42,0.01,0.0000,95.5778,0.0000,92.9000,0.00,NVIDIA L4,4875190
cifar10,resnet18,2,ssd,1,4.0,10,42,0.01,43.5000,88.6333,0.0000,92.9000,46.82,NVIDIA L4,4875190
cifar10,resnet18,2,ssd,1,4.0,2,42,0.01,0.0000,95.3889,0.0000,92.9000,0.00,NVIDIA L4,4875190
cifar10,resnet18,2,ssd,1,4.0,20,42,0.01,56.5000,79.6111,0.0000,92.9000,60.82,NVIDIA L4,4875190
cifar10,resnet18,2,ssd,1,4.0,5,42,0.01,11.2000,93.7889,0.0000,92.9000,12.06,NVIDIA L4,4875190
cifar10,resnet18,2,ssd,1,4.0,50,42,0.01,64.3000,69.9667,0.0000,92.9000,69.21,NVIDIA L4,4875190
cifar10,resnet18,2,ssd,25,4.0,0,42,0.01,0.0000,95.5889,0.0000,92.9000,0.00,NVIDIA L4,4875190
cifar10,resnet18,2,ssd,25,4.0,1,42,0.01,0.0000,95.6000,0.0000,92.9000,0.00,NVIDIA L4,4875190
cifar10,resnet18,2,ssd,25,4.0,10,42,0.01,86.0000,94.6444,0.0000,92.9000,92.57,NVIDIA L4,4875190
cifar10,resnet18,2,ssd,25,4.0,2,42,0.01,0.2000,95.5556,0.0000,92.9000,0.22,NVIDIA L4,4875190
cifar10,resnet18,2,ssd,25,4.0,20,42,0.01,95.3000,92.6222,0.0000,92.9000,102.58,NVIDIA L4,4875190
cifar10,resnet18,2,ssd,25,4.0,5,42,0.01,28.3000,95.3333,0.0000,92.9000,30.46,NVIDIA L4,4875190
cifar10,resnet18,2,ssd,25,4.0,50,42,0.01,93.5000,92.6444,0.0000,92.9000,100.65,NVIDIA L4,4875190
cifar10,resnet18,2,ssd,5,4.0,0,42,0.01,0.0000,95.5889,0.0000,92.9000,0.00,NVIDIA L4,4875190
cifar10,resnet18,2,ssd,5,4.0,1,42,0.01,0.0000,95.5889,0.0000,92.9000,0.00,NVIDIA L4,4875190
cifar10,resnet18,2,ssd,5,4.0,10,42,0.01,73.6000,92.8778,0.0000,92.9000,79.22,NVIDIA L4,4875190
cifar10,resnet18,2,ssd,5,4.0,2,42,0.01,0.2000,95.4667,0.0000,92.9000,0.22,NVIDIA L4,4875190
cifar10,resnet18,2,ssd,5,4.0,20,42,0.01,85.7000,89.3333,0.0000,92.9000,92.25,NVIDIA L4,4875190
cifar10,resnet18,2,ssd,5,4.0,5,42,0.01,24.2000,94.6000,0.0000,92.9000,26.05,NVIDIA L4,4875190
cifar10,resnet18,2,ssd,5,4.0,50,42,0.01,82.6000,87.6889,0.0000,92.9000,88.91,NVIDIA L4,4875190
cifar10,resnet18,2,unact,1,4.0,0,42,0.01,0.0000,95.6556,0.0000,92.9000,0.00,NVIDIA L4,4875190
cifar10,resnet18,2,unact,1,4.0,1,42,0.01,0.0000,95.3889,0.0000,92.9000,0.00,NVIDIA L4,4875190
cifar10,resnet18,2,unact,1,4.0,10,42,0.01,23.4000,86.4000,0.0000,92.9000,25.19,NVIDIA L4,4875190
cifar10,resnet18,2,unact,1,4.0,2,42,0.01,1.0000,95.2333,0.0000,92.9000,1.08,NVIDIA L4,4875190
cifar10,resnet18,2,unact,1,4.0,20,42,0.01,21.9000,74.2333,0.0000,92.9000,23.57,NVIDIA L4,4875190
cifar10,resnet18,2,unact,1,4.0,5,42,0.01,8.9000,92.8333,0.0000,92.9000,9.58,NVIDIA L4,4875190
cifar10,resnet18,2,unact,1,4.0,50,42,0.01,35.8000,63.7778,0.0000,92.9000,38.54,NVIDIA L4,4875190
cifar10,resnet18,2,unact,25,4.0,0,42,0.01,0.0000,95.6556,0.0000,92.9000,0.00,NVIDIA L4,4875190
cifar10,resnet18,2,unact,25,4.0,1,42,0.01,0.0000,95.6111,0.0000,92.9000,0.00,NVIDIA L4,4875190
cifar10,resnet18,2,unact,25,4.0,10,42,0.01,70.6000,95.2000,0.0000,92.9000,76.00,NVIDIA L4,4875190
cifar10,resnet18,2,unact,25,4.0,2,42,0.01,1.1000,95.5889,0.0000,92.9000,1.18,NVIDIA L4,4875190
cifar10,resnet18,2,unact,25,4.0,20,42,0.01,87.1000,94.5667,0.0000,92.9000,93.76,NVIDIA L4,4875190
cifar10,resnet18,2,unact,25,4.0,5,42,0.01,24.7000,95.4444,0.0000,92.9000,26.59,NVIDIA L4,4875190
cifar10,resnet18,2,unact,25,4.0,50,42,0.01,91.4000,93.5000,0.0000,92.9000,98.39,NVIDIA L4,4875190
cifar10,resnet18,2,unact,5,4.0,0,42,0.01,0.0000,95.6556,0.0000,92.9000,0.00,NVIDIA L4,4875190
cifar10,resnet18,2,unact,5,4.0,1,42,0.01,0.2000,95.6000,0.0000,92.9000,0.22,NVIDIA L4,4875190
cifar10,resnet18,2,unact,5,4.0,10,42,0.01,61.6000,94.3556,0.0000,92.9000,66.31,NVIDIA L4,4875190
cifar10,resnet18,2,unact,5,4.0,2,42,0.01,0.7000,95.4778,0.0000,92.9000,0.75,NVIDIA L4,4875190
cifar10,resnet18,2,unact,5,4.0,20,42,0.01,77.6000,93.2444,0.0000,92.9000,83.53,NVIDIA L4,4875190
cifar10,resnet18,2,unact,5,4.0,5,42,0.01,16.8000,95.2111,0.0000,92.9000,18.08,NVIDIA L4,4875190
cifar10,resnet18,2,unact,5,4.0,50,42,0.01,80.8000,91.6333,0.0000,92.9000,86.98,NVIDIA L4,4875190
cifar10,resnet18,3,gold,1,4.0,0,42,0.01,0.0000,96.4556,0.0000,88.3000,0.00,NVIDIA L4,4875190
cifar10,resnet18,3,gold,1,4.0,1,42,0.01,0.0000,96.3667,0.0000,88.3000,0.00,NVIDIA L4,4875190
cifar10,resnet18,3,gold,1,4.0,10,42,0.01,0.0000,87.4889,0.0000,88.3000,0.00,NVIDIA L4,4875190
cifar10,resnet18,3,gold,1,4.0,2,42,0.01,0.0000,95.9778,0.0000,88.3000,0.00,NVIDIA L4,4875190
cifar10,resnet18,3,gold,1,4.0,20,42,0.01,0.0000,74.8667,0.0000,88.3000,0.00,NVIDIA L4,4875190
cifar10,resnet18,3,gold,1,4.0,5,42,0.01,0.0000,93.3000,0.0000,88.3000,0.00,NVIDIA L4,4875190
cifar10,resnet18,3,gold,1,4.0,50,42,0.01,91.3000,22.8000,0.0000,88.3000,103.40,NVIDIA L4,4875190
cifar10,resnet18,3,gold,25,4.0,0,42,0.01,0.0000,96.4556,0.0000,88.3000,0.00,NVIDIA L4,4875190
cifar10,resnet18,3,gold,25,4.0,1,42,0.01,0.0000,96.5111,0.0000,88.3000,0.00,NVIDIA L4,4875190
cifar10,resnet18,3,gold,25,4.0,10,42,0.01,0.0000,94.2333,0.0000,88.3000,0.00,NVIDIA L4,4875190
cifar10,resnet18,3,gold,25,4.0,2,42,0.01,0.0000,96.4222,0.0000,88.3000,0.00,NVIDIA L4,4875190
cifar10,resnet18,3,gold,25,4.0,20,42,0.01,0.0000,92.9667,0.0000,88.3000,0.00,NVIDIA L4,4875190
cifar10,resnet18,3,gold,25,4.0,5,42,0.01,0.0000,95.9000,0.0000,88.3000,0.00,NVIDIA L4,4875190
cifar10,resnet18,3,gold,25,4.0,50,42,0.01,74.2000,88.6000,0.0000,88.3000,84.03,NVIDIA L4,4875190
cifar10,resnet18,3,gold,5,4.0,0,42,0.01,0.0000,96.4556,0.0000,88.3000,0.00,NVIDIA L4,4875190
cifar10,resnet18,3,gold,5,4.0,1,42,0.01,0.0000,96.2556,0.0000,88.3000,0.00,NVIDIA L4,4875190
cifar10,resnet18,3,gold,5,4.0,10,42,0.01,0.0000,86.3111,0.0000,88.3000,0.00,NVIDIA L4,4875190
cifar10,resnet18,3,gold,5,4.0,2,42,0.01,0.0000,95.9444,0.0000,88.3000,0.00,NVIDIA L4,4875190
cifar10,resnet18,3,gold,5,4.0,20,42,0.01,0.0000,80.8111,0.0000,88.3000,0.00,NVIDIA L4,4875190
cifar10,resnet18,3,gold,5,4.0,5,42,0.01,0.0000,93.2000,0.0000,88.3000,0.00,NVIDIA L4,4875190
cifar10,resnet18,3,gold,5,4.0,50,42,0.01,8.3000,68.5667,0.0000,88.3000,9.40,NVIDIA L4,4875190
cifar10,resnet18,3,ssd,1,4.0,0,42,0.01,0.0000,95.3222,0.0000,88.3000,0.00,NVIDIA L4,4875190
cifar10,resnet18,3,ssd,1,4.0,1,42,0.01,0.0000,94.3778,0.0000,88.3000,0.00,NVIDIA L4,4875190
cifar10,resnet18,3,ssd,1,4.0,10,42,0.01,3.0000,43.4556,0.0000,88.3000,3.40,NVIDIA L4,4875190
cifar10,resnet18,3,ssd,1,4.0,2,42,0.01,0.0000,91.6111,0.0000,88.3000,0.00,NVIDIA L4,4875190
cifar10,resnet18,3,ssd,1,4.0,20,42,0.01,4.4000,28.5000,0.0000,88.3000,4.98,NVIDIA L4,4875190
cifar10,resnet18,3,ssd,1,4.0,5,42,0.01,0.0000,72.3889,0.0000,88.3000,0.00,NVIDIA L4,4875190
cifar10,resnet18,3,ssd,1,4.0,50,42,0.01,0.6000,18.0889,0.0000,88.3000,0.68,NVIDIA L4,4875190
cifar10,resnet18,3,ssd,25,4.0,0,42,0.01,0.0000,95.3222,0.0000,88.3000,0.00,NVIDIA L4,4875190
cifar10,resnet18,3,ssd,25,4.0,1,42,0.01,0.0000,95.4222,0.0000,88.3000,0.00,NVIDIA L4,4875190
cifar10,resnet18,3,ssd,25,4.0,10,42,0.01,74.8000,93.5444,0.0000,88.3000,84.71,NVIDIA L4,4875190
cifar10,resnet18,3,ssd,25,4.0,2,42,0.01,0.0000,95.5222,0.0000,88.3000,0.00,NVIDIA L4,4875190
cifar10,resnet18,3,ssd,25,4.0,20,42,0.01,93.4000,88.7000,0.0000,88.3000,105.78,NVIDIA L4,4875190
cifar10,resnet18,3,ssd,25,4.0,5,42,0.01,9.5000,95.4778,0.0000,88.3000,10.76,NVIDIA L4,4875190
cifar10,resnet18,3,ssd,25,4.0,50,42,0.01,91.4000,89.7444,0.0000,88.3000,103.51,NVIDIA L4,4875190
cifar10,resnet18,3,ssd,5,4.0,0,42,0.01,0.0000,95.3222,0.0000,88.3000,0.00,NVIDIA L4,4875190
cifar10,resnet18,3,ssd,5,4.0,1,42,0.01,0.0000,95.1889,0.0000,88.3000,0.00,NVIDIA L4,4875190
cifar10,resnet18,3,ssd,5,4.0,10,42,0.01,18.6000,92.7222,0.0000,88.3000,21.06,NVIDIA L4,4875190
cifar10,resnet18,3,ssd,5,4.0,2,42,0.01,0.0000,94.9222,0.0000,88.3000,0.00,NVIDIA L4,4875190
cifar10,resnet18,3,ssd,5,4.0,20,42,0.01,67.9000,87.8444,0.0000,88.3000,76.90,NVIDIA L4,4875190
cifar10,resnet18,3,ssd,5,4.0,5,42,0.01,0.0000,94.4111,0.0000,88.3000,0.00,NVIDIA L4,4875190
cifar10,resnet18,3,ssd,5,4.0,50,42,0.01,75.6000,83.2222,0.0000,88.3000,85.62,NVIDIA L4,4875190
cifar10,resnet18,3,unact,1,4.0,0,42,0.01,0.0000,96.3667,0.0000,88.3000,0.00,NVIDIA L4,4875190
cifar10,resnet18,3,unact,1,4.0,1,42,0.01,0.7000,96.2778,0.0000,88.3000,0.79,NVIDIA L4,4875190
cifar10,resnet18,3,unact,1,4.0,10,42,0.01,40.2000,92.5444,0.0000,88.3000,45.53,NVIDIA L4,4875190
cifar10,resnet18,3,unact,1,4.0,2,42,0.01,1.5000,96.0889,0.0000,88.3000,1.70,NVIDIA L4,4875190
cifar10,resnet18,3,unact,1,4.0,20,42,0.01,53.7000,86.3222,0.0000,88.3000,60.82,NVIDIA L4,4875190
cifar10,resnet18,3,unact,1,4.0,5,42,0.01,9.3000,95.2111,0.0000,88.3000,10.53,NVIDIA L4,4875190
cifar10,resnet18,3,unact,1,4.0,50,42,0.01,39.9000,73.4667,0.0000,88.3000,45.19,NVIDIA L4,4875190
cifar10,resnet18,3,unact,25,4.0,0,42,0.01,0.0000,96.3667,0.0000,88.3000,0.00,NVIDIA L4,4875190
cifar10,resnet18,3,unact,25,4.0,1,42,0.01,0.0000,96.3333,0.0000,88.3000,0.00,NVIDIA L4,4875190
cifar10,resnet18,3,unact,25,4.0,10,42,0.01,56.5000,96.2778,0.0000,88.3000,63.99,NVIDIA L4,4875190
cifar10,resnet18,3,unact,25,4.0,2,42,0.01,1.0000,96.3667,0.0000,88.3000,1.13,NVIDIA L4,4875190
cifar10,resnet18,3,unact,25,4.0,20,42,0.01,79.7000,95.9000,0.0000,88.3000,90.26,NVIDIA L4,4875190
cifar10,resnet18,3,unact,25,4.0,5,42,0.01,21.0000,96.3778,0.0000,88.3000,23.78,NVIDIA L4,4875190
cifar10,resnet18,3,unact,25,4.0,50,42,0.01,86.6000,94.8556,0.0000,88.3000,98.07,NVIDIA L4,4875190
cifar10,resnet18,3,unact,5,4.0,0,42,0.01,0.0000,96.3667,0.0000,88.3000,0.00,NVIDIA L4,4875190
cifar10,resnet18,3,unact,5,4.0,1,42,0.01,0.1000,96.3889,0.0000,88.3000,0.11,NVIDIA L4,4875190
cifar10,resnet18,3,unact,5,4.0,10,42,0.01,44.3000,95.5111,0.0000,88.3000,50.17,NVIDIA L4,4875190
cifar10,resnet18,3,unact,5,4.0,2,42,0.01,0.8000,96.2889,0.0000,88.3000,0.91,NVIDIA L4,4875190
cifar10,resnet18,3,unact,5,4.0,20,42,0.01,69.8000,93.3222,0.0000,88.3000,79.05,NVIDIA L4,4875190
cifar10,resnet18,3,unact,5,4.0,5,42,0.01,14.6000,96.2333,0.0000,88.3000,16.53,NVIDIA L4,4875190
cifar10,resnet18,3,unact,5,4.0,50,42,0.01,78.0000,88.1333,0.0000,88.3000,88.34,NVIDIA L4,4875190
cifar10,resnet18,5,gold,1,4.0,0,42,0.01,0.0000,95.9444,0.0000,92.6000,0.00,NVIDIA L4,4875190
cifar10,resnet18,5,gold,1,4.0,1,42,0.01,0.0000,96.0333,0.0000,92.6000,0.00,NVIDIA L4,4875190
cifar10,resnet18,5,gold,1,4.0,10,42,0.01,0.0000,90.9000,0.0000,92.6000,0.00,NVIDIA L4,4875190
cifar10,resnet18,5,gold,1,4.0,2,42,0.01,0.0000,95.8111,0.0000,92.6000,0.00,NVIDIA L4,4875190
cifar10,resnet18,5,gold,1,4.0,20,42,0.01,0.0000,86.7333,0.0000,92.6000,0.00,NVIDIA L4,4875190
cifar10,resnet18,5,gold,1,4.0,5,42,0.01,0.0000,93.3333,0.0000,92.6000,0.00,NVIDIA L4,4875190
cifar10,resnet18,5,gold,1,4.0,50,42,0.01,0.3000,73.1333,0.0000,92.6000,0.32,NVIDIA L4,4875190
cifar10,resnet18,5,gold,25,4.0,0,42,0.01,0.0000,95.9444,0.0000,92.6000,0.00,NVIDIA L4,4875190
cifar10,resnet18,5,gold,25,4.0,1,42,0.01,0.0000,95.9556,0.0000,92.6000,0.00,NVIDIA L4,4875190
cifar10,resnet18,5,gold,25,4.0,10,42,0.01,0.0000,90.4111,0.0000,92.6000,0.00,NVIDIA L4,4875190
cifar10,resnet18,5,gold,25,4.0,2,42,0.01,0.0000,95.8556,0.0000,92.6000,0.00,NVIDIA L4,4875190
cifar10,resnet18,5,gold,25,4.0,20,42,0.01,0.0000,90.4222,0.0000,92.6000,0.00,NVIDIA L4,4875190
cifar10,resnet18,5,gold,25,4.0,5,42,0.01,0.0000,95.4111,0.0000,92.6000,0.00,NVIDIA L4,4875190
cifar10,resnet18,5,gold,25,4.0,50,42,0.01,78.6000,83.5000,0.0000,92.6000,84.88,NVIDIA L4,4875190
cifar10,resnet18,5,gold,5,4.0,0,42,0.01,0.0000,95.9444,0.0000,92.6000,0.00,NVIDIA L4,4875190
cifar10,resnet18,5,gold,5,4.0,1,42,0.01,0.0000,95.8111,0.0000,92.6000,0.00,NVIDIA L4,4875190
cifar10,resnet18,5,gold,5,4.0,10,42,0.01,0.0000,85.2444,0.0000,92.6000,0.00,NVIDIA L4,4875190
cifar10,resnet18,5,gold,5,4.0,2,42,0.01,0.0000,95.4333,0.0000,92.6000,0.00,NVIDIA L4,4875190
cifar10,resnet18,5,gold,5,4.0,20,42,0.01,0.0000,82.3444,0.0000,92.6000,0.00,NVIDIA L4,4875190
cifar10,resnet18,5,gold,5,4.0,5,42,0.01,0.0000,92.9444,0.0000,92.6000,0.00,NVIDIA L4,4875190
cifar10,resnet18,5,gold,5,4.0,50,42,0.01,63.9000,68.0222,0.0000,92.6000,69.01,NVIDIA L4,4875190
cifar10,resnet18,5,ssd,1,4.0,0,42,0.01,0.0000,96.0222,0.0000,92.6000,0.00,NVIDIA L4,4875190
cifar10,resnet18,5,ssd,1,4.0,1,42,0.01,0.0000,96.0333,0.0000,92.6000,0.00,NVIDIA L4,4875190
cifar10,resnet18,5,ssd,1,4.0,10,42,0.01,47.5000,66.2222,0.0000,92.6000,51.30,NVIDIA L4,4875190
cifar10,resnet18,5,ssd,1,4.0,2,42,0.01,0.5000,95.6667,0.0000,92.6000,0.54,NVIDIA L4,4875190
cifar10,resnet18,5,ssd,1,4.0,20,42,0.01,11.0000,52.9000,0.0000,92.6000,11.88,NVIDIA L4,4875190
cifar10,resnet18,5,ssd,1,4.0,5,42,0.01,10.3000,88.1222,0.0000,92.6000,11.12,NVIDIA L4,4875190
cifar10,resnet18,5,ssd,1,4.0,50,42,0.01,0.3000,40.6778,0.0000,92.6000,0.32,NVIDIA L4,4875190
cifar10,resnet18,5,ssd,25,4.0,0,42,0.01,0.0000,96.0222,0.0000,92.6000,0.00,NVIDIA L4,4875190
cifar10,resnet18,5,ssd,25,4.0,1,42,0.01,0.0000,96.0444,0.0000,92.6000,0.00,NVIDIA L4,4875190
cifar10,resnet18,5,ssd,25,4.0,10,42,0.01,91.9000,93.9889,0.0000,92.6000,99.24,NVIDIA L4,4875190
cifar10,resnet18,5,ssd,25,4.0,2,42,0.01,1.4000,95.9778,0.0000,92.6000,1.51,NVIDIA L4,4875190
cifar10,resnet18,5,ssd,25,4.0,20,42,0.01,97.5000,90.4889,0.0000,92.6000,105.29,NVIDIA L4,4875190
cifar10,resnet18,5,ssd,25,4.0,5,42,0.01,44.8000,95.7889,0.0000,92.6000,48.38,NVIDIA L4,4875190
cifar10,resnet18,5,ssd,25,4.0,50,42,0.01,96.3000,91.4222,0.0000,92.6000,104.00,NVIDIA L4,4875190
cifar10,resnet18,5,ssd,5,4.0,0,42,0.01,0.0000,96.0222,0.0000,92.6000,0.00,NVIDIA L4,4875190
cifar10,resnet18,5,ssd,5,4.0,1,42,0.01,0.0000,95.9444,0.0000,92.6000,0.00,NVIDIA L4,4875190
cifar10,resnet18,5,ssd,5,4.0,10,42,0.01,80.9000,92.2889,0.0000,92.6000,87.37,NVIDIA L4,4875190
cifar10,resnet18,5,ssd,5,4.0,2,42,0.01,0.7000,96.0111,0.0000,92.6000,0.76,NVIDIA L4,4875190
cifar10,resnet18,5,ssd,5,4.0,20,42,0.01,94.0000,85.3556,0.0000,92.6000,101.51,NVIDIA L4,4875190
cifar10,resnet18,5,ssd,5,4.0,5,42,0.01,20.0000,95.2444,0.0000,92.6000,21.60,NVIDIA L4,4875190
cifar10,resnet18,5,ssd,5,4.0,50,42,0.01,93.9000,81.8889,0.0000,92.6000,101.40,NVIDIA L4,4875190
cifar10,resnet18,5,unact,1,4.0,0,42,0.01,0.0000,95.8111,0.0000,92.6000,0.00,NVIDIA L4,4875190
cifar10,resnet18,5,unact,1,4.0,1,42,0.01,0.0000,95.8667,0.0000,92.6000,0.00,NVIDIA L4,4875190
cifar10,resnet18,5,unact,1,4.0,10,42,0.01,0.4000,90.4333,0.0000,92.6000,0.43,NVIDIA L4,4875190
cifar10,resnet18,5,unact,1,4.0,2,42,0.01,0.0000,95.7778,0.0000,92.6000,0.00,NVIDIA L4,4875190
cifar10,resnet18,5,unact,1,4.0,20,42,0.01,9.9000,76.1222,0.0000,92.6000,10.69,NVIDIA L4,4875190
cifar10,resnet18,5,unact,1,4.0,5,42,0.01,2.3000,94.2222,0.0000,92.6000,2.48,NVIDIA L4,4875190
cifar10,resnet18,5,unact,1,4.0,50,42,0.01,6.4000,54.1667,0.0000,92.6000,6.91,NVIDIA L4,4875190
cifar10,resnet18,5,unact,25,4.0,0,42,0.01,0.0000,95.8111,0.0000,92.6000,0.00,NVIDIA L4,4875190
cifar10,resnet18,5,unact,25,4.0,1,42,0.01,0.0000,95.8444,0.0000,92.6000,0.00,NVIDIA L4,4875190
cifar10,resnet18,5,unact,25,4.0,10,42,0.01,10.1000,95.6667,0.0000,92.6000,10.91,NVIDIA L4,4875190
cifar10,resnet18,5,unact,25,4.0,2,42,0.01,0.1000,95.9667,0.0000,92.6000,0.11,NVIDIA L4,4875190
cifar10,resnet18,5,unact,25,4.0,20,42,0.01,69.6000,95.0778,0.0000,92.6000,75.16,NVIDIA L4,4875190
cifar10,resnet18,5,unact,25,4.0,5,42,0.01,5.3000,95.9444,0.0000,92.6000,5.72,NVIDIA L4,4875190
cifar10,resnet18,5,unact,25,4.0,50,42,0.01,92.8000,93.2667,0.0000,92.6000,100.22,NVIDIA L4,4875190
cifar10,resnet18,5,unact,5,4.0,0,42,0.01,0.0000,95.8111,0.0000,92.6000,0.00,NVIDIA L4,4875190
cifar10,resnet18,5,unact,5,4.0,1,42,0.01,0.0000,95.9222,0.0000,92.6000,0.00,NVIDIA L4,4875190
cifar10,resnet18,5,unact,5,4.0,10,42,0.01,3.6000,93.8667,0.0000,92.6000,3.89,NVIDIA L4,4875190
cifar10,resnet18,5,unact,5,4.0,2,42,0.01,0.0000,95.9111,0.0000,92.6000,0.00,NVIDIA L4,4875190
cifar10,resnet18,5,unact,5,4.0,20,42,0.01,61.4000,91.5889,0.0000,92.6000,66.31,NVIDIA L4,4875190
cifar10,resnet18,5,unact,5,4.0,5,42,0.01,0.5000,95.3000,0.0000,92.6000,0.54,NVIDIA L4,4875190
cifar10,resnet18,5,unact,5,4.0,50,42,0.01,90.3000,88.7444,0.0000,92.6000,97.52,NVIDIA L4,4875190
cifar10,resnet18,8,gold,1,4.0,0,42,0.01,0.0000,95.0000,0.0000,96.7000,0.00,NVIDIA L4,4875190
cifar10,resnet18,8,gold,1,4.0,1,42,0.01,0.0000,93.4000,0.0000,96.7000,0.00,NVIDIA L4,4875190
cifar10,resnet18,8,gold,1,4.0,10,42,0.01,0.0000,36.5000,0.0000,96.7000,0.00,NVIDIA L4,4875190
cifar10,resnet18,8,gold,1,4.0,2,42,0.01,0.0000,88.2778,0.0000,96.7000,0.00,NVIDIA L4,4875190
cifar10,resnet18,8,gold,1,4.0,20,42,0.01,0.0000,26.8667,0.0000,96.7000,0.00,NVIDIA L4,4875190
cifar10,resnet18,8,gold,1,4.0,5,42,0.01,0.0000,60.2667,0.0000,96.7000,0.00,NVIDIA L4,4875190
cifar10,resnet18,8,gold,1,4.0,50,42,0.01,86.5000,15.2333,0.0000,96.7000,89.45,NVIDIA L4,4875190
cifar10,resnet18,8,gold,25,4.0,0,42,0.01,0.0000,95.0000,0.0000,96.7000,0.00,NVIDIA L4,4875190
cifar10,resnet18,8,gold,25,4.0,1,42,0.01,0.0000,95.1667,0.0000,96.7000,0.00,NVIDIA L4,4875190
cifar10,resnet18,8,gold,25,4.0,10,42,0.01,0.0000,92.4667,0.0000,96.7000,0.00,NVIDIA L4,4875190
cifar10,resnet18,8,gold,25,4.0,2,42,0.01,0.0000,95.0667,0.0000,96.7000,0.00,NVIDIA L4,4875190
cifar10,resnet18,8,gold,25,4.0,20,42,0.01,0.0000,93.9000,0.0000,96.7000,0.00,NVIDIA L4,4875190
cifar10,resnet18,8,gold,25,4.0,5,42,0.01,0.0000,94.5556,0.0000,96.7000,0.00,NVIDIA L4,4875190
cifar10,resnet18,8,gold,25,4.0,50,42,0.01,69.2000,91.0111,0.0000,96.7000,71.56,NVIDIA L4,4875190
cifar10,resnet18,8,gold,5,4.0,0,42,0.01,0.0000,95.0000,0.0000,96.7000,0.00,NVIDIA L4,4875190
cifar10,resnet18,8,gold,5,4.0,1,42,0.01,0.0000,95.0222,0.0000,96.7000,0.00,NVIDIA L4,4875190
cifar10,resnet18,8,gold,5,4.0,10,42,0.01,0.0000,90.0667,0.0000,96.7000,0.00,NVIDIA L4,4875190
cifar10,resnet18,8,gold,5,4.0,2,42,0.01,0.0000,94.8000,0.0000,96.7000,0.00,NVIDIA L4,4875190
cifar10,resnet18,8,gold,5,4.0,20,42,0.01,0.0000,83.9333,0.0000,96.7000,0.00,NVIDIA L4,4875190
cifar10,resnet18,8,gold,5,4.0,5,42,0.01,0.0000,93.4222,0.0000,96.7000,0.00,NVIDIA L4,4875190
cifar10,resnet18,8,gold,5,4.0,50,42,0.01,78.6000,71.1667,0.0000,96.7000,81.28,NVIDIA L4,4875190
cifar10,resnet18,8,ssd,1,4.0,0,42,0.01,0.0000,95.0778,0.0000,96.7000,0.00,NVIDIA L4,4875190
cifar10,resnet18,8,ssd,1,4.0,1,42,0.01,0.3000,94.0222,0.0000,96.7000,0.31,NVIDIA L4,4875190
cifar10,resnet18,8,ssd,1,4.0,10,42,0.01,73.2000,65.2444,0.0000,96.7000,75.70,NVIDIA L4,4875190
cifar10,resnet18,8,ssd,1,4.0,2,42,0.01,3.0000,91.4444,0.0000,96.7000,3.10,NVIDIA L4,4875190
cifar10,resnet18,8,ssd,1,4.0,20,42,0.01,80.2000,54.9889,0.0000,96.7000,82.94,NVIDIA L4,4875190
cifar10,resnet18,8,ssd,1,4.0,5,42,0.01,53.3000,79.1222,0.0000,96.7000,55.12,NVIDIA L4,4875190
cifar10,resnet18,8,ssd,1,4.0,50,42,0.01,74.5000,44.2778,0.0000,96.7000,77.04,NVIDIA L4,4875190
cifar10,resnet18,8,ssd,25,4.0,0,42,0.01,0.0000,95.0778,0.0000,96.7000,0.00,NVIDIA L4,4875190
cifar10,resnet18,8,ssd,25,4.0,1,42,0.01,1.3000,95.0333,0.0000,96.7000,1.34,NVIDIA L4,4875190
cifar10,resnet18,8,ssd,25,4.0,10,42,0.01,94.1000,94.1111,0.0000,96.7000,97.31,NVIDIA L4,4875190
cifar10,resnet18,8,ssd,25,4.0,2,42,0.01,12.2000,95.1222,0.0000,96.7000,12.62,NVIDIA L4,4875190
cifar10,resnet18,8,ssd,25,4.0,20,42,0.01,97.5000,92.8111,0.0000,96.7000,100.83,NVIDIA L4,4875190
cifar10,resnet18,8,ssd,25,4.0,5,42,0.01,76.8000,94.9556,0.0000,96.7000,79.42,NVIDIA L4,4875190
cifar10,resnet18,8,ssd,25,4.0,50,42,0.01,96.7000,92.8556,0.0000,96.7000,100.00,NVIDIA L4,4875190
cifar10,resnet18,8,ssd,5,4.0,0,42,0.01,0.0000,95.0778,0.0000,96.7000,0.00,NVIDIA L4,4875190
cifar10,resnet18,8,ssd,5,4.0,1,42,0.01,0.2000,95.1000,0.0000,96.7000,0.21,NVIDIA L4,4875190
cifar10,resnet18,8,ssd,5,4.0,10,42,0.01,86.1000,93.5889,0.0000,96.7000,89.04,NVIDIA L4,4875190
cifar10,resnet18,8,ssd,5,4.0,2,42,0.01,3.3000,95.0111,0.0000,96.7000,3.41,NVIDIA L4,4875190
cifar10,resnet18,8,ssd,5,4.0,20,42,0.01,90.2000,91.7667,0.0000,96.7000,93.28,NVIDIA L4,4875190
cifar10,resnet18,8,ssd,5,4.0,5,42,0.01,59.3000,94.6667,0.0000,96.7000,61.32,NVIDIA L4,4875190
cifar10,resnet18,8,ssd,5,4.0,50,42,0.01,87.9000,90.2667,0.0000,96.7000,90.90,NVIDIA L4,4875190
cifar10,resnet18,8,unact,1,4.0,0,42,0.01,0.0000,94.9778,0.0000,96.7000,0.00,NVIDIA L4,4875190
cifar10,resnet18,8,unact,1,4.0,1,42,0.01,0.0000,94.5222,0.0000,96.7000,0.00,NVIDIA L4,4875190
cifar10,resnet18,8,unact,1,4.0,10,42,0.01,25.2000,73.8222,0.0000,96.7000,26.06,NVIDIA L4,4875190
cifar10,resnet18,8,unact,1,4.0,2,42,0.01,0.0000,93.4111,0.0000,96.7000,0.00,NVIDIA L4,4875190
cifar10,resnet18,8,unact,1,4.0,20,42,0.01,48.1000,58.6000,0.0000,96.7000,49.74,NVIDIA L4,4875190
cifar10,resnet18,8,unact,1,4.0,5,42,0.01,0.0000,86.1556,0.0000,96.7000,0.00,NVIDIA L4,4875190
cifar10,resnet18,8,unact,1,4.0,50,42,0.01,58.6000,48.0000,0.0000,96.7000,60.60,NVIDIA L4,4875190
cifar10,resnet18,8,unact,25,4.0,0,42,0.01,0.0000,94.9778,0.0000,96.7000,0.00,NVIDIA L4,4875190
cifar10,resnet18,8,unact,25,4.0,1,42,0.01,0.0000,94.9556,0.0000,96.7000,0.00,NVIDIA L4,4875190
cifar10,resnet18,8,unact,25,4.0,10,42,0.01,46.2000,94.7778,0.0000,96.7000,47.78,NVIDIA L4,4875190
cifar10,resnet18,8,unact,25,4.0,2,42,0.01,0.0000,94.9667,0.0000,96.7000,0.00,NVIDIA L4,4875190
cifar10,resnet18,8,unact,25,4.0,20,42,0.01,86.5000,94.4556,0.0000,96.7000,89.45,NVIDIA L4,4875190
cifar10,resnet18,8,unact,25,4.0,5,42,0.01,5.2000,94.9667,0.0000,96.7000,5.38,NVIDIA L4,4875190
cifar10,resnet18,8,unact,25,4.0,50,42,0.01,96.2000,93.7444,0.0000,96.7000,99.48,NVIDIA L4,4875190
cifar10,resnet18,8,unact,5,4.0,0,42,0.01,0.0000,94.9778,0.0000,96.7000,0.00,NVIDIA L4,4875190
cifar10,resnet18,8,unact,5,4.0,1,42,0.01,0.0000,94.9778,0.0000,96.7000,0.00,NVIDIA L4,4875190
cifar10,resnet18,8,unact,5,4.0,10,42,0.01,30.2000,94.4556,0.0000,96.7000,31.23,NVIDIA L4,4875190
cifar10,resnet18,8,unact,5,4.0,2,42,0.01,0.0000,94.9889,0.0000,96.7000,0.00,NVIDIA L4,4875190
cifar10,resnet18,8,unact,5,4.0,20,42,0.01,69.6000,93.7444,0.0000,96.7000,71.98,NVIDIA L4,4875190
cifar10,resnet18,8,unact,5,4.0,5,42,0.01,0.9000,94.8444,0.0000,96.7000,0.93,NVIDIA L4,4875190
cifar10,resnet18,8,unact,5,4.0,50,42,0.01,85.9000,92.7333,0.0000,96.7000,88.83,NVIDIA L4,4875190
cifar100,resnet18,20,gold,1,4.0,0,42,0.01,0.0000,77.8889,0.0000,91.0000,0.00,NVIDIA L4,4875190
cifar100,resnet18,20,gold,1,4.0,1,42,0.01,0.0000,77.1919,0.0000,91.0000,0.00,NVIDIA L4,4875190
cifar100,resnet18,20,gold,1,4.0,10,42,0.01,2.0000,67.4141,0.0000,91.0000,2.20,NVIDIA L4,4875190
cifar100,resnet18,20,gold,1,4.0,2,42,0.01,0.0000,76.3434,0.0000,91.0000,0.00,NVIDIA L4,4875190
cifar100,resnet18,20,gold,1,4.0,20,42,0.01,98.0000,45.0909,0.0000,91.0000,107.69,NVIDIA L4,4875190
cifar100,resnet18,20,gold,1,4.0,5,42,0.01,0.0000,72.9798,0.0000,91.0000,0.00,NVIDIA L4,4875190
cifar100,resnet18,20,gold,1,4.0,50,42,0.01,100.0000,7.8384,0.0000,91.0000,109.89,NVIDIA L4,4875190
cifar100,resnet18,20,gold,25,4.0,0,42,0.01,0.0000,77.8889,0.0000,91.0000,0.00,NVIDIA L4,4875190
cifar100,resnet18,20,gold,25,4.0,1,42,0.01,0.0000,77.8586,0.0000,91.0000,0.00,NVIDIA L4,4875190
cifar100,resnet18,20,gold,25,4.0,10,42,0.01,7.0000,75.7273,0.0000,91.0000,7.69,NVIDIA L4,4875190
cifar100,resnet18,20,gold,25,4.0,2,42,0.01,0.0000,77.5455,0.0000,91.0000,0.00,NVIDIA L4,4875190
cifar100,resnet18,20,gold,25,4.0,20,42,0.01,99.0000,69.9091,0.0000,91.0000,108.79,NVIDIA L4,4875190
cifar100,resnet18,20,gold,25,4.0,5,42,0.01,0.0000,76.7879,0.0000,91.0000,0.00,NVIDIA L4,4875190
cifar100,resnet18,20,gold,25,4.0,50,42,0.01,99.0000,47.6465,0.0000,91.0000,108.79,NVIDIA L4,4875190
cifar100,resnet18,20,gold,5,4.0,0,42,0.01,0.0000,77.8889,0.0000,91.0000,0.00,NVIDIA L4,4875190
cifar100,resnet18,20,gold,5,4.0,1,42,0.01,0.0000,77.8687,0.0000,91.0000,0.00,NVIDIA L4,4875190
cifar100,resnet18,20,gold,5,4.0,10,42,0.01,3.0000,72.9091,0.0000,91.0000,3.30,NVIDIA L4,4875190
cifar100,resnet18,20,gold,5,4.0,2,42,0.01,0.0000,77.3737,0.0000,91.0000,0.00,NVIDIA L4,4875190
cifar100,resnet18,20,gold,5,4.0,20,42,0.01,99.0000,64.0000,0.0000,91.0000,108.79,NVIDIA L4,4875190
cifar100,resnet18,20,gold,5,4.0,5,42,0.01,0.0000,75.3636,0.0000,91.0000,0.00,NVIDIA L4,4875190
cifar100,resnet18,20,gold,5,4.0,50,42,0.01,100.0000,13.9394,0.0000,91.0000,109.89,NVIDIA L4,4875190
cifar100,resnet18,20,ssd,1,4.0,0,42,0.01,0.0000,77.1616,0.0000,91.0000,0.00,NVIDIA L4,4875190
cifar100,resnet18,20,ssd,1,4.0,1,42,0.01,0.0000,77.0303,0.0000,91.0000,0.00,NVIDIA L4,4875190
cifar100,resnet18,20,ssd,1,4.0,10,42,0.01,85.0000,68.4848,0.0000,91.0000,93.41,NVIDIA L4,4875190
cifar100,resnet18,20,ssd,1,4.0,2,42,0.01,0.0000,76.7071,0.0000,91.0000,0.00,NVIDIA L4,4875190
cifar100,resnet18,20,ssd,1,4.0,20,42,0.01,93.0000,58.9899,0.0000,91.0000,102.20,NVIDIA L4,4875190
cifar100,resnet18,20,ssd,1,4.0,5,42,0.01,24.0000,73.7071,0.0000,91.0000,26.37,NVIDIA L4,4875190
cifar100,resnet18,20,ssd,1,4.0,50,42,0.01,91.0000,47.0909,0.0000,91.0000,100.00,NVIDIA L4,4875190
cifar100,resnet18,20,ssd,25,4.0,0,42,0.01,0.0000,77.1616,0.0000,91.0000,0.00,NVIDIA L4,4875190
cifar100,resnet18,20,ssd,25,4.0,1,42,0.01,0.0000,77.2424,0.0000,91.0000,0.00,NVIDIA L4,4875190
cifar100,resnet18,20,ssd,25,4.0,10,42,0.01,95.0000,75.1313,0.0000,91.0000,104.40,NVIDIA L4,4875190
cifar100,resnet18,20,ssd,25,4.0,2,42,0.01,0.0000,77.1717,0.0000,91.0000,0.00,NVIDIA L4,4875190
cifar100,resnet18,20,ssd,25,4.0,20,42,0.01,100.0000,70.1919,0.0000,91.0000,109.89,NVIDIA L4,4875190
cifar100,resnet18,20,ssd,25,4.0,5,42,0.01,24.0000,76.4747,0.0000,91.0000,26.37,NVIDIA L4,4875190
cifar100,resnet18,20,ssd,25,4.0,50,42,0.01,96.0000,70.6970,0.0000,91.0000,105.49,NVIDIA L4,4875190
cifar100,resnet18,20,ssd,5,4.0,0,42,0.01,0.0000,77.1616,0.0000,91.0000,0.00,NVIDIA L4,4875190
cifar100,resnet18,20,ssd,5,4.0,1,42,0.01,0.0000,77.2727,0.0000,91.0000,0.00,NVIDIA L4,4875190
cifar100,resnet18,20,ssd,5,4.0,10,42,0.01,90.0000,74.6667,0.0000,91.0000,98.90,NVIDIA L4,4875190
cifar100,resnet18,20,ssd,5,4.0,2,42,0.01,0.0000,77.0000,0.0000,91.0000,0.00,NVIDIA L4,4875190
cifar100,resnet18,20,ssd,5,4.0,20,42,0.01,96.0000,71.7172,0.0000,91.0000,105.49,NVIDIA L4,4875190
cifar100,resnet18,20,ssd,5,4.0,5,42,0.01,20.0000,75.9596,0.0000,91.0000,21.98,NVIDIA L4,4875190
cifar100,resnet18,20,ssd,5,4.0,50,42,0.01,94.0000,69.4747,0.0000,91.0000,103.30,NVIDIA L4,4875190
cifar100,resnet18,20,unact,1,4.0,0,42,0.01,0.0000,76.4242,0.0000,91.0000,0.00,NVIDIA L4,4875190
cifar100,resnet18,20,unact,1,4.0,1,42,0.01,0.0000,76.2525,0.0000,91.0000,0.00,NVIDIA L4,4875190
cifar100,resnet18,20,unact,1,4.0,10,42,0.01,86.0000,67.3535,0.0000,91.0000,94.51,NVIDIA L4,4875190
cifar100,resnet18,20,unact,1,4.0,2,42,0.01,4.0000,75.7475,0.0000,91.0000,4.40,NVIDIA L4,4875190
cifar100,resnet18,20,unact,1,4.0,20,42,0.01,86.0000,58.7475,0.0000,91.0000,94.51,NVIDIA L4,4875190
cifar100,resnet18,20,unact,1,4.0,5,42,0.01,47.0000,73.1212,0.0000,91.0000,51.65,NVIDIA L4,4875190
cifar100,resnet18,20,unact,1,4.0,50,42,0.01,61.0000,50.2121,0.0000,91.0000,67.03,NVIDIA L4,4875190
cifar100,resnet18,20,unact,25,4.0,0,42,0.01,0.0000,76.4242,0.0000,91.0000,0.00,NVIDIA L4,4875190
cifar100,resnet18,20,unact,25,4.0,1,42,0.01,0.0000,76.3636,0.0000,91.0000,0.00,NVIDIA L4,4875190
cifar100,resnet18,20,unact,25,4.0,10,42,0.01,96.0000,73.1414,0.0000,91.0000,105.49,NVIDIA L4,4875190
cifar100,resnet18,20,unact,25,4.0,2,42,0.01,4.0000,76.3131,0.0000,91.0000,4.40,NVIDIA L4,4875190
cifar100,resnet18,20,unact,25,4.0,20,42,0.01,99.0000,68.4141,0.0000,91.0000,108.79,NVIDIA L4,4875190
cifar100,resnet18,20,unact,25,4.0,5,42,0.01,57.0000,75.5556,0.0000,91.0000,62.64,NVIDIA L4,4875190
cifar100,resnet18,20,unact,25,4.0,50,42,0.01,95.0000,69.8384,0.0000,91.0000,104.40,NVIDIA L4,4875190
cifar100,resnet18,20,unact,5,4.0,0,42,0.01,0.0000,76.4242,0.0000,91.0000,0.00,NVIDIA L4,4875190
cifar100,resnet18,20,unact,5,4.0,1,42,0.01,0.0000,76.3030,0.0000,91.0000,0.00,NVIDIA L4,4875190
cifar100,resnet18,20,unact,5,4.0,10,42,0.01,91.0000,73.7273,0.0000,91.0000,100.00,NVIDIA L4,4875190
cifar100,resnet18,20,unact,5,4.0,2,42,0.01,4.0000,76.0909,0.0000,91.0000,4.40,NVIDIA L4,4875190
cifar100,resnet18,20,unact,5,4.0,20,42,0.01,94.0000,70.7677,0.0000,91.0000,103.30,NVIDIA L4,4875190
cifar100,resnet18,20,unact,5,4.0,5,42,0.01,57.0000,75.2121,0.0000,91.0000,62.64,NVIDIA L4,4875190
cifar100,resnet18,20,unact,5,4.0,50,42,0.01,88.0000,68.7273,0.0000,91.0000,96.70,NVIDIA L4,4875190
cifar100,resnet18,3,gold,1,4.0,0,42,0.01,0.0000,77.8788,0.0000,68.0000,0.00,NVIDIA L4,4875190
cifar100,resnet18,3,gold,1,4.0,1,42,0.01,0.0000,77.1111,0.0000,68.0000,0.00,NVIDIA L4,4875190
cifar100,resnet18,3,gold,1,4.0,10,42,0.01,0.0000,63.3232,0.0000,68.0000,0.00,NVIDIA L4,4875190
cifar100,resnet18,3,gold,1,4.0,2,42,0.01,0.0000,76.0505,0.0000,68.0000,0.00,NVIDIA L4,4875190
cifar100,resnet18,3,gold,1,4.0,20,42,0.01,86.0000,39.6364,0.0000,68.0000,126.47,NVIDIA L4,4875190
cifar100,resnet18,3,gold,1,4.0,5,42,0.01,0.0000,71.5859,0.0000,68.0000,0.00,NVIDIA L4,4875190
cifar100,resnet18,3,gold,1,4.0,50,42,0.01,100.0000,1.5354,0.0000,68.0000,147.06,NVIDIA L4,4875190
cifar100,resnet18,3,gold,25,4.0,0,42,0.01,0.0000,77.8788,0.0000,68.0000,0.00,NVIDIA L4,4875190
cifar100,resnet18,3,gold,25,4.0,1,42,0.01,0.0000,77.7778,0.0000,68.0000,0.00,NVIDIA L4,4875190
cifar100,resnet18,3,gold,25,4.0,10,42,0.01,0.0000,74.5152,0.0000,68.0000,0.00,NVIDIA L4,4875190
cifar100,resnet18,3,gold,25,4.0,2,42,0.01,0.0000,77.4646,0.0000,68.0000,0.00,NVIDIA L4,4875190
cifar100,resnet18,3,gold,25,4.0,20,42,0.01,93.0000,66.1313,0.0000,68.0000,136.76,NVIDIA L4,4875190
cifar100,resnet18,3,gold,25,4.0,5,42,0.01,0.0000,76.3636,0.0000,68.0000,0.00,NVIDIA L4,4875190
cifar100,resnet18,3,gold,25,4.0,50,42,0.01,100.0000,41.6869,0.0000,68.0000,147.06,NVIDIA L4,4875190
cifar100,resnet18,3,gold,5,4.0,0,42,0.01,0.0000,77.8788,0.0000,68.0000,0.00,NVIDIA L4,4875190
cifar100,resnet18,3,gold,5,4.0,1,42,0.01,0.0000,77.6869,0.0000,68.0000,0.00,NVIDIA L4,4875190
cifar100,resnet18,3,gold,5,4.0,10,42,0.01,0.0000,73.6061,0.0000,68.0000,0.00,NVIDIA L4,4875190
cifar100,resnet18,3,gold,5,4.0,2,42,0.01,0.0000,77.2626,0.0000,68.0000,0.00,NVIDIA L4,4875190
cifar100,resnet18,3,gold,5,4.0,20,42,0.01,86.0000,62.9798,0.0000,68.0000,126.47,NVIDIA L4,4875190
cifar100,resnet18,3,gold,5,4.0,5,42,0.01,0.0000,75.9394,0.0000,68.0000,0.00,NVIDIA L4,4875190
cifar100,resnet18,3,gold,5,4.0,50,42,0.01,100.0000,7.8990,0.0000,68.0000,147.06,NVIDIA L4,4875190
cifar100,resnet18,3,ssd,1,4.0,0,42,0.01,0.0000,77.1818,0.0000,68.0000,0.00,NVIDIA L4,4875190
cifar100,resnet18,3,ssd,1,4.0,1,42,0.01,0.0000,76.7576,0.0000,68.0000,0.00,NVIDIA L4,4875190
cifar100,resnet18,3,ssd,1,4.0,10,42,0.01,26.0000,62.3333,0.0000,68.0000,38.24,NVIDIA L4,4875190
cifar100,resnet18,3,ssd,1,4.0,2,42,0.01,0.0000,75.4949,0.0000,68.0000,0.00,NVIDIA L4,4875190
cifar100,resnet18,3,ssd,1,4.0,20,42,0.01,100.0000,20.2424,0.0000,68.0000,147.06,NVIDIA L4,4875190
cifar100,resnet18,3,ssd,1,4.0,5,42,0.01,0.0000,70.8384,0.0000,68.0000,0.00,NVIDIA L4,4875190
cifar100,resnet18,3,ssd,1,4.0,50,42,0.01,100.0000,0.5758,0.0000,68.0000,147.06,NVIDIA L4,4875190
cifar100,resnet18,3,ssd,25,4.0,0,42,0.01,0.0000,77.1818,0.0000,68.0000,0.00,NVIDIA L4,4875190
cifar100,resnet18,3,ssd,25,4.0,1,42,0.01,0.0000,77.0101,0.0000,68.0000,0.00,NVIDIA L4,4875190
cifar100,resnet18,3,ssd,25,4.0,10,42,0.01,16.0000,75.3434,0.0000,68.0000,23.53,NVIDIA L4,4875190
cifar100,resnet18,3,ssd,25,4.0,2,42,0.01,0.0000,76.8990,0.0000,68.0000,0.00,NVIDIA L4,4875190
cifar100,resnet18,3,ssd,25,4.0,20,42,0.01,99.0000,66.7980,0.0000,68.0000,145.59,NVIDIA L4,4875190
cifar100,resnet18,3,ssd,25,4.0,5,42,0.01,0.0000,76.3434,0.0000,68.0000,0.00,NVIDIA L4,4875190
cifar100,resnet18,3,ssd,25,4.0,50,42,0.01,100.0000,51.8788,0.0000,68.0000,147.06,NVIDIA L4,4875190
cifar100,resnet18,3,ssd,5,4.0,0,42,0.01,0.0000,77.1818,0.0000,68.0000,0.00,NVIDIA L4,4875190
cifar100,resnet18,3,ssd,5,4.0,1,42,0.01,0.0000,76.8586,0.0000,68.0000,0.00,NVIDIA L4,4875190
cifar100,resnet18,3,ssd,5,4.0,10,42,0.01,10.0000,73.2121,0.0000,68.0000,14.71,NVIDIA L4,4875190
cifar100,resnet18,3,ssd,5,4.0,2,42,0.01,0.0000,76.7980,0.0000,68.0000,0.00,NVIDIA L4,4875190
cifar100,resnet18,3,ssd,5,4.0,20,42,0.01,97.0000,57.7172,0.0000,68.0000,142.65,NVIDIA L4,4875190
cifar100,resnet18,3,ssd,5,4.0,5,42,0.01,0.0000,75.5556,0.0000,68.0000,0.00,NVIDIA L4,4875190
cifar100,resnet18,3,ssd,5,4.0,50,42,0.01,100.0000,17.3434,0.0000,68.0000,147.06,NVIDIA L4,4875190
cifar100,resnet18,3,unact,1,4.0,0,42,0.01,0.0000,76.3636,0.0000,68.0000,0.00,NVIDIA L4,4875190
cifar100,resnet18,3,unact,1,4.0,1,42,0.01,0.0000,76.0505,0.0000,68.0000,0.00,NVIDIA L4,4875190
cifar100,resnet18,3,unact,1,4.0,10,42,0.01,26.0000,61.6566,0.0000,68.0000,38.24,NVIDIA L4,4875190
cifar100,resnet18,3,unact,1,4.0,2,42,0.01,0.0000,74.8687,0.0000,68.0000,0.00,NVIDIA L4,4875190
cifar100,resnet18,3,unact,1,4.0,20,42,0.01,13.0000,44.1313,0.0000,68.0000,19.12,NVIDIA L4,4875190
cifar100,resnet18,3,unact,1,4.0,5,42,0.01,12.0000,70.4242,0.0000,68.0000,17.65,NVIDIA L4,4875190
cifar100,resnet18,3,unact,1,4.0,50,42,0.01,0.0000,23.1212,0.0000,68.0000,0.00,NVIDIA L4,4875190
cifar100,resnet18,3,unact,25,4.0,0,42,0.01,0.0000,76.3636,0.0000,68.0000,0.00,NVIDIA L4,4875190
cifar100,resnet18,3,unact,25,4.0,1,42,0.01,0.0000,76.3030,0.0000,68.0000,0.00,NVIDIA L4,4875190
cifar100,resnet18,3,unact,25,4.0,10,42,0.01,96.0000,70.5556,0.0000,68.0000,141.18,NVIDIA L4,4875190
cifar100,resnet18,3,unact,25,4.0,2,42,0.01,0.0000,76.3838,0.0000,68.0000,0.00,NVIDIA L4,4875190
cifar100,resnet18,3,unact,25,4.0,20,42,0.01,97.0000,67.9697,0.0000,68.0000,142.65,NVIDIA L4,4875190
cifar100,resnet18,3,unact,25,4.0,5,42,0.01,27.0000,75.8283,0.0000,68.0000,39.71,NVIDIA L4,4875190
cifar100,resnet18,3,unact,25,4.0,50,42,0.01,93.0000,70.6061,0.0000,68.0000,136.76,NVIDIA L4,4875190
cifar100,resnet18,3,unact,5,4.0,0,42,0.01,0.0000,76.3636,0.0000,68.0000,0.00,NVIDIA L4,4875190
cifar100,resnet18,3,unact,5,4.0,1,42,0.01,0.0000,76.4242,0.0000,68.0000,0.00,NVIDIA L4,4875190
cifar100,resnet18,3,unact,5,4.0,10,42,0.01,86.0000,72.3030,0.0000,68.0000,126.47,NVIDIA L4,4875190
cifar100,resnet18,3,unact,5,4.0,2,42,0.01,0.0000,76.2727,0.0000,68.0000,0.00,NVIDIA L4,4875190
cifar100,resnet18,3,unact,5,4.0,20,42,0.01,85.0000,68.7778,0.0000,68.0000,125.00,NVIDIA L4,4875190
cifar100,resnet18,3,unact,5,4.0,5,42,0.01,18.0000,75.5152,0.0000,68.0000,26.47,NVIDIA L4,4875190
cifar100,resnet18,3,unact,5,4.0,50,42,0.01,68.0000,66.7475,0.0000,68.0000,100.00,NVIDIA L4,4875190
cifar100,resnet18,51,gold,1,4.0,0,42,0.01,0.0000,77.7273,0.0000,74.0000,0.00,NVIDIA L4,4875190
cifar100,resnet18,51,gold,1,4.0,1,42,0.01,0.0000,76.7071,0.0000,74.0000,0.00,NVIDIA L4,4875190
cifar100,resnet18,51,gold,1,4.0,10,42,0.01,2.0000,56.2323,0.0000,74.0000,2.70,NVIDIA L4,4875190
cifar100,resnet18,51,gold,1,4.0,2,42,0.01,0.0000,74.9697,0.0000,74.0000,0.00,NVIDIA L4,4875190
cifar100,resnet18,51,gold,1,4.0,20,42,0.01,95.0000,20.8990,0.0000,74.0000,128.38,NVIDIA L4,4875190
cifar100,resnet18,51,gold,1,4.0,5,42,0.01,0.0000,67.4545,0.0000,74.0000,0.00,NVIDIA L4,4875190
cifar100,resnet18,51,gold,1,4.0,50,42,0.01,100.0000,1.3636,0.0000,74.0000,135.14,NVIDIA L4,4875190
cifar100,resnet18,51,gold,25,4.0,0,42,0.01,0.0000,77.7273,0.0000,74.0000,0.00,NVIDIA L4,4875190
cifar100,resnet18,51,gold,25,4.0,1,42,0.01,0.0000,77.7172,0.0000,74.0000,0.00,NVIDIA L4,4875190
cifar100,resnet18,51,gold,25,4.0,10,42,0.01,3.0000,74.8788,0.0000,74.0000,4.05,NVIDIA L4,4875190
cifar100,resnet18,51,gold,25,4.0,2,42,0.01,0.0000,77.3939,0.0000,74.0000,0.00,NVIDIA L4,4875190
cifar100,resnet18,51,gold,25,4.0,20,42,0.01,90.0000,63.4444,0.0000,74.0000,121.62,NVIDIA L4,4875190
cifar100,resnet18,51,gold,25,4.0,5,42,0.01,0.0000,76.6465,0.0000,74.0000,0.00,NVIDIA L4,4875190
cifar100,resnet18,51,gold,25,4.0,50,42,0.01,100.0000,34.9394,0.0000,74.0000,135.14,NVIDIA L4,4875190
cifar100,resnet18,51,gold,5,4.0,0,42,0.01,0.0000,77.7273,0.0000,74.0000,0.00,NVIDIA L4,4875190
cifar100,resnet18,51,gold,5,4.0,1,42,0.01,0.0000,77.3333,0.0000,74.0000,0.00,NVIDIA L4,4875190
cifar100,resnet18,51,gold,5,4.0,10,42,0.01,2.0000,69.3030,0.0000,74.0000,2.70,NVIDIA L4,4875190
cifar100,resnet18,51,gold,5,4.0,2,42,0.01,0.0000,76.7879,0.0000,74.0000,0.00,NVIDIA L4,4875190
cifar100,resnet18,51,gold,5,4.0,20,42,0.01,87.0000,58.6061,0.0000,74.0000,117.57,NVIDIA L4,4875190
cifar100,resnet18,51,gold,5,4.0,5,42,0.01,0.0000,73.8485,0.0000,74.0000,0.00,NVIDIA L4,4875190
cifar100,resnet18,51,gold,5,4.0,50,42,0.01,100.0000,8.8283,0.0000,74.0000,135.14,NVIDIA L4,4875190
cifar100,resnet18,51,ssd,1,4.0,0,42,0.01,0.0000,77.4545,0.0000,74.0000,0.00,NVIDIA L4,4875190
cifar100,resnet18,51,ssd,1,4.0,1,42,0.01,0.0000,76.7273,0.0000,74.0000,0.00,NVIDIA L4,4875190
cifar100,resnet18,51,ssd,1,4.0,10,42,0.01,60.0000,51.9798,0.0000,74.0000,81.08,NVIDIA L4,4875190
cifar100,resnet18,51,ssd,1,4.0,2,42,0.01,0.0000,74.7879,0.0000,74.0000,0.00,NVIDIA L4,4875190
cifar100,resnet18,51,ssd,1,4.0,20,42,0.01,99.0000,14.1515,0.0000,74.0000,133.78,NVIDIA L4,4875190
cifar100,resnet18,51,ssd,1,4.0,5,42,0.01,0.0000,66.3434,0.0000,74.0000,0.00,NVIDIA L4,4875190
cifar100,resnet18,51,ssd,1,4.0,50,42,0.01,100.0000,0.7677,0.0000,74.0000,135.14,NVIDIA L4,4875190
cifar100,resnet18,51,ssd,25,4.0,0,42,0.01,0.0000,77.4545,0.0000,74.0000,0.00,NVIDIA L4,4875190
cifar100,resnet18,51,ssd,25,4.0,1,42,0.01,0.0000,77.3232,0.0000,74.0000,0.00,NVIDIA L4,4875190
cifar100,resnet18,51,ssd,25,4.0,10,42,0.01,49.0000,75.6667,0.0000,74.0000,66.22,NVIDIA L4,4875190
cifar100,resnet18,51,ssd,25,4.0,2,42,0.01,0.0000,77.1313,0.0000,74.0000,0.00,NVIDIA L4,4875190
cifar100,resnet18,51,ssd,25,4.0,20,42,0.01,98.0000,68.5556,0.0000,74.0000,132.43,NVIDIA L4,4875190
cifar100,resnet18,51,ssd,25,4.0,5,42,0.01,0.0000,76.7374,0.0000,74.0000,0.00,NVIDIA L4,4875190
cifar100,resnet18,51,ssd,25,4.0,50,42,0.01,98.0000,64.6667,0.0000,74.0000,132.43,NVIDIA L4,4875190
cifar100,resnet18,51,ssd,5,4.0,0,42,0.01,0.0000,77.4545,0.0000,74.0000,0.00,NVIDIA L4,4875190
cifar100,resnet18,51,ssd,5,4.0,1,42,0.01,0.0000,77.1818,0.0000,74.0000,0.00,NVIDIA L4,4875190
cifar100,resnet18,51,ssd,5,4.0,10,42,0.01,36.0000,71.6768,0.0000,74.0000,48.65,NVIDIA L4,4875190
cifar100,resnet18,51,ssd,5,4.0,2,42,0.01,0.0000,76.8182,0.0000,74.0000,0.00,NVIDIA L4,4875190
cifar100,resnet18,51,ssd,5,4.0,20,42,0.01,91.0000,64.1616,0.0000,74.0000,122.97,NVIDIA L4,4875190
cifar100,resnet18,51,ssd,5,4.0,5,42,0.01,0.0000,75.0404,0.0000,74.0000,0.00,NVIDIA L4,4875190
cifar100,resnet18,51,ssd,5,4.0,50,42,0.01,98.0000,46.4545,0.0000,74.0000,132.43,NVIDIA L4,4875190
cifar100,resnet18,51,unact,1,4.0,0,42,0.01,0.0000,77.0101,0.0000,74.0000,0.00,NVIDIA L4,4875190
cifar100,resnet18,51,unact,1,4.0,1,42,0.01,2.0000,76.3131,0.0000,74.0000,2.70,NVIDIA L4,4875190
cifar100,resnet18,51,unact,1,4.0,10,42,0.01,53.0000,55.6970,0.0000,74.0000,71.62,NVIDIA L4,4875190
cifar100,resnet18,51,unact,1,4.0,2,42,0.01,5.0000,74.8990,0.0000,74.0000,6.76,NVIDIA L4,4875190
cifar100,resnet18,51,unact,1,4.0,20,42,0.01,44.0000,39.7778,0.0000,74.0000,59.46,NVIDIA L4,4875190
cifar100,resnet18,51,unact,1,4.0,5,42,0.01,35.0000,67.8889,0.0000,74.0000,47.30,NVIDIA L4,4875190
cifar100,resnet18,51,unact,1,4.0,50,42,0.01,26.0000,24.0101,0.0000,74.0000,35.14,NVIDIA L4,4875190
cifar100,resnet18,51,unact,25,4.0,0,42,0.01,0.0000,77.0101,0.0000,74.0000,0.00,NVIDIA L4,4875190
cifar100,resnet18,51,unact,25,4.0,1,42,0.01,1.0000,77.1212,0.0000,74.0000,1.35,NVIDIA L4,4875190
cifar100,resnet18,51,unact,25,4.0,10,42,0.01,94.0000,72.6263,0.0000,74.0000,127.03,NVIDIA L4,4875190
cifar100,resnet18,51,unact,25,4.0,2,42,0.01,2.0000,77.0303,0.0000,74.0000,2.70,NVIDIA L4,4875190
cifar100,resnet18,51,unact,25,4.0,20,42,0.01,93.0000,71.5657,0.0000,74.0000,125.68,NVIDIA L4,4875190
cifar100,resnet18,51,unact,25,4.0,5,42,0.01,50.0000,76.4949,0.0000,74.0000,67.57,NVIDIA L4,4875190
cifar100,resnet18,51,unact,25,4.0,50,42,0.01,86.0000,72.0909,0.0000,74.0000,116.22,NVIDIA L4,4875190
cifar100,resnet18,51,unact,5,4.0,0,42,0.01,0.0000,77.0101,0.0000,74.0000,0.00,NVIDIA L4,4875190
cifar100,resnet18,51,unact,5,4.0,1,42,0.01,1.0000,76.9192,0.0000,74.0000,1.35,NVIDIA L4,4875190
cifar100,resnet18,51,unact,5,4.0,10,42,0.01,77.0000,71.5455,0.0000,74.0000,104.05,NVIDIA L4,4875190
cifar100,resnet18,51,unact,5,4.0,2,42,0.01,4.0000,76.7172,0.0000,74.0000,5.41,NVIDIA L4,4875190
cifar100,resnet18,51,unact,5,4.0,20,42,0.01,69.0000,67.2626,0.0000,74.0000,93.24,NVIDIA L4,4875190
cifar100,resnet18,51,unact,5,4.0,5,42,0.01,43.0000,75.0202,0.0000,74.0000,58.11,NVIDIA L4,4875190
cifar100,resnet18,51,unact,5,4.0,50,42,0.01,33.0000,63.0303,0.0000,74.0000,44.59,NVIDIA L4,4875190
cifar100,resnet18,69,gold,1,4.0,0,42,0.01,0.0000,77.4949,0.0000,82.0000,0.00,NVIDIA L4,4875190
cifar100,resnet18,69,gold,1,4.0,1,42,0.01,0.0000,77.1010,0.0000,82.0000,0.00,NVIDIA L4,4875190
cifar100,resnet18,69,gold,1,4.0,10,42,0.01,1.0000,62.9697,0.0000,82.0000,1.22,NVIDIA L4,4875190
cifar100,resnet18,69,gold,1,4.0,2,42,0.01,0.0000,76.1010,0.0000,82.0000,0.00,NVIDIA L4,4875190
cifar100,resnet18,69,gold,1,4.0,20,42,0.01,98.0000,15.5556,0.0000,82.0000,119.51,NVIDIA L4,4875190
cifar100,resnet18,69,gold,1,4.0,5,42,0.01,0.0000,71.5152,0.0000,82.0000,0.00,NVIDIA L4,4875190
cifar100,resnet18,69,gold,1,4.0,50,42,0.01,100.0000,0.0505,0.0000,82.0000,121.95,NVIDIA L4,4875190
cifar100,resnet18,69,gold,25,4.0,0,42,0.01,0.0000,77.4949,0.0000,82.0000,0.00,NVIDIA L4,4875190
cifar100,resnet18,69,gold,25,4.0,1,42,0.01,0.0000,77.5960,0.0000,82.0000,0.00,NVIDIA L4,4875190
cifar100,resnet18,69,gold,25,4.0,10,42,0.01,23.0000,74.9596,0.0000,82.0000,28.05,NVIDIA L4,4875190
cifar100,resnet18,69,gold,25,4.0,2,42,0.01,0.0000,77.5051,0.0000,82.0000,0.00,NVIDIA L4,4875190
cifar100,resnet18,69,gold,25,4.0,20,42,0.01,96.0000,67.3838,0.0000,82.0000,117.07,NVIDIA L4,4875190
cifar100,resnet18,69,gold,25,4.0,5,42,0.01,0.0000,76.5960,0.0000,82.0000,0.00,NVIDIA L4,4875190
cifar100,resnet18,69,gold,25,4.0,50,42,0.01,100.0000,43.9293,0.0000,82.0000,121.95,NVIDIA L4,4875190
cifar100,resnet18,69,gold,5,4.0,0,42,0.01,0.0000,77.4949,0.0000,82.0000,0.00,NVIDIA L4,4875190
cifar100,resnet18,69,gold,5,4.0,1,42,0.01,0.0000,77.4646,0.0000,82.0000,0.00,NVIDIA L4,4875190
cifar100,resnet18,69,gold,5,4.0,10,42,0.01,1.0000,73.2828,0.0000,82.0000,1.22,NVIDIA L4,4875190
cifar100,resnet18,69,gold,5,4.0,2,42,0.01,0.0000,77.1818,0.0000,82.0000,0.00,NVIDIA L4,4875190
cifar100,resnet18,69,gold,5,4.0,20,42,0.01,92.0000,67.1414,0.0000,82.0000,112.20,NVIDIA L4,4875190
cifar100,resnet18,69,gold,5,4.0,5,42,0.01,0.0000,75.9192,0.0000,82.0000,0.00,NVIDIA L4,4875190
cifar100,resnet18,69,gold,5,4.0,50,42,0.01,100.0000,17.8687,0.0000,82.0000,121.95,NVIDIA L4,4875190
cifar100,resnet18,69,ssd,1,4.0,0,42,0.01,0.0000,77.0404,0.0000,82.0000,0.00,NVIDIA L4,4875190
cifar100,resnet18,69,ssd,1,4.0,1,42,0.01,0.0000,77.0202,0.0000,82.0000,0.00,NVIDIA L4,4875190
cifar100,resnet18,69,ssd,1,4.0,10,42,0.01,67.0000,64.4242,0.0000,82.0000,81.71,NVIDIA L4,4875190
cifar100,resnet18,69,ssd,1,4.0,2,42,0.01,0.0000,76.0606,0.0000,82.0000,0.00,NVIDIA L4,4875190
cifar100,resnet18,69,ssd,1,4.0,20,42,0.01,99.0000,20.3838,0.0000,82.0000,120.73,NVIDIA L4,4875190
cifar100,resnet18,69,ssd,1,4.0,5,42,0.01,0.0000,73.0303,0.0000,82.0000,0.00,NVIDIA L4,4875190
cifar100,resnet18,69,ssd,1,4.0,50,42,0.01,100.0000,1.5354,0.0000,82.0000,121.95,NVIDIA L4,4875190
cifar100,resnet18,69,ssd,25,4.0,0,42,0.01,0.0000,77.0404,0.0000,82.0000,0.00,NVIDIA L4,4875190
cifar100,resnet18,69,ssd,25,4.0,1,42,0.01,0.0000,77.1717,0.0000,82.0000,0.00,NVIDIA L4,4875190
cifar100,resnet18,69,ssd,25,4.0,10,42,0.01,47.0000,75.3131,0.0000,82.0000,57.32,NVIDIA L4,4875190
cifar100,resnet18,69,ssd,25,4.0,2,42,0.01,0.0000,77.1818,0.0000,82.0000,0.00,NVIDIA L4,4875190
cifar100,resnet18,69,ssd,25,4.0,20,42,0.01,98.0000,68.7273,0.0000,82.0000,119.51,NVIDIA L4,4875190
cifar100,resnet18,69,ssd,25,4.0,5,42,0.01,0.0000,76.6061,0.0000,82.0000,0.00,NVIDIA L4,4875190
cifar100,resnet18,69,ssd,25,4.0,50,42,0.01,100.0000,56.0202,0.0000,82.0000,121.95,NVIDIA L4,4875190
cifar100,resnet18,69,ssd,5,4.0,0,42,0.01,0.0000,77.0404,0.0000,82.0000,0.00,NVIDIA L4,4875190
cifar100,resnet18,69,ssd,5,4.0,1,42,0.01,0.0000,77.1313,0.0000,82.0000,0.00,NVIDIA L4,4875190
cifar100,resnet18,69,ssd,5,4.0,10,42,0.01,39.0000,73.7576,0.0000,82.0000,47.56,NVIDIA L4,4875190
cifar100,resnet18,69,ssd,5,4.0,2,42,0.01,0.0000,76.7677,0.0000,82.0000,0.00,NVIDIA L4,4875190
cifar100,resnet18,69,ssd,5,4.0,20,42,0.01,97.0000,62.2929,0.0000,82.0000,118.29,NVIDIA L4,4875190
cifar100,resnet18,69,ssd,5,4.0,5,42,0.01,0.0000,75.8586,0.0000,82.0000,0.00,NVIDIA L4,4875190
cifar100,resnet18,69,ssd,5,4.0,50,42,0.01,100.0000,23.1212,0.0000,82.0000,121.95,NVIDIA L4,4875190
cifar100,resnet18,69,unact,1,4.0,0,42,0.01,0.0000,76.3737,0.0000,82.0000,0.00,NVIDIA L4,4875190
cifar100,resnet18,69,unact,1,4.0,1,42,0.01,0.0000,76.2929,0.0000,82.0000,0.00,NVIDIA L4,4875190
cifar100,resnet18,69,unact,1,4.0,10,42,0.01,75.0000,64.5152,0.0000,82.0000,91.46,NVIDIA L4,4875190
cifar100,resnet18,69,unact,1,4.0,2,42,0.01,0.0000,75.5960,0.0000,82.0000,0.00,NVIDIA L4,4875190
cifar100,resnet18,69,unact,1,4.0,20,42,0.01,80.0000,51.3838,0.0000,82.0000,97.56,NVIDIA L4,4875190
cifar100,resnet18,69,unact,1,4.0,5,42,0.01,29.0000,71.6768,0.0000,82.0000,35.37,NVIDIA L4,4875190
cifar100,resnet18,69,unact,1,4.0,50,42,0.01,82.0000,34.1212,0.0000,82.0000,100.00,NVIDIA L4,4875190
cifar100,resnet18,69,unact,25,4.0,0,42,0.01,0.0000,76.3737,0.0000,82.0000,0.00,NVIDIA L4,4875190
cifar100,resnet18,69,unact,25,4.0,1,42,0.01,0.0000,76.4242,0.0000,82.0000,0.00,NVIDIA L4,4875190
cifar100,resnet18,69,unact,25,4.0,10,42,0.01,93.0000,73.6768,0.0000,82.0000,113.41,NVIDIA L4,4875190
cifar100,resnet18,69,unact,25,4.0,2,42,0.01,3.0000,76.4747,0.0000,82.0000,3.66,NVIDIA L4,4875190
cifar100,resnet18,69,unact,25,4.0,20,42,0.01,97.0000,70.3737,0.0000,82.0000,118.29,NVIDIA L4,4875190
cifar100,resnet18,69,unact,25,4.0,5,42,0.01,52.0000,75.7980,0.0000,82.0000,63.41,NVIDIA L4,4875190
cifar100,resnet18,69,unact,25,4.0,50,42,0.01,97.0000,71.1010,0.0000,82.0000,118.29,NVIDIA L4,4875190
cifar100,resnet18,69,unact,5,4.0,0,42,0.01,0.0000,76.3737,0.0000,82.0000,0.00,NVIDIA L4,4875190
cifar100,resnet18,69,unact,5,4.0,1,42,0.01,0.0000,76.3535,0.0000,82.0000,0.00,NVIDIA L4,4875190
cifar100,resnet18,69,unact,5,4.0,10,42,0.01,85.0000,72.1919,0.0000,82.0000,103.66,NVIDIA L4,4875190
cifar100,resnet18,69,unact,5,4.0,2,42,0.01,0.0000,76.1212,0.0000,82.0000,0.00,NVIDIA L4,4875190
cifar100,resnet18,69,unact,5,4.0,20,42,0.01,93.0000,69.4646,0.0000,82.0000,113.41,NVIDIA L4,4875190
cifar100,resnet18,69,unact,5,4.0,5,42,0.01,39.0000,74.8182,0.0000,82.0000,47.56,NVIDIA L4,4875190
cifar100,resnet18,69,unact,5,4.0,50,42,0.01,96.0000,65.2424,0.0000,82.0000,117.07,NVIDIA L4,4875190
cifar100,resnet18,85,gold,1,4.0,0,42,0.01,0.0000,77.5354,0.0000,90.0000,0.00,NVIDIA L4,4875190
cifar100,resnet18,85,gold,1,4.0,1,42,0.01,0.0000,77.4242,0.0000,90.0000,0.00,NVIDIA L4,4875190
cifar100,resnet18,85,gold,1,4.0,10,42,0.01,0.0000,69.1717,0.0000,90.0000,0.00,NVIDIA L4,4875190
cifar100,resnet18,85,gold,1,4.0,2,42,0.01,0.0000,76.8586,0.0000,90.0000,0.00,NVIDIA L4,4875190
cifar100,resnet18,85,gold,1,4.0,20,42,0.01,79.0000,46.2323,0.0000,90.0000,87.78,NVIDIA L4,4875190
cifar100,resnet18,85,gold,1,4.0,5,42,0.01,0.0000,74.7071,0.0000,90.0000,0.00,NVIDIA L4,4875190
cifar100,resnet18,85,gold,1,4.0,50,42,0.01,98.0000,11.1010,0.0000,90.0000,108.89,NVIDIA L4,4875190
cifar100,resnet18,85,gold,25,4.0,0,42,0.01,0.0000,77.5354,0.0000,90.0000,0.00,NVIDIA L4,4875190
cifar100,resnet18,85,gold,25,4.0,1,42,0.01,0.0000,77.3838,0.0000,90.0000,0.00,NVIDIA L4,4875190
cifar100,resnet18,85,gold,25,4.0,10,42,0.01,0.0000,75.8788,0.0000,90.0000,0.00,NVIDIA L4,4875190
cifar100,resnet18,85,gold,25,4.0,2,42,0.01,0.0000,77.3434,0.0000,90.0000,0.00,NVIDIA L4,4875190
cifar100,resnet18,85,gold,25,4.0,20,42,0.01,97.0000,67.5152,0.0000,90.0000,107.78,NVIDIA L4,4875190
cifar100,resnet18,85,gold,25,4.0,5,42,0.01,0.0000,76.8384,0.0000,90.0000,0.00,NVIDIA L4,4875190
cifar100,resnet18,85,gold,25,4.0,50,42,0.01,100.0000,39.7273,0.0000,90.0000,111.11,NVIDIA L4,4875190
cifar100,resnet18,85,gold,5,4.0,0,42,0.01,0.0000,77.5354,0.0000,90.0000,0.00,NVIDIA L4,4875190
cifar100,resnet18,85,gold,5,4.0,1,42,0.01,0.0000,77.2525,0.0000,90.0000,0.00,NVIDIA L4,4875190
cifar100,resnet18,85,gold,5,4.0,10,42,0.01,0.0000,69.9495,0.0000,90.0000,0.00,NVIDIA L4,4875190
cifar100,resnet18,85,gold,5,4.0,2,42,0.01,0.0000,76.8788,0.0000,90.0000,0.00,NVIDIA L4,4875190
cifar100,resnet18,85,gold,5,4.0,20,42,0.01,82.0000,58.2020,0.0000,90.0000,91.11,NVIDIA L4,4875190
cifar100,resnet18,85,gold,5,4.0,5,42,0.01,0.0000,74.6465,0.0000,90.0000,0.00,NVIDIA L4,4875190
cifar100,resnet18,85,gold,5,4.0,50,42,0.01,100.0000,7.2222,0.0000,90.0000,111.11,NVIDIA L4,4875190
cifar100,resnet18,85,ssd,1,4.0,0,42,0.01,0.0000,77.1717,0.0000,90.0000,0.00,NVIDIA L4,4875190
cifar100,resnet18,85,ssd,1,4.0,1,42,0.01,0.0000,76.8586,0.0000,90.0000,0.00,NVIDIA L4,4875190
cifar100,resnet18,85,ssd,1,4.0,10,42,0.01,28.0000,66.4040,0.0000,90.0000,31.11,NVIDIA L4,4875190
cifar100,resnet18,85,ssd,1,4.0,2,42,0.01,0.0000,76.2626,0.0000,90.0000,0.00,NVIDIA L4,4875190
cifar100,resnet18,85,ssd,1,4.0,20,42,0.01,95.0000,48.1717,0.0000,90.0000,105.56,NVIDIA L4,4875190
cifar100,resnet18,85,ssd,1,4.0,5,42,0.01,0.0000,73.3636,0.0000,90.0000,0.00,NVIDIA L4,4875190
cifar100,resnet18,85,ssd,1,4.0,50,42,0.01,100.0000,27.3535,0.0000,90.0000,111.11,NVIDIA L4,4875190
cifar100,resnet18,85,ssd,25,4.0,0,42,0.01,0.0000,77.1717,0.0000,90.0000,0.00,NVIDIA L4,4875190
cifar100,resnet18,85,ssd,25,4.0,1,42,0.01,0.0000,77.0909,0.0000,90.0000,0.00,NVIDIA L4,4875190
cifar100,resnet18,85,ssd,25,4.0,10,42,0.01,54.0000,76.0707,0.0000,90.0000,60.00,NVIDIA L4,4875190
cifar100,resnet18,85,ssd,25,4.0,2,42,0.01,0.0000,77.0707,0.0000,90.0000,0.00,NVIDIA L4,4875190
cifar100,resnet18,85,ssd,25,4.0,20,42,0.01,99.0000,69.6263,0.0000,90.0000,110.00,NVIDIA L4,4875190
cifar100,resnet18,85,ssd,25,4.0,5,42,0.01,0.0000,76.8788,0.0000,90.0000,0.00,NVIDIA L4,4875190
cifar100,resnet18,85,ssd,25,4.0,50,42,0.01,100.0000,55.5657,0.0000,90.0000,111.11,NVIDIA L4,4875190
cifar100,resnet18,85,ssd,5,4.0,0,42,0.01,0.0000,77.1717,0.0000,90.0000,0.00,NVIDIA L4,4875190
cifar100,resnet18,85,ssd,5,4.0,1,42,0.01,0.0000,77.1414,0.0000,90.0000,0.00,NVIDIA L4,4875190
cifar100,resnet18,85,ssd,5,4.0,10,42,0.01,26.0000,70.8384,0.0000,90.0000,28.89,NVIDIA L4,4875190
cifar100,resnet18,85,ssd,5,4.0,2,42,0.01,0.0000,76.6162,0.0000,90.0000,0.00,NVIDIA L4,4875190
cifar100,resnet18,85,ssd,5,4.0,20,42,0.01,96.0000,59.7475,0.0000,90.0000,106.67,NVIDIA L4,4875190
cifar100,resnet18,85,ssd,5,4.0,5,42,0.01,0.0000,74.4545,0.0000,90.0000,0.00,NVIDIA L4,4875190
cifar100,resnet18,85,ssd,5,4.0,50,42,0.01,100.0000,26.8990,0.0000,90.0000,111.11,NVIDIA L4,4875190
cifar100,resnet18,85,unact,1,4.0,0,42,0.01,0.0000,76.6263,0.0000,90.0000,0.00,NVIDIA L4,4875190
cifar100,resnet18,85,unact,1,4.0,1,42,0.01,0.0000,76.2020,0.0000,90.0000,0.00,NVIDIA L4,4875190
cifar100,resnet18,85,unact,1,4.0,10,42,0.01,30.0000,65.6364,0.0000,90.0000,33.33,NVIDIA L4,4875190
cifar100,resnet18,85,unact,1,4.0,2,42,0.01,0.0000,75.6162,0.0000,90.0000,0.00,NVIDIA L4,4875190
cifar100,resnet18,85,unact,1,4.0,20,42,0.01,15.0000,55.6869,0.0000,90.0000,16.67,NVIDIA L4,4875190
cifar100,resnet18,85,unact,1,4.0,5,42,0.01,8.0000,72.2020,0.0000,90.0000,8.89,NVIDIA L4,4875190
cifar100,resnet18,85,unact,1,4.0,50,42,0.01,6.0000,48.2828,0.0000,90.0000,6.67,NVIDIA L4,4875190
cifar100,resnet18,85,unact,25,4.0,0,42,0.01,0.0000,76.6263,0.0000,90.0000,0.00,NVIDIA L4,4875190
cifar100,resnet18,85,unact,25,4.0,1,42,0.01,0.0000,76.6263,0.0000,90.0000,0.00,NVIDIA L4,4875190
cifar100,resnet18,85,unact,25,4.0,10,42,0.01,97.0000,74.8283,0.0000,90.0000,107.78,NVIDIA L4,4875190
cifar100,resnet18,85,unact,25,4.0,2,42,0.01,2.0000,76.4646,0.0000,90.0000,2.22,NVIDIA L4,4875190
cifar100,resnet18,85,unact,25,4.0,20,42,0.01,100.0000,71.0606,0.0000,90.0000,111.11,NVIDIA L4,4875190
cifar100,resnet18,85,unact,25,4.0,5,42,0.01,31.0000,76.1616,0.0000,90.0000,34.44,NVIDIA L4,4875190
cifar100,resnet18,85,unact,25,4.0,50,42,0.01,94.0000,71.1818,0.0000,90.0000,104.44,NVIDIA L4,4875190
cifar100,resnet18,85,unact,5,4.0,0,42,0.01,0.0000,76.6263,0.0000,90.0000,0.00,NVIDIA L4,4875190
cifar100,resnet18,85,unact,5,4.0,1,42,0.01,0.0000,76.3131,0.0000,90.0000,0.00,NVIDIA L4,4875190
cifar100,resnet18,85,unact,5,4.0,10,42,0.01,79.0000,70.3030,0.0000,90.0000,87.78,NVIDIA L4,4875190
cifar100,resnet18,85,unact,5,4.0,2,42,0.01,1.0000,76.0101,0.0000,90.0000,1.11,NVIDIA L4,4875190
cifar100,resnet18,85,unact,5,4.0,20,42,0.01,84.0000,63.7475,0.0000,90.0000,93.33,NVIDIA L4,4875190
cifar100,resnet18,85,unact,5,4.0,5,42,0.01,25.0000,74.0505,0.0000,90.0000,27.78,NVIDIA L4,4875190
cifar100,resnet18,85,unact,5,4.0,50,42,0.01,56.0000,58.2424,0.0000,90.0000,62.22,NVIDIA L4,4875190
cifar20,resnet18,10,gold,1,4.0,0,42,0.01,0.0000,85.8632,0.0000,91.0000,0.00,NVIDIA L4,4875190
cifar20,resnet18,10,gold,1,4.0,1,42,0.01,0.0000,85.5684,0.0000,91.0000,0.00,NVIDIA L4,4875190
cifar20,resnet18,10,gold,1,4.0,10,42,0.01,0.0000,71.4211,0.0000,91.0000,0.00,NVIDIA L4,4875190
cifar20,resnet18,10,gold,1,4.0,2,42,0.01,0.0000,84.2211,0.0000,91.0000,0.00,NVIDIA L4,4875190
cifar20,resnet18,10,gold,1,4.0,20,42,0.01,0.0000,61.7368,0.0000,91.0000,0.00,NVIDIA L4,4875190
cifar20,resnet18,10,gold,1,4.0,5,42,0.01,0.0000,79.8421,0.0000,91.0000,0.00,NVIDIA L4,4875190
cifar20,resnet18,10,gold,1,4.0,50,42,0.01,55.4000,40.7368,0.0000,91.0000,60.88,NVIDIA L4,4875190
cifar20,resnet18,10,gold,25,4.0,0,42,0.01,0.0000,85.8632,0.0000,91.0000,0.00,NVIDIA L4,4875190
cifar20,resnet18,10,gold,25,4.0,1,42,0.01,0.0000,85.8211,0.0000,91.0000,0.00,NVIDIA L4,4875190
cifar20,resnet18,10,gold,25,4.0,10,42,0.01,0.0000,83.5895,0.0000,91.0000,0.00,NVIDIA L4,4875190
cifar20,resnet18,10,gold,25,4.0,2,42,0.01,0.0000,85.5158,0.0000,91.0000,0.00,NVIDIA L4,4875190
cifar20,resnet18,10,gold,25,4.0,20,42,0.01,1.0000,82.1474,0.0000,91.0000,1.10,NVIDIA L4,4875190
cifar20,resnet18,10,gold,25,4.0,5,42,0.01,0.0000,84.8105,0.0000,91.0000,0.00,NVIDIA L4,4875190
cifar20,resnet18,10,gold,25,4.0,50,42,0.01,94.0000,68.6105,0.0000,91.0000,103.30,NVIDIA L4,4875190
cifar20,resnet18,10,gold,5,4.0,0,42,0.01,0.0000,85.8632,0.0000,91.0000,0.00,NVIDIA L4,4875190
cifar20,resnet18,10,gold,5,4.0,1,42,0.01,0.0000,85.7053,0.0000,91.0000,0.00,NVIDIA L4,4875190
cifar20,resnet18,10,gold,5,4.0,10,42,0.01,0.0000,79.0526,0.0000,91.0000,0.00,NVIDIA L4,4875190
cifar20,resnet18,10,gold,5,4.0,2,42,0.01,0.0000,85.3263,0.0000,91.0000,0.00,NVIDIA L4,4875190
cifar20,resnet18,10,gold,5,4.0,20,42,0.01,0.0000,74.8526,0.0000,91.0000,0.00,NVIDIA L4,4875190
cifar20,resnet18,10,gold,5,4.0,5,42,0.01,0.0000,83.1368,0.0000,91.0000,0.00,NVIDIA L4,4875190
cifar20,resnet18,10,gold,5,4.0,50,42,0.01,90.8000,64.5158,0.0000,91.0000,99.78,NVIDIA L4,4875190
cifar20,resnet18,10,ssd,1,4.0,0,42,0.01,0.0000,85.3684,0.0000,91.0000,0.00,NVIDIA L4,4875190
cifar20,resnet18,10,ssd,1,4.0,1,42,0.01,0.0000,84.7158,0.0000,91.0000,0.00,NVIDIA L4,4875190
cifar20,resnet18,10,ssd,1,4.0,10,42,0.01,61.8000,74.8526,0.0000,91.0000,67.91,NVIDIA L4,4875190
cifar20,resnet18,10,ssd,1,4.0,2,42,0.01,0.2000,84.0105,0.0000,91.0000,0.22,NVIDIA L4,4875190
cifar20,resnet18,10,ssd,1,4.0,20,42,0.01,74.4000,63.6316,0.0000,91.0000,81.76,NVIDIA L4,4875190
cifar20,resnet18,10,ssd,1,4.0,5,42,0.01,9.6000,81.1895,0.0000,91.0000,10.55,NVIDIA L4,4875190
cifar20,resnet18,10,ssd,1,4.0,50,42,0.01,55.6000,55.9684,0.0000,91.0000,61.10,NVIDIA L4,4875190
cifar20,resnet18,10,ssd,25,4.0,0,42,0.01,0.0000,85.3684,0.0000,91.0000,0.00,NVIDIA L4,4875190
cifar20,resnet18,10,ssd,25,4.0,1,42,0.01,0.0000,85.2842,0.0000,91.0000,0.00,NVIDIA L4,4875190
cifar20,resnet18,10,ssd,25,4.0,10,42,0.01,83.2000,82.4421,0.0000,91.0000,91.43,NVIDIA L4,4875190
cifar20,resnet18,10,ssd,25,4.0,2,42,0.01,0.4000,85.1474,0.0000,91.0000,0.44,NVIDIA L4,4875190
cifar20,resnet18,10,ssd,25,4.0,20,42,0.01,90.6000,80.1158,0.0000,91.0000,99.56,NVIDIA L4,4875190
cifar20,resnet18,10,ssd,25,4.0,5,42,0.01,34.2000,84.2947,0.0000,91.0000,37.58,NVIDIA L4,4875190
cifar20,resnet18,10,ssd,25,4.0,50,42,0.01,89.2000,80.1895,0.0000,91.0000,98.02,NVIDIA L4,4875190
cifar20,resnet18,10,ssd,5,4.0,0,42,0.01,0.0000,85.3684,0.0000,91.0000,0.00,NVIDIA L4,4875190
cifar20,resnet18,10,ssd,5,4.0,1,42,0.01,0.0000,85.0421,0.0000,91.0000,0.00,NVIDIA L4,4875190
cifar20,resnet18,10,ssd,5,4.0,10,42,0.01,84.0000,78.4000,0.0000,91.0000,92.31,NVIDIA L4,4875190
cifar20,resnet18,10,ssd,5,4.0,2,42,0.01,0.0000,84.5263,0.0000,91.0000,0.00,NVIDIA L4,4875190
cifar20,resnet18,10,ssd,5,4.0,20,42,0.01,92.8000,73.6947,0.0000,91.0000,101.98,NVIDIA L4,4875190
cifar20,resnet18,10,ssd,5,4.0,5,42,0.01,25.6000,82.2421,0.0000,91.0000,28.13,NVIDIA L4,4875190
cifar20,resnet18,10,ssd,5,4.0,50,42,0.01,89.6000,73.1474,0.0000,91.0000,98.46,NVIDIA L4,4875190
cifar20,resnet18,10,unact,1,4.0,0,42,0.01,0.0000,84.8842,0.0000,91.0000,0.00,NVIDIA L4,4875190
cifar20,resnet18,10,unact,1,4.0,1,42,0.01,0.0000,84.4105,0.0000,91.0000,0.00,NVIDIA L4,4875190
cifar20,resnet18,10,unact,1,4.0,10,42,0.01,16.4000,75.5684,0.0000,91.0000,18.02,NVIDIA L4,4875190
cifar20,resnet18,10,unact,1,4.0,2,42,0.01,0.0000,83.5053,0.0000,91.0000,0.00,NVIDIA L4,4875190
cifar20,resnet18,10,unact,1,4.0,20,42,0.01,62.8000,65.7789,0.0000,91.0000,69.01,NVIDIA L4,4875190
cifar20,resnet18,10,unact,1,4.0,5,42,0.01,0.8000,80.6105,0.0000,91.0000,0.88,NVIDIA L4,4875190
cifar20,resnet18,10,unact,1,4.0,50,42,0.01,40.0000,54.7474,0.0000,91.0000,43.96,NVIDIA L4,4875190
cifar20,resnet18,10,unact,25,4.0,0,42,0.01,0.0000,84.8842,0.0000,91.0000,0.00,NVIDIA L4,4875190
cifar20,resnet18,10,unact,25,4.0,1,42,0.01,0.0000,84.9053,0.0000,91.0000,0.00,NVIDIA L4,4875190
cifar20,resnet18,10,unact,25,4.0,10,42,0.01,51.2000,82.8947,0.0000,91.0000,56.26,NVIDIA L4,4875190
cifar20,resnet18,10,unact,25,4.0,2,42,0.01,0.2000,84.7158,0.0000,91.0000,0.22,NVIDIA L4,4875190
cifar20,resnet18,10,unact,25,4.0,20,42,0.01,82.4000,80.8737,0.0000,91.0000,90.55,NVIDIA L4,4875190
cifar20,resnet18,10,unact,25,4.0,5,42,0.01,7.4000,84.0737,0.0000,91.0000,8.13,NVIDIA L4,4875190
cifar20,resnet18,10,unact,25,4.0,50,42,0.01,88.6000,80.0737,0.0000,91.0000,97.36,NVIDIA L4,4875190
cifar20,resnet18,10,unact,5,4.0,0,42,0.01,0.0000,84.8842,0.0000,91.0000,0.00,NVIDIA L4,4875190
cifar20,resnet18,10,unact,5,4.0,1,42,0.01,0.0000,84.5895,0.0000,91.0000,0.00,NVIDIA L4,4875190
cifar20,resnet18,10,unact,5,4.0,10,42,0.01,40.0000,80.3895,0.0000,91.0000,43.96,NVIDIA L4,4875190
cifar20,resnet18,10,unact,5,4.0,2,42,0.01,0.0000,84.1789,0.0000,91.0000,0.00,NVIDIA L4,4875190
cifar20,resnet18,10,unact,5,4.0,20,42,0.01,78.6000,78.2421,0.0000,91.0000,86.37,NVIDIA L4,4875190
cifar20,resnet18,10,unact,5,4.0,5,42,0.01,3.0000,82.5474,0.0000,91.0000,3.30,NVIDIA L4,4875190
cifar20,resnet18,10,unact,5,4.0,50,42,0.01,80.2000,76.3263,0.0000,91.0000,88.13,NVIDIA L4,4875190
cifar20,resnet18,14,gold,1,4.0,0,42,0.01,0.0000,85.0947,0.0000,93.4000,0.00,NVIDIA L4,4875190
cifar20,resnet18,14,gold,1,4.0,1,42,0.01,0.0000,84.3789,0.0000,93.4000,0.00,NVIDIA L4,4875190
cifar20,resnet18,14,gold,1,4.0,10,42,0.01,0.0000,59.4842,0.0000,93.4000,0.00,NVIDIA L4,4875190
cifar20,resnet18,14,gold,1,4.0,2,42,0.01,0.0000,82.5579,0.0000,93.4000,0.00,NVIDIA L4,4875190
cifar20,resnet18,14,gold,1,4.0,20,42,0.01,0.0000,42.0737,0.0000,93.4000,0.00,NVIDIA L4,4875190
cifar20,resnet18,14,gold,1,4.0,5,42,0.01,0.0000,73.9368,0.0000,93.4000,0.00,NVIDIA L4,4875190
cifar20,resnet18,14,gold,1,4.0,50,42,0.01,8.2000,29.8316,0.0000,93.4000,8.78,NVIDIA L4,4875190
cifar20,resnet18,14,gold,25,4.0,0,42,0.01,0.0000,85.0947,0.0000,93.4000,0.00,NVIDIA L4,4875190
cifar20,resnet18,14,gold,25,4.0,1,42,0.01,0.0000,85.0211,0.0000,93.4000,0.00,NVIDIA L4,4875190
cifar20,resnet18,14,gold,25,4.0,10,42,0.01,0.0000,83.7684,0.0000,93.4000,0.00,NVIDIA L4,4875190
cifar20,resnet18,14,gold,25,4.0,2,42,0.01,0.0000,85.0105,0.0000,93.4000,0.00,NVIDIA L4,4875190
cifar20,resnet18,14,gold,25,4.0,20,42,0.01,0.6000,82.2421,0.0000,93.4000,0.64,NVIDIA L4,4875190
cifar20,resnet18,14,gold,25,4.0,5,42,0.01,0.0000,84.7053,0.0000,93.4000,0.00,NVIDIA L4,4875190
cifar20,resnet18,14,gold,25,4.0,50,42,0.01,96.2000,67.5053,0.0000,93.4000,103.00,NVIDIA L4,4875190
cifar20,resnet18,14,gold,5,4.0,0,42,0.01,0.0000,85.0947,0.0000,93.4000,0.00,NVIDIA L4,4875190
cifar20,resnet18,14,gold,5,4.0,1,42,0.01,0.0000,85.0947,0.0000,93.4000,0.00,NVIDIA L4,4875190
cifar20,resnet18,14,gold,5,4.0,10,42,0.01,0.0000,81.2842,0.0000,93.4000,0.00,NVIDIA L4,4875190
cifar20,resnet18,14,gold,5,4.0,2,42,0.01,0.0000,84.7684,0.0000,93.4000,0.00,NVIDIA L4,4875190
cifar20,resnet18,14,gold,5,4.0,20,42,0.01,0.0000,77.8211,0.0000,93.4000,0.00,NVIDIA L4,4875190
cifar20,resnet18,14,gold,5,4.0,5,42,0.01,0.0000,83.5789,0.0000,93.4000,0.00,NVIDIA L4,4875190
cifar20,resnet18,14,gold,5,4.0,50,42,0.01,69.4000,69.1684,0.0000,93.4000,74.30,NVIDIA L4,4875190
cifar20,resnet18,14,ssd,1,4.0,0,42,0.01,0.0000,85.0316,0.0000,93.4000,0.00,NVIDIA L4,4875190
cifar20,resnet18,14,ssd,1,4.0,1,42,0.01,0.0000,83.7474,0.0000,93.4000,0.00,NVIDIA L4,4875190
cifar20,resnet18,14,ssd,1,4.0,10,42,0.01,1.4000,48.4632,0.0000,93.4000,1.50,NVIDIA L4,4875190
cifar20,resnet18,14,ssd,1,4.0,2,42,0.01,0.0000,80.6632,0.0000,93.4000,0.00,NVIDIA L4,4875190
cifar20,resnet18,14,ssd,1,4.0,20,42,0.01,68.6000,30.4632,0.0000,93.4000,73.45,NVIDIA L4,4875190
cifar20,resnet18,14,ssd,1,4.0,5,42,0.01,0.0000,66.4842,0.0000,93.4000,0.00,NVIDIA L4,4875190
cifar20,resnet18,14,ssd,1,4.0,50,42,0.01,81.8000,19.2737,0.0000,93.4000,87.58,NVIDIA L4,4875190
cifar20,resnet18,14,ssd,25,4.0,0,42,0.01,0.0000,85.0316,0.0000,93.4000,0.00,NVIDIA L4,4875190
cifar20,resnet18,14,ssd,25,4.0,1,42,0.01,0.0000,84.9263,0.0000,93.4000,0.00,NVIDIA L4,4875190
cifar20,resnet18,14,ssd,25,4.0,10,42,0.01,31.8000,83.1158,0.0000,93.4000,34.05,NVIDIA L4,4875190
cifar20,resnet18,14,ssd,25,4.0,2,42,0.01,0.0000,84.6842,0.0000,93.4000,0.00,NVIDIA L4,4875190
cifar20,resnet18,14,ssd,25,4.0,20,42,0.01,93.0000,80.2947,0.0000,93.4000,99.57,NVIDIA L4,4875190
cifar20,resnet18,14,ssd,25,4.0,5,42,0.01,0.0000,84.3053,0.0000,93.4000,0.00,NVIDIA L4,4875190
cifar20,resnet18,14,ssd,25,4.0,50,42,0.01,98.6000,76.0211,0.0000,93.4000,105.57,NVIDIA L4,4875190
cifar20,resnet18,14,ssd,5,4.0,0,42,0.01,0.0000,85.0316,0.0000,93.4000,0.00,NVIDIA L4,4875190
cifar20,resnet18,14,ssd,5,4.0,1,42,0.01,0.0000,84.9474,0.0000,93.4000,0.00,NVIDIA L4,4875190
cifar20,resnet18,14,ssd,5,4.0,10,42,0.01,8.4000,82.0632,0.0000,93.4000,8.99,NVIDIA L4,4875190
cifar20,resnet18,14,ssd,5,4.0,2,42,0.01,0.0000,84.4421,0.0000,93.4000,0.00,NVIDIA L4,4875190
cifar20,resnet18,14,ssd,5,4.0,20,42,0.01,83.2000,79.5053,0.0000,93.4000,89.08,NVIDIA L4,4875190
cifar20,resnet18,14,ssd,5,4.0,5,42,0.01,0.0000,83.6526,0.0000,93.4000,0.00,NVIDIA L4,4875190
cifar20,resnet18,14,ssd,5,4.0,50,42,0.01,90.6000,75.4000,0.0000,93.4000,97.00,NVIDIA L4,4875190
cifar20,resnet18,14,unact,1,4.0,0,42,0.01,0.0000,84.8316,0.0000,93.4000,0.00,NVIDIA L4,4875190
cifar20,resnet18,14,unact,1,4.0,1,42,0.01,0.0000,84.2316,0.0000,93.4000,0.00,NVIDIA L4,4875190
cifar20,resnet18,14,unact,1,4.0,10,42,0.01,2.2000,65.0211,0.0000,93.4000,2.36,NVIDIA L4,4875190
cifar20,resnet18,14,unact,1,4.0,2,42,0.01,0.0000,82.2737,0.0000,93.4000,0.00,NVIDIA L4,4875190
cifar20,resnet18,14,unact,1,4.0,20,42,0.01,7.8000,53.2421,0.0000,93.4000,8.35,NVIDIA L4,4875190
cifar20,resnet18,14,unact,1,4.0,5,42,0.01,0.0000,75.8842,0.0000,93.4000,0.00,NVIDIA L4,4875190
cifar20,resnet18,14,unact,1,4.0,50,42,0.01,0.6000,39.8421,0.0000,93.4000,0.64,NVIDIA L4,4875190
cifar20,resnet18,14,unact,25,4.0,0,42,0.01,0.0000,84.8316,0.0000,93.4000,0.00,NVIDIA L4,4875190
cifar20,resnet18,14,unact,25,4.0,1,42,0.01,0.0000,84.8421,0.0000,93.4000,0.00,NVIDIA L4,4875190
cifar20,resnet18,14,unact,25,4.0,10,42,0.01,70.6000,83.4211,0.0000,93.4000,75.59,NVIDIA L4,4875190
cifar20,resnet18,14,unact,25,4.0,2,42,0.01,0.0000,84.8211,0.0000,93.4000,0.00,NVIDIA L4,4875190
cifar20,resnet18,14,unact,25,4.0,20,42,0.01,91.2000,81.5895,0.0000,93.4000,97.64,NVIDIA L4,4875190
cifar20,resnet18,14,unact,25,4.0,5,42,0.01,17.6000,84.1895,0.0000,93.4000,18.84,NVIDIA L4,4875190
cifar20,resnet18,14,unact,25,4.0,50,42,0.01,89.4000,80.7263,0.0000,93.4000,95.72,NVIDIA L4,4875190
cifar20,resnet18,14,unact,5,4.0,0,42,0.01,0.0000,84.8316,0.0000,93.4000,0.00,NVIDIA L4,4875190
cifar20,resnet18,14,unact,5,4.0,1,42,0.01,0.0000,84.7579,0.0000,93.4000,0.00,NVIDIA L4,4875190
cifar20,resnet18,14,unact,5,4.0,10,42,0.01,15.4000,82.4526,0.0000,93.4000,16.49,NVIDIA L4,4875190
cifar20,resnet18,14,unact,5,4.0,2,42,0.01,0.2000,84.6632,0.0000,93.4000,0.21,NVIDIA L4,4875190
cifar20,resnet18,14,unact,5,4.0,20,42,0.01,64.4000,80.2000,0.0000,93.4000,68.95,NVIDIA L4,4875190
cifar20,resnet18,14,unact,5,4.0,5,42,0.01,0.8000,84.1895,0.0000,93.4000,0.86,NVIDIA L4,4875190
cifar20,resnet18,14,unact,5,4.0,50,42,0.01,65.8000,78.0421,0.0000,93.4000,70.45,NVIDIA L4,4875190
cifar20,resnet18,19,gold,1,4.0,0,42,0.01,0.0000,86.0421,0.0000,86.8000,0.00,NVIDIA L4,4875190
cifar20,resnet18,19,gold,1,4.0,1,42,0.01,0.0000,85.8421,0.0000,86.8000,0.00,NVIDIA L4,4875190
cifar20,resnet18,19,gold,1,4.0,10,42,0.01,0.0000,71.3895,0.0000,86.8000,0.00,NVIDIA L4,4875190
cifar20,resnet18,19,gold,1,4.0,2,42,0.01,0.0000,85.4526,0.0000,86.8000,0.00,NVIDIA L4,4875190
cifar20,resnet18,19,gold,1,4.0,20,42,0.01,0.0000,57.6316,0.0000,86.8000,0.00,NVIDIA L4,4875190
cifar20,resnet18,19,gold,1,4.0,5,42,0.01,0.0000,80.9579,0.0000,86.8000,0.00,NVIDIA L4,4875190
cifar20,resnet18,19,gold,1,4.0,50,42,0.01,0.4000,41.1158,0.0000,86.8000,0.46,NVIDIA L4,4875190
cifar20,resnet18,19,gold,25,4.0,0,42,0.01,0.0000,86.0421,0.0000,86.8000,0.00,NVIDIA L4,4875190
cifar20,resnet18,19,gold,25,4.0,1,42,0.01,0.0000,86.0211,0.0000,86.8000,0.00,NVIDIA L4,4875190
cifar20,resnet18,19,gold,25,4.0,10,42,0.01,0.0000,83.5053,0.0000,86.8000,0.00,NVIDIA L4,4875190
cifar20,resnet18,19,gold,25,4.0,2,42,0.01,0.0000,85.9789,0.0000,86.8000,0.00,NVIDIA L4,4875190
cifar20,resnet18,19,gold,25,4.0,20,42,0.01,0.8000,82.1368,0.0000,86.8000,0.92,NVIDIA L4,4875190
cifar20,resnet18,19,gold,25,4.0,5,42,0.01,0.0000,85.0842,0.0000,86.8000,0.00,NVIDIA L4,4875190
cifar20,resnet18,19,gold,25,4.0,50,42,0.01,95.2000,62.8421,0.0000,86.8000,109.68,NVIDIA L4,4875190
cifar20,resnet18,19,gold,5,4.0,0,42,0.01,0.0000,86.0421,0.0000,86.8000,0.00,NVIDIA L4,4875190
cifar20,resnet18,19,gold,5,4.0,1,42,0.01,0.0000,85.9158,0.0000,86.8000,0.00,NVIDIA L4,4875190
cifar20,resnet18,19,gold,5,4.0,10,42,0.01,0.0000,78.5368,0.0000,86.8000,0.00,NVIDIA L4,4875190
cifar20,resnet18,19,gold,5,4.0,2,42,0.01,0.0000,85.5158,0.0000,86.8000,0.00,NVIDIA L4,4875190
cifar20,resnet18,19,gold,5,4.0,20,42,0.01,0.0000,75.1263,0.0000,86.8000,0.00,NVIDIA L4,4875190
cifar20,resnet18,19,gold,5,4.0,5,42,0.01,0.0000,83.1789,0.0000,86.8000,0.00,NVIDIA L4,4875190
cifar20,resnet18,19,gold,5,4.0,50,42,0.01,54.0000,70.2632,0.0000,86.8000,62.21,NVIDIA L4,4875190
cifar20,resnet18,19,ssd,1,4.0,0,42,0.01,0.0000,85.6947,0.0000,86.8000,0.00,NVIDIA L4,4875190
cifar20,resnet18,19,ssd,1,4.0,1,42,0.01,0.0000,85.5053,0.0000,86.8000,0.00,NVIDIA L4,4875190
cifar20,resnet18,19,ssd,1,4.0,10,42,0.01,18.2000,74.1579,0.0000,86.8000,20.97,NVIDIA L4,4875190
cifar20,resnet18,19,ssd,1,4.0,2,42,0.01,0.0000,84.7474,0.0000,86.8000,0.00,NVIDIA L4,4875190
cifar20,resnet18,19,ssd,1,4.0,20,42,0.01,11.8000,61.9789,0.0000,86.8000,13.59,NVIDIA L4,4875190
cifar20,resnet18,19,ssd,1,4.0,5,42,0.01,1.0000,81.3684,0.0000,86.8000,1.15,NVIDIA L4,4875190
cifar20,resnet18,19,ssd,1,4.0,50,42,0.01,2.8000,49.3684,0.0000,86.8000,3.23,NVIDIA L4,4875190
cifar20,resnet18,19,ssd,25,4.0,0,42,0.01,0.0000,85.6947,0.0000,86.8000,0.00,NVIDIA L4,4875190
cifar20,resnet18,19,ssd,25,4.0,1,42,0.01,0.0000,85.6632,0.0000,86.8000,0.00,NVIDIA L4,4875190
cifar20,resnet18,19,ssd,25,4.0,10,42,0.01,26.0000,83.8316,0.0000,86.8000,29.95,NVIDIA L4,4875190
cifar20,resnet18,19,ssd,25,4.0,2,42,0.01,0.0000,85.6842,0.0000,86.8000,0.00,NVIDIA L4,4875190
cifar20,resnet18,19,ssd,25,4.0,20,42,0.01,86.6000,81.2105,0.0000,86.8000,99.77,NVIDIA L4,4875190
cifar20,resnet18,19,ssd,25,4.0,5,42,0.01,0.0000,85.0842,0.0000,86.8000,0.00,NVIDIA L4,4875190
cifar20,resnet18,19,ssd,25,4.0,50,42,0.01,89.2000,80.1474,0.0000,86.8000,102.76,NVIDIA L4,4875190
cifar20,resnet18,19,ssd,5,4.0,0,42,0.01,0.0000,85.6947,0.0000,86.8000,0.00,NVIDIA L4,4875190
cifar20,resnet18,19,ssd,5,4.0,1,42,0.01,0.0000,85.5158,0.0000,86.8000,0.00,NVIDIA L4,4875190
cifar20,resnet18,19,ssd,5,4.0,10,42,0.01,27.6000,81.9789,0.0000,86.8000,31.80,NVIDIA L4,4875190
cifar20,resnet18,19,ssd,5,4.0,2,42,0.01,0.0000,85.2632,0.0000,86.8000,0.00,NVIDIA L4,4875190
cifar20,resnet18,19,ssd,5,4.0,20,42,0.01,71.4000,77.8421,0.0000,86.8000,82.26,NVIDIA L4,4875190
cifar20,resnet18,19,ssd,5,4.0,5,42,0.01,0.0000,84.0211,0.0000,86.8000,0.00,NVIDIA L4,4875190
cifar20,resnet18,19,ssd,5,4.0,50,42,0.01,62.2000,75.4000,0.0000,86.8000,71.66,NVIDIA L4,4875190
cifar20,resnet18,19,unact,1,4.0,0,42,0.01,0.0000,84.7579,0.0000,86.8000,0.00,NVIDIA L4,4875190
cifar20,resnet18,19,unact,1,4.0,1,42,0.01,0.0000,84.7684,0.0000,86.8000,0.00,NVIDIA L4,4875190
cifar20,resnet18,19,unact,1,4.0,10,42,0.01,3.6000,77.8421,0.0000,86.8000,4.15,NVIDIA L4,4875190
cifar20,resnet18,19,unact,1,4.0,2,42,0.01,0.2000,84.2211,0.0000,86.8000,0.23,NVIDIA L4,4875190
cifar20,resnet18,19,unact,1,4.0,20,42,0.01,4.4000,70.7263,0.0000,86.8000,5.07,NVIDIA L4,4875190
cifar20,resnet18,19,unact,1,4.0,5,42,0.01,1.6000,82.3895,0.0000,86.8000,1.84,NVIDIA L4,4875190
cifar20,resnet18,19,unact,1,4.0,50,42,0.01,1.4000,63.2105,0.0000,86.8000,1.61,NVIDIA L4,4875190
cifar20,resnet18,19,unact,25,4.0,0,42,0.01,0.0000,84.7579,0.0000,86.8000,0.00,NVIDIA L4,4875190
cifar20,resnet18,19,unact,25,4.0,1,42,0.01,0.0000,84.8842,0.0000,86.8000,0.00,NVIDIA L4,4875190
cifar20,resnet18,19,unact,25,4.0,10,42,0.01,53.0000,84.0421,0.0000,86.8000,61.06,NVIDIA L4,4875190
cifar20,resnet18,19,unact,25,4.0,2,42,0.01,0.2000,84.8421,0.0000,86.8000,0.23,NVIDIA L4,4875190
cifar20,resnet18,19,unact,25,4.0,20,42,0.01,79.2000,82.4211,0.0000,86.8000,91.24,NVIDIA L4,4875190
cifar20,resnet18,19,unact,25,4.0,5,42,0.01,10.0000,84.6316,0.0000,86.8000,11.52,NVIDIA L4,4875190
cifar20,resnet18,19,unact,25,4.0,50,42,0.01,75.6000,81.8632,0.0000,86.8000,87.10,NVIDIA L4,4875190
cifar20,resnet18,19,unact,5,4.0,0,42,0.01,0.0000,84.7579,0.0000,86.8000,0.00,NVIDIA L4,4875190
cifar20,resnet18,19,unact,5,4.0,1,42,0.01,0.0000,84.9158,0.0000,86.8000,0.00,NVIDIA L4,4875190
cifar20,resnet18,19,unact,5,4.0,10,42,0.01,28.2000,82.0526,0.0000,86.8000,32.49,NVIDIA L4,4875190
cifar20,resnet18,19,unact,5,4.0,2,42,0.01,0.2000,84.6737,0.0000,86.8000,0.23,NVIDIA L4,4875190
cifar20,resnet18,19,unact,5,4.0,20,42,0.01,46.0000,80.4737,0.0000,86.8000,53.00,NVIDIA L4,4875190
cifar20,resnet18,19,unact,5,4.0,5,42,0.01,6.0000,83.7579,0.0000,86.8000,6.91,NVIDIA L4,4875190
cifar20,resnet18,19,unact,5,4.0,50,42,0.01,36.0000,79.0632,0.0000,86.8000,41.47,NVIDIA L4,4875190
cifar20,resnet18,3,gold,1,4.0,0,42,0.01,0.0000,85.9053,0.0000,85.6000,0.00,NVIDIA L4,4875190
cifar20,resnet18,3,gold,1,4.0,1,42,0.01,0.0000,85.6211,0.0000,85.6000,0.00,NVIDIA L4,4875190
cifar20,resnet18,3,gold,1,4.0,10,42,0.01,0.0000,70.0421,0.0000,85.6000,0.00,NVIDIA L4,4875190
cifar20,resnet18,3,gold,1,4.0,2,42,0.01,0.0000,85.0000,0.0000,85.6000,0.00,NVIDIA L4,4875190
cifar20,resnet18,3,gold,1,4.0,20,42,0.01,1.4000,60.7895,0.0000,85.6000,1.64,NVIDIA L4,4875190
cifar20,resnet18,3,gold,1,4.0,5,42,0.01,0.0000,79.8632,0.0000,85.6000,0.00,NVIDIA L4,4875190
cifar20,resnet18,3,gold,1,4.0,50,42,0.01,24.8000,37.3579,0.0000,85.6000,28.97,NVIDIA L4,4875190
cifar20,resnet18,3,gold,25,4.0,0,42,0.01,0.0000,85.9053,0.0000,85.6000,0.00,NVIDIA L4,4875190
cifar20,resnet18,3,gold,25,4.0,1,42,0.01,0.0000,85.9474,0.0000,85.6000,0.00,NVIDIA L4,4875190
cifar20,resnet18,3,gold,25,4.0,10,42,0.01,0.0000,83.1368,0.0000,85.6000,0.00,NVIDIA L4,4875190
cifar20,resnet18,3,gold,25,4.0,2,42,0.01,0.0000,85.7684,0.0000,85.6000,0.00,NVIDIA L4,4875190
cifar20,resnet18,3,gold,25,4.0,20,42,0.01,0.2000,81.6105,0.0000,85.6000,0.23,NVIDIA L4,4875190
cifar20,resnet18,3,gold,25,4.0,5,42,0.01,0.0000,84.7789,0.0000,85.6000,0.00,NVIDIA L4,4875190
cifar20,resnet18,3,gold,25,4.0,50,42,0.01,94.0000,69.2105,0.0000,85.6000,109.81,NVIDIA L4,4875190
cifar20,resnet18,3,gold,5,4.0,0,42,0.01,0.0000,85.9053,0.0000,85.6000,0.00,NVIDIA L4,4875190
cifar20,resnet18,3,gold,5,4.0,1,42,0.01,0.0000,85.8842,0.0000,85.6000,0.00,NVIDIA L4,4875190
cifar20,resnet18,3,gold,5,4.0,10,42,0.01,0.0000,80.1684,0.0000,85.6000,0.00,NVIDIA L4,4875190
cifar20,resnet18,3,gold,5,4.0,2,42,0.01,0.0000,85.4737,0.0000,85.6000,0.00,NVIDIA L4,4875190
cifar20,resnet18,3,gold,5,4.0,20,42,0.01,0.0000,77.2842,0.0000,85.6000,0.00,NVIDIA L4,4875190
cifar20,resnet18,3,gold,5,4.0,5,42,0.01,0.0000,83.4000,0.0000,85.6000,0.00,NVIDIA L4,4875190
cifar20,resnet18,3,gold,5,4.0,50,42,0.01,57.6000,66.2632,0.0000,85.6000,67.29,NVIDIA L4,4875190
cifar20,resnet18,3,ssd,1,4.0,0,42,0.01,0.0000,85.4737,0.0000,85.6000,0.00,NVIDIA L4,4875190
cifar20,resnet18,3,ssd,1,4.0,1,42,0.01,0.0000,85.1895,0.0000,85.6000,0.00,NVIDIA L4,4875190
cifar20,resnet18,3,ssd,1,4.0,10,42,0.01,0.4000,71.8737,0.0000,85.6000,0.47,NVIDIA L4,4875190
cifar20,resnet18,3,ssd,1,4.0,2,42,0.01,0.0000,83.8737,0.0000,85.6000,0.00,NVIDIA L4,4875190
cifar20,resnet18,3,ssd,1,4.0,20,42,0.01,40.4000,58.5158,0.0000,85.6000,47.20,NVIDIA L4,4875190
cifar20,resnet18,3,ssd,1,4.0,5,42,0.01,0.0000,79.4842,0.0000,85.6000,0.00,NVIDIA L4,4875190
cifar20,resnet18,3,ssd,1,4.0,50,42,0.01,5.0000,38.6000,0.0000,85.6000,5.84,NVIDIA L4,4875190
cifar20,resnet18,3,ssd,25,4.0,0,42,0.01,0.0000,85.4737,0.0000,85.6000,0.00,NVIDIA L4,4875190
cifar20,resnet18,3,ssd,25,4.0,1,42,0.01,0.0000,85.5053,0.0000,85.6000,0.00,NVIDIA L4,4875190
cifar20,resnet18,3,ssd,25,4.0,10,42,0.01,40.4000,84.2105,0.0000,85.6000,47.20,NVIDIA L4,4875190
cifar20,resnet18,3,ssd,25,4.0,2,42,0.01,0.0000,85.4737,0.0000,85.6000,0.00,NVIDIA L4,4875190
cifar20,resnet18,3,ssd,25,4.0,20,42,0.01,93.6000,80.1474,0.0000,85.6000,109.35,NVIDIA L4,4875190
cifar20,resnet18,3,ssd,25,4.0,5,42,0.01,0.0000,85.0211,0.0000,85.6000,0.00,NVIDIA L4,4875190
cifar20,resnet18,3,ssd,25,4.0,50,42,0.01,87.2000,80.4947,0.0000,85.6000,101.87,NVIDIA L4,4875190
cifar20,resnet18,3,ssd,5,4.0,0,42,0.01,0.0000,85.4737,0.0000,85.6000,0.00,NVIDIA L4,4875190
cifar20,resnet18,3,ssd,5,4.0,1,42,0.01,0.0000,85.3579,0.0000,85.6000,0.00,NVIDIA L4,4875190
cifar20,resnet18,3,ssd,5,4.0,10,42,0.01,16.8000,80.2316,0.0000,85.6000,19.63,NVIDIA L4,4875190
cifar20,resnet18,3,ssd,5,4.0,2,42,0.01,0.0000,84.9368,0.0000,85.6000,0.00,NVIDIA L4,4875190
cifar20,resnet18,3,ssd,5,4.0,20,42,0.01,76.4000,76.3684,0.0000,85.6000,89.25,NVIDIA L4,4875190
cifar20,resnet18,3,ssd,5,4.0,5,42,0.01,0.0000,83.2947,0.0000,85.6000,0.00,NVIDIA L4,4875190
cifar20,resnet18,3,ssd,5,4.0,50,42,0.01,58.8000,75.9579,0.0000,85.6000,68.69,NVIDIA L4,4875190
cifar20,resnet18,3,unact,1,4.0,0,42,0.01,0.0000,85.2737,0.0000,85.6000,0.00,NVIDIA L4,4875190
cifar20,resnet18,3,unact,1,4.0,1,42,0.01,0.0000,84.9368,0.0000,85.6000,0.00,NVIDIA L4,4875190
cifar20,resnet18,3,unact,1,4.0,10,42,0.01,14.8000,77.8632,0.0000,85.6000,17.29,NVIDIA L4,4875190
cifar20,resnet18,3,unact,1,4.0,2,42,0.01,0.0000,84.2211,0.0000,85.6000,0.00,NVIDIA L4,4875190
cifar20,resnet18,3,unact,1,4.0,20,42,0.01,33.2000,71.3474,0.0000,85.6000,38.79,NVIDIA L4,4875190
cifar20,resnet18,3,unact,1,4.0,5,42,0.01,0.4000,81.6526,0.0000,85.6000,0.47,NVIDIA L4,4875190
cifar20,resnet18,3,unact,1,4.0,50,42,0.01,3.8000,53.8421,0.0000,85.6000,4.44,NVIDIA L4,4875190
cifar20,resnet18,3,unact,25,4.0,0,42,0.01,0.0000,85.2737,0.0000,85.6000,0.00,NVIDIA L4,4875190
cifar20,resnet18,3,unact,25,4.0,1,42,0.01,0.0000,85.1684,0.0000,85.6000,0.00,NVIDIA L4,4875190
cifar20,resnet18,3,unact,25,4.0,10,42,0.01,59.8000,84.1579,0.0000,85.6000,69.86,NVIDIA L4,4875190
cifar20,resnet18,3,unact,25,4.0,2,42,0.01,0.0000,85.2000,0.0000,85.6000,0.00,NVIDIA L4,4875190
cifar20,resnet18,3,unact,25,4.0,20,42,0.01,86.6000,82.1474,0.0000,85.6000,101.17,NVIDIA L4,4875190
cifar20,resnet18,3,unact,25,4.0,5,42,0.01,4.2000,85.0526,0.0000,85.6000,4.91,NVIDIA L4,4875190
cifar20,resnet18,3,unact,25,4.0,50,42,0.01,80.0000,81.6000,0.0000,85.6000,93.46,NVIDIA L4,4875190
cifar20,resnet18,3,unact,5,4.0,0,42,0.01,0.0000,85.2737,0.0000,85.6000,0.00,NVIDIA L4,4875190
cifar20,resnet18,3,unact,5,4.0,1,42,0.01,0.0000,84.8947,0.0000,85.6000,0.00,NVIDIA L4,4875190
cifar20,resnet18,3,unact,5,4.0,10,42,0.01,34.6000,80.7789,0.0000,85.6000,40.42,NVIDIA L4,4875190
cifar20,resnet18,3,unact,5,4.0,2,42,0.01,0.0000,84.6526,0.0000,85.6000,0.00,NVIDIA L4,4875190
cifar20,resnet18,3,unact,5,4.0,20,42,0.01,50.6000,78.2526,0.0000,85.6000,59.11,NVIDIA L4,4875190
cifar20,resnet18,3,unact,5,4.0,5,42,0.01,1.6000,83.2000,0.0000,85.6000,1.87,NVIDIA L4,4875190
cifar20,resnet18,3,unact,5,4.0,50,42,0.01,25.4000,75.7368,0.0000,85.6000,29.67,NVIDIA L4,4875190
cifar20,resnet18,4,gold,1,4.0,0,42,0.01,0.0000,85.5579,0.0000,88.0000,0.00,NVIDIA L4,4875190
cifar20,resnet18,4,gold,1,4.0,1,42,0.01,0.0000,84.6211,0.0000,88.0000,0.00,NVIDIA L4,4875190
cifar20,resnet18,4,gold,1,4.0,10,42,0.01,0.0000,64.6421,0.0000,88.0000,0.00,NVIDIA L4,4875190
cifar20,resnet18,4,gold,1,4.0,2,42,0.01,0.0000,83.2842,0.0000,88.0000,0.00,NVIDIA L4,4875190
cifar20,resnet18,4,gold,1,4.0,20,42,0.01,0.0000,51.1263,0.0000,88.0000,0.00,NVIDIA L4,4875190
cifar20,resnet18,4,gold,1,4.0,5,42,0.01,0.0000,76.1579,0.0000,88.0000,0.00,NVIDIA L4,4875190
cifar20,resnet18,4,gold,1,4.0,50,42,0.01,1.6000,30.0000,0.0000,88.0000,1.82,NVIDIA L4,4875190
cifar20,resnet18,4,gold,25,4.0,0,42,0.01,0.0000,85.5579,0.0000,88.0000,0.00,NVIDIA L4,4875190
cifar20,resnet18,4,gold,25,4.0,1,42,0.01,0.0000,85.3368,0.0000,88.0000,0.00,NVIDIA L4,4875190
cifar20,resnet18,4,gold,25,4.0,10,42,0.01,0.0000,83.2737,0.0000,88.0000,0.00,NVIDIA L4,4875190
cifar20,resnet18,4,gold,25,4.0,2,42,0.01,0.0000,85.1684,0.0000,88.0000,0.00,NVIDIA L4,4875190
cifar20,resnet18,4,gold,25,4.0,20,42,0.01,5.2000,81.6000,0.0000,88.0000,5.91,NVIDIA L4,4875190
cifar20,resnet18,4,gold,25,4.0,5,42,0.01,0.0000,84.6421,0.0000,88.0000,0.00,NVIDIA L4,4875190
cifar20,resnet18,4,gold,25,4.0,50,42,0.01,93.6000,66.0632,0.0000,88.0000,106.36,NVIDIA L4,4875190
cifar20,resnet18,4,gold,5,4.0,0,42,0.01,0.0000,85.5579,0.0000,88.0000,0.00,NVIDIA L4,4875190
cifar20,resnet18,4,gold,5,4.0,1,42,0.01,0.0000,85.1053,0.0000,88.0000,0.00,NVIDIA L4,4875190
cifar20,resnet18,4,gold,5,4.0,10,42,0.01,0.0000,79.0105,0.0000,88.0000,0.00,NVIDIA L4,4875190
cifar20,resnet18,4,gold,5,4.0,2,42,0.01,0.0000,84.4000,0.0000,88.0000,0.00,NVIDIA L4,4875190
cifar20,resnet18,4,gold,5,4.0,20,42,0.01,6.0000,76.6000,0.0000,88.0000,6.82,NVIDIA L4,4875190
cifar20,resnet18,4,gold,5,4.0,5,42,0.01,0.0000,82.2737,0.0000,88.0000,0.00,NVIDIA L4,4875190
cifar20,resnet18,4,gold,5,4.0,50,42,0.01,93.6000,46.9895,0.0000,88.0000,106.36,NVIDIA L4,4875190
cifar20,resnet18,4,ssd,1,4.0,0,42,0.01,0.0000,85.5579,0.0000,88.0000,0.00,NVIDIA L4,4875190
cifar20,resnet18,4,ssd,1,4.0,1,42,0.01,0.0000,85.0105,0.0000,88.0000,0.00,NVIDIA L4,4875190
cifar20,resnet18,4,ssd,1,4.0,10,42,0.01,59.6000,68.1579,0.0000,88.0000,67.73,NVIDIA L4,4875190
cifar20,resnet18,4,ssd,1,4.0,2,42,0.01,0.0000,83.4632,0.0000,88.0000,0.00,NVIDIA L4,4875190
cifar20,resnet18,4,ssd,1,4.0,20,42,0.01,20.8000,55.3158,0.0000,88.0000,23.64,NVIDIA L4,4875190
cifar20,resnet18,4,ssd,1,4.0,5,42,0.01,23.2000,77.3368,0.0000,88.0000,26.36,NVIDIA L4,4875190
cifar20,resnet18,4,ssd,1,4.0,50,42,0.01,4.4000,46.2000,0.0000,88.0000,5.00,NVIDIA L4,4875190
cifar20,resnet18,4,ssd,25,4.0,0,42,0.01,0.0000,85.5579,0.0000,88.0000,0.00,NVIDIA L4,4875190
cifar20,resnet18,4,ssd,25,4.0,1,42,0.01,0.0000,85.5053,0.0000,88.0000,0.00,NVIDIA L4,4875190
cifar20,resnet18,4,ssd,25,4.0,10,42,0.01,79.6000,83.5579,0.0000,88.0000,90.45,NVIDIA L4,4875190
cifar20,resnet18,4,ssd,25,4.0,2,42,0.01,0.0000,85.3368,0.0000,88.0000,0.00,NVIDIA L4,4875190
cifar20,resnet18,4,ssd,25,4.0,20,42,0.01,88.0000,81.7263,0.0000,88.0000,100.00,NVIDIA L4,4875190
cifar20,resnet18,4,ssd,25,4.0,5,42,0.01,18.6000,84.7474,0.0000,88.0000,21.14,NVIDIA L4,4875190
cifar20,resnet18,4,ssd,25,4.0,50,42,0.01,83.0000,81.8526,0.0000,88.0000,94.32,NVIDIA L4,4875190
cifar20,resnet18,4,ssd,5,4.0,0,42,0.01,0.0000,85.5579,0.0000,88.0000,0.00,NVIDIA L4,4875190
cifar20,resnet18,4,ssd,5,4.0,1,42,0.01,0.0000,85.3684,0.0000,88.0000,0.00,NVIDIA L4,4875190
cifar20,resnet18,4,ssd,5,4.0,10,42,0.01,69.8000,80.9158,0.0000,88.0000,79.32,NVIDIA L4,4875190
cifar20,resnet18,4,ssd,5,4.0,2,42,0.01,0.0000,85.0421,0.0000,88.0000,0.00,NVIDIA L4,4875190
cifar20,resnet18,4,ssd,5,4.0,20,42,0.01,79.6000,78.2947,0.0000,88.0000,90.45,NVIDIA L4,4875190
cifar20,resnet18,4,ssd,5,4.0,5,42,0.01,7.4000,83.3789,0.0000,88.0000,8.41,NVIDIA L4,4875190
cifar20,resnet18,4,ssd,5,4.0,50,42,0.01,69.6000,75.7474,0.0000,88.0000,79.09,NVIDIA L4,4875190
cifar20,resnet18,4,unact,1,4.0,0,42,0.01,0.0000,84.7368,0.0000,88.0000,0.00,NVIDIA L4,4875190
cifar20,resnet18,4,unact,1,4.0,1,42,0.01,0.0000,84.4947,0.0000,88.0000,0.00,NVIDIA L4,4875190
cifar20,resnet18,4,unact,1,4.0,10,42,0.01,23.2000,70.0105,0.0000,88.0000,26.36,NVIDIA L4,4875190
cifar20,resnet18,4,unact,1,4.0,2,42,0.01,0.2000,83.3474,0.0000,88.0000,0.23,NVIDIA L4,4875190
cifar20,resnet18,4,unact,1,4.0,20,42,0.01,21.8000,60.8316,0.0000,88.0000,24.77,NVIDIA L4,4875190
cifar20,resnet18,4,unact,1,4.0,5,42,0.01,2.2000,78.4316,0.0000,88.0000,2.50,NVIDIA L4,4875190
cifar20,resnet18,4,unact,1,4.0,50,42,0.01,5.2000,53.5895,0.0000,88.0000,5.91,NVIDIA L4,4875190
cifar20,resnet18,4,unact,25,4.0,0,42,0.01,0.0000,84.7368,0.0000,88.0000,0.00,NVIDIA L4,4875190
cifar20,resnet18,4,unact,25,4.0,1,42,0.01,0.0000,84.9579,0.0000,88.0000,0.00,NVIDIA L4,4875190
cifar20,resnet18,4,unact,25,4.0,10,42,0.01,64.0000,83.7263,0.0000,88.0000,72.73,NVIDIA L4,4875190
cifar20,resnet18,4,unact,25,4.0,2,42,0.01,0.2000,84.8316,0.0000,88.0000,0.23,NVIDIA L4,4875190
cifar20,resnet18,4,unact,25,4.0,20,42,0.01,84.4000,82.4632,0.0000,88.0000,95.91,NVIDIA L4,4875190
cifar20,resnet18,4,unact,25,4.0,5,42,0.01,9.8000,84.5474,0.0000,88.0000,11.14,NVIDIA L4,4875190
cifar20,resnet18,4,unact,25,4.0,50,42,0.01,80.2000,81.9895,0.0000,88.0000,91.14,NVIDIA L4,4875190
cifar20,resnet18,4,unact,5,4.0,0,42,0.01,0.0000,84.7368,0.0000,88.0000,0.00,NVIDIA L4,4875190
cifar20,resnet18,4,unact,5,4.0,1,42,0.01,0.0000,84.6947,0.0000,88.0000,0.00,NVIDIA L4,4875190
cifar20,resnet18,4,unact,5,4.0,10,42,0.01,48.0000,80.2842,0.0000,88.0000,54.55,NVIDIA L4,4875190
cifar20,resnet18,4,unact,5,4.0,2,42,0.01,0.2000,84.3368,0.0000,88.0000,0.23,NVIDIA L4,4875190
cifar20,resnet18,4,unact,5,4.0,20,42,0.01,69.6000,77.3368,0.0000,88.0000,79.09,NVIDIA L4,4875190
cifar20,resnet18,4,unact,5,4.0,5,42,0.01,7.2000,82.4000,0.0000,88.0000,8.18,NVIDIA L4,4875190
cifar20,resnet18,4,unact,5,4.0,50,42,0.01,61.4000,75.2316,0.0000,88.0000,69.77,NVIDIA L4,4875190
