dataset,num_classes,arch,scope,forget_class,percentile,n_units,n_selected,sel_mean_selectivity,unsel_mean_selectivity,sel_mean_act_forget,sel_mean_act_retain,retain_mass_pct,forget_mass_pct,mass_ratio,frac_units_selectivity_gt_0.5,eval_device,git_commit
cifar10,10,resnet18,layer4_last,0,50.0,512,256,0.1009,-0.8099,0.2534,0.1177,48.17,95.26,1.9775,36.33,NVIDIA A10,4875190
cifar10,10,resnet18,layer4_last,0,75.0,512,128,0.5891,-0.6690,0.4468,0.0952,19.49,83.99,4.3094,71.09,NVIDIA A10,4875190
cifar10,10,resnet18,layer4_last,0,90.0,512,52,0.7668,-0.4812,0.6828,0.0836,6.95,52.14,7.4992,96.15,NVIDIA A10,4875190
cifar10,10,resnet18,layer4_last,0,95.0,512,26,0.8279,-0.4177,0.8577,0.0780,3.24,32.75,10.0978,100.00,NVIDIA A10,4875190
cifar10,10,resnet18,layer4_last,0,99.0,512,6,0.9228,-0.3696,1.1051,0.0433,0.42,9.74,23.4215,100.00,NVIDIA A10,4875190
cifar10,10,resnet18,layer4_last,2,50.0,512,256,0.1527,-0.7650,0.2660,0.1148,47.29,94.25,1.9929,41.41,NVIDIA A10,4875190
cifar10,10,resnet18,layer4_last,2,75.0,512,128,0.6393,-0.6213,0.4651,0.0901,18.55,82.39,4.4414,81.25,NVIDIA A10,4875190
cifar10,10,resnet18,layer4_last,2,90.0,512,52,0.7481,-0.4253,0.6678,0.0928,7.76,48.05,6.1899,100.00,NVIDIA A10,4875190
cifar10,10,resnet18,layer4_last,2,95.0,512,26,0.7838,-0.3645,0.7960,0.0947,3.96,28.64,7.2344,100.00,NVIDIA A10,4875190
cifar10,10,resnet18,layer4_last,2,99.0,512,6,0.8658,-0.3201,1.0240,0.0742,0.72,8.50,11.8738,100.00,NVIDIA A10,4875190
cifar10,10,resnet18,layer4_last,3,50.0,512,256,0.1957,-0.7760,0.2669,0.1129,46.56,94.37,2.0268,37.11,NVIDIA A10,4875190
cifar10,10,resnet18,layer4_last,3,75.0,512,128,0.5978,-0.5861,0.4478,0.0960,19.79,79.16,3.9996,71.88,NVIDIA A10,4875190
cifar10,10,resnet18,layer4_last,3,90.0,512,52,0.7292,-0.4053,0.6800,0.0987,8.27,48.83,5.9085,98.08,NVIDIA A10,4875190
cifar10,10,resnet18,layer4_last,3,95.0,512,26,0.7973,-0.3483,0.8509,0.0911,3.82,30.55,8.0083,100.00,NVIDIA A10,4875190
cifar10,10,resnet18,layer4_last,3,99.0,512,6,0.8653,-0.3038,1.2749,0.0962,0.93,10.56,11.3552,100.00,NVIDIA A10,4875190
cifar10,10,resnet18,layer4_last,5,50.0,512,256,0.0300,-0.7915,0.2265,0.1169,47.23,94.01,1.9904,32.81,NVIDIA A10,4875190
cifar10,10,resnet18,layer4_last,5,75.0,512,128,0.5394,-0.6874,0.4049,0.0923,18.66,84.03,4.5029,65.62,NVIDIA A10,4875190
cifar10,10,resnet18,layer4_last,5,90.0,512,52,0.7133,-0.5044,0.6693,0.0991,8.14,56.43,6.9331,94.23,NVIDIA A10,4875190
cifar10,10,resnet18,layer4_last,5,95.0,512,26,0.7829,-0.4430,0.8899,0.1020,4.19,37.51,8.9631,100.00,NVIDIA A10,4875190
cifar10,10,resnet18,layer4_last,5,99.0,512,6,0.8579,-0.3954,1.4562,0.1077,1.02,14.17,13.8863,100.00,NVIDIA A10,4875190
cifar10,10,resnet18,layer4_last,8,50.0,512,256,-0.0700,-0.8315,0.2258,0.1245,50.33,95.39,1.8953,33.20,NVIDIA A10,4875190
cifar10,10,resnet18,layer4_last,8,75.0,512,128,0.5030,-0.7686,0.4204,0.0948,19.15,88.78,4.6368,66.41,NVIDIA A10,4875190
cifar10,10,resnet18,layer4_last,8,90.0,512,52,0.7859,-0.5905,0.6919,0.0747,6.13,59.37,9.6793,100.00,NVIDIA A10,4875190
cifar10,10,resnet18,layer4_last,8,95.0,512,26,0.8627,-0.5210,0.8675,0.0611,2.51,37.22,14.8413,100.00,NVIDIA A10,4875190
cifar10,10,resnet18,layer4_last,8,99.0,512,6,0.8999,-0.4667,1.2275,0.0630,0.60,12.15,20.3496,100.00,NVIDIA A10,4875190
cifar100,100,resnet18,layer4_last,20,50.0,512,256,-0.0679,-0.6272,0.3866,0.2796,50.90,86.07,1.6911,11.72,NVIDIA A10,4875190
cifar100,100,resnet18,layer4_last,20,75.0,512,128,0.1925,-0.5275,0.6322,0.2773,25.24,70.37,2.7886,23.44,NVIDIA A10,4875190
cifar100,100,resnet18,layer4_last,20,90.0,512,52,0.5279,-0.4465,1.1701,0.2737,10.12,52.91,5.2278,57.69,NVIDIA A10,4875190
cifar100,100,resnet18,layer4_last,20,95.0,512,26,0.6794,-0.4024,1.7081,0.2738,5.06,38.62,7.6292,100.00,NVIDIA A10,4875190
cifar100,100,resnet18,layer4_last,20,99.0,512,6,0.8384,-0.3616,3.1686,0.2630,1.12,16.53,14.7315,100.00,NVIDIA A10,4875190
cifar100,100,resnet18,layer4_last,3,50.0,512,256,0.1368,-0.3869,0.4823,0.2779,50.74,80.05,1.5775,13.67,NVIDIA A10,4875190
cifar100,100,resnet18,layer4_last,3,75.0,512,128,0.3548,-0.2850,0.7259,0.2741,25.02,60.24,2.4073,27.34,NVIDIA A10,4875190
cifar100,100,resnet18,layer4_last,3,90.0,512,52,0.5824,-0.2050,1.1663,0.2661,9.87,39.32,3.9841,67.31,NVIDIA A10,4875190
cifar100,100,resnet18,layer4_last,3,95.0,512,26,0.6914,-0.1687,1.5836,0.2662,4.94,26.69,5.4076,100.00,NVIDIA A10,4875190
cifar100,100,resnet18,layer4_last,3,99.0,512,6,0.7714,-0.1357,2.3838,0.2936,1.26,9.27,7.3797,100.00,NVIDIA A10,4875190
cifar100,100,resnet18,layer4_last,51,50.0,512,256,0.1319,-0.3605,0.4760,0.2769,50.63,78.67,1.5540,13.67,NVIDIA A10,4875190
cifar100,100,resnet18,layer4_last,51,75.0,512,128,0.3490,-0.2687,0.7134,0.2705,24.73,58.96,2.3842,27.34,NVIDIA A10,4875190
cifar100,100,resnet18,layer4_last,51,90.0,512,52,0.5835,-0.1932,1.1507,0.2566,9.53,38.63,4.0549,67.31,NVIDIA A10,4875190
cifar100,100,resnet18,layer4_last,51,95.0,512,26,0.6942,-0.1575,1.5619,0.2504,4.65,26.22,5.6391,100.00,NVIDIA A10,4875190
cifar100,100,resnet18,layer4_last,51,99.0,512,6,0.8008,-0.1251,2.7044,0.2641,1.13,10.48,9.2591,100.00,NVIDIA A10,4875190
cifar100,100,resnet18,layer4_last,69,50.0,512,256,0.0439,-0.4936,0.4438,0.2810,51.16,82.78,1.6181,12.11,NVIDIA A10,4875190
cifar100,100,resnet18,layer4_last,69,75.0,512,128,0.2851,-0.3949,0.7008,0.2816,25.64,65.36,2.5492,24.22,NVIDIA A10,4875190
cifar100,100,resnet18,layer4_last,69,90.0,512,52,0.5659,-0.3143,1.2171,0.2797,10.34,46.12,4.4586,59.62,NVIDIA A10,4875190
cifar100,100,resnet18,layer4_last,69,95.0,512,26,0.6954,-0.2741,1.6857,0.2725,5.04,31.94,6.3369,96.15,NVIDIA A10,4875190
cifar100,100,resnet18,layer4_last,69,99.0,512,6,0.8032,-0.2371,2.7566,0.2757,1.18,12.05,10.2434,100.00,NVIDIA A10,4875190
cifar100,100,resnet18,layer4_last,85,50.0,512,256,0.0725,-0.4654,0.4704,0.2766,50.50,82.48,1.6333,16.41,NVIDIA A10,4875190
cifar100,100,resnet18,layer4_last,85,75.0,512,128,0.3068,-0.3642,0.7418,0.2779,25.37,65.03,2.5638,32.81,NVIDIA A10,4875190
cifar100,100,resnet18,layer4_last,85,90.0,512,52,0.6141,-0.2881,1.3062,0.2595,9.62,46.52,4.8339,80.77,NVIDIA A10,4875190
cifar100,100,resnet18,layer4_last,85,95.0,512,26,0.7264,-0.2458,1.8010,0.2589,4.80,32.07,6.6802,100.00,NVIDIA A10,4875190
cifar100,100,resnet18,layer4_last,85,99.0,512,6,0.8222,-0.2085,2.8173,0.2543,1.09,11.58,10.6418,100.00,NVIDIA A10,4875190
cifar20,20,resnet18,layer4_last,10,50.0,512,256,0.0031,-0.6886,0.3169,0.2003,50.32,89.69,1.7825,15.23,NVIDIA A10,4875190
cifar20,20,resnet18,layer4_last,10,75.0,512,128,0.3579,-0.5763,0.5330,0.1910,23.99,75.43,3.1436,30.47,NVIDIA A10,4875190
cifar20,20,resnet18,layer4_last,10,90.0,512,52,0.6066,-0.4501,0.8866,0.1870,9.54,50.97,5.3432,73.08,NVIDIA A10,4875190
cifar20,20,resnet18,layer4_last,10,95.0,512,26,0.7023,-0.3987,1.1914,0.1869,4.77,34.25,7.1815,96.15,NVIDIA A10,4875190
cifar20,20,resnet18,layer4_last,10,99.0,512,6,0.8342,-0.3567,1.9689,0.1717,1.01,13.06,12.9187,100.00,NVIDIA A10,4875190
cifar20,20,resnet18,layer4_last,14,50.0,512,256,0.0024,-0.6579,0.3099,0.2001,50.33,88.53,1.7588,18.75,NVIDIA A10,4875190
cifar20,20,resnet18,layer4_last,14,75.0,512,128,0.3674,-0.5595,0.5201,0.1858,23.37,74.29,3.1790,37.50,NVIDIA A10,4875190
cifar20,20,resnet18,layer4_last,14,90.0,512,52,0.6317,-0.4362,0.8502,0.1772,9.05,49.34,5.4511,84.62,NVIDIA A10,4875190
cifar20,20,resnet18,layer4_last,14,95.0,512,26,0.7122,-0.3834,1.0674,0.1708,4.36,30.97,7.0995,100.00,NVIDIA A10,4875190
cifar20,20,resnet18,layer4_last,14,99.0,512,6,0.8068,-0.3412,1.5118,0.1608,0.95,10.12,10.6772,100.00,NVIDIA A10,4875190
cifar20,20,resnet18,layer4_last,19,50.0,512,256,0.1138,-0.6390,0.3678,0.1942,49.34,89.38,1.8115,25.39,NVIDIA A10,4875190
cifar20,20,resnet18,layer4_last,19,75.0,512,128,0.4804,-0.5103,0.6136,0.1845,23.44,74.56,3.1802,50.78,NVIDIA A10,4875190
cifar20,20,resnet18,layer4_last,19,90.0,512,52,0.6626,-0.3672,0.9043,0.1753,9.05,44.64,4.9330,96.15,NVIDIA A10,4875190
cifar20,20,resnet18,layer4_last,19,95.0,512,26,0.7109,-0.3147,1.0826,0.1753,4.52,26.72,5.9062,100.00,NVIDIA A10,4875190
cifar20,20,resnet18,layer4_last,19,99.0,512,6,0.8206,-0.2755,1.5305,0.1481,0.88,8.72,9.8849,100.00,NVIDIA A10,4875190
cifar20,20,resnet18,layer4_last,3,50.0,512,256,0.0838,-0.6464,0.3489,0.1935,48.85,88.91,1.8200,21.09,NVIDIA A10,4875190
cifar20,20,resnet18,layer4_last,3,75.0,512,128,0.4486,-0.5246,0.5825,0.1817,22.93,74.22,3.2360,42.19,NVIDIA A10,4875190
cifar20,20,resnet18,layer4_last,3,90.0,512,52,0.6538,-0.3870,0.8996,0.1740,8.92,46.57,5.2192,90.38,NVIDIA A10,4875190
cifar20,20,resnet18,layer4_last,3,95.0,512,26,0.7378,-0.3358,1.1385,0.1672,4.29,29.47,6.8722,100.00,NVIDIA A10,4875190
cifar20,20,resnet18,layer4_last,3,99.0,512,6,0.7727,-0.2938,1.5526,0.1997,1.18,9.27,7.8458,100.00,NVIDIA A10,4875190
cifar20,20,resnet18,layer4_last,4,50.0,512,256,0.0585,-0.6875,0.3294,0.1958,49.30,89.87,1.8228,17.58,NVIDIA A10,4875190
cifar20,20,resnet18,layer4_last,4,75.0,512,128,0.4175,-0.5585,0.5469,0.1856,23.36,74.61,3.1932,35.16,NVIDIA A10,4875190
cifar20,20,resnet18,layer4_last,4,90.0,512,52,0.6113,-0.4192,0.8398,0.1801,9.21,46.54,5.0513,76.92,NVIDIA A10,4875190
cifar20,20,resnet18,layer4_last,4,95.0,512,26,0.7124,-0.3694,1.0888,0.1692,4.33,30.17,6.9741,100.00,NVIDIA A10,4875190
cifar20,20,resnet18,layer4_last,4,99.0,512,6,0.8460,-0.3283,1.6908,0.1412,0.83,10.81,12.9773,100.00,NVIDIA A10,4875190
