dataset,arch,forget_class,method,config,seed,checksum_true_labels,checksum_constant_labels,bit_identical,n_params_differing,max_abs_diff,eval_device,git_commit
cifar10,resnet18,3,lfssd,a10.0_l1.0_b256,42,-5663.5779475414,-5663.5779475414,1,0,0.000000e+00,NVIDIA L4,4875190
cifar10,resnet18,3,ssd,a10.0_l1.0_b256,42,-5531.5302729374,42.4226372167,0,11037943,7.241629e-01,NVIDIA L4,4875190
cifar10,resnet18,3,unact,layer4_last_p99.0_g0.01_k20,42,-5641.9508853826,-5641.9508853826,1,0,0.000000e+00,NVIDIA L4,136ed1b
cifar100,resnet18,3,lfssd,a10.0_l1.0_b256,42,-7521.5356178021,-7521.5356178021,1,0,0.000000e+00,NVIDIA L4,4875190
cifar100,resnet18,3,ssd,a10.0_l1.0_b256,42,-7072.9212028373,-14.9913545032,0,10960421,9.702410e-01,NVIDIA L4,4875190
cifar100,resnet18,3,unact,layer4_last_p90.0_g0.3_k1,42,-7743.0142927927,-7743.0142927927,1,0,0.000000e+00,NVIDIA L4,136ed1b
cifar20,resnet18,3,lfssd,a10.0_l1.0_b256,42,-7737.7100578543,-7737.7100578543,1,0,0.000000e+00,NVIDIA L4,4875190
cifar20,resnet18,3,ssd,a10.0_l1.0_b256,42,-7735.4599337377,-39.5628758664,0,10931650,7.534888e-01,NVIDIA L4,4875190
cifar20,resnet18,3,unact,layer4_last_p99.0_g0.1_k20,42,-7625.5970042407,-7625.5970042407,1,0,0.000000e+00,NVIDIA L4,136ed1b
